person,path,event,filename,source,notes
Kaitlin Burns,Day 1/rachelzachday1-9.jpg,Day 1,rachelzachday1-9.jpg,embedded_metadata,
Kayla,Day 1/rachelzachday1-9.jpg,Day 1,rachelzachday1-9.jpg,embedded_metadata,
Kelsey Meyers,Day 1/rachelzachday1-9.jpg,Day 1,rachelzachday1-9.jpg,embedded_metadata,
Lauren Bond,Day 1/rachelzachday1-9.jpg,Day 1,rachelzachday1-9.jpg,embedded_metadata,
Maddie Slomovitz,Day 1/rachelzachday1-9.jpg,Day 1,rachelzachday1-9.jpg,embedded_metadata,
Rachel Casciano,Day 1/rachelzachday1-9.jpg,Day 1,rachelzachday1-9.jpg,embedded_metadata,
Sally,Day 1/rachelzachday1-9.jpg,Day 1,rachelzachday1-9.jpg,embedded_metadata,
Stephanie Soskin,Day 1/rachelzachday1-9.jpg,Day 1,rachelzachday1-9.jpg,embedded_metadata,
Tara,Day 1/rachelzachday1-9.jpg,Day 1,rachelzachday1-9.jpg,embedded_metadata,
Trelawny,Day 1/rachelzachday1-9.jpg,Day 1,rachelzachday1-9.jpg,embedded_metadata,
Kaitlin Burns,Day 1/rachelzachday1-10.jpg,Day 1,rachelzachday1-10.jpg,embedded_metadata,
Kelsey Meyers,Day 1/rachelzachday1-10.jpg,Day 1,rachelzachday1-10.jpg,embedded_metadata,
Rachel Casciano,Day 1/rachelzachday1-10.jpg,Day 1,rachelzachday1-10.jpg,embedded_metadata,
Stephanie Soskin,Day 1/rachelzachday1-10.jpg,Day 1,rachelzachday1-10.jpg,embedded_metadata,
Kaitlin Burns,Day 1/rachelzachday1-11.jpg,Day 1,rachelzachday1-11.jpg,embedded_metadata,
Kayla,Day 1/rachelzachday1-11.jpg,Day 1,rachelzachday1-11.jpg,embedded_metadata,
Kelsey Meyers,Day 1/rachelzachday1-11.jpg,Day 1,rachelzachday1-11.jpg,embedded_metadata,
Maddie Slomovitz,Day 1/rachelzachday1-11.jpg,Day 1,rachelzachday1-11.jpg,embedded_metadata,
Rachel Casciano,Day 1/rachelzachday1-11.jpg,Day 1,rachelzachday1-11.jpg,embedded_metadata,
Kayla,Day 1/rachelzachday1-12.jpg,Day 1,rachelzachday1-12.jpg,embedded_metadata,
Kelsey Meyers,Day 1/rachelzachday1-12.jpg,Day 1,rachelzachday1-12.jpg,embedded_metadata,
Maddie Slomovitz,Day 1/rachelzachday1-12.jpg,Day 1,rachelzachday1-12.jpg,embedded_metadata,
Rachel Casciano,Day 1/rachelzachday1-12.jpg,Day 1,rachelzachday1-12.jpg,embedded_metadata,
Adam Stillman,Day 1/rachelzachday1-13.jpg,Day 1,rachelzachday1-13.jpg,embedded_metadata,
Chad Slomovitz,Day 1/rachelzachday1-13.jpg,Day 1,rachelzachday1-13.jpg,embedded_metadata,
J Til,Day 1/rachelzachday1-13.jpg,Day 1,rachelzachday1-13.jpg,embedded_metadata,
Jake Lurie,Day 1/rachelzachday1-13.jpg,Day 1,rachelzachday1-13.jpg,embedded_metadata,
Jeffry Lurie,Day 1/rachelzachday1-13.jpg,Day 1,rachelzachday1-13.jpg,embedded_metadata,
Jorie,Day 1/rachelzachday1-13.jpg,Day 1,rachelzachday1-13.jpg,embedded_metadata,
Keagen,Day 1/rachelzachday1-13.jpg,Day 1,rachelzachday1-13.jpg,embedded_metadata,
Phil C,Day 1/rachelzachday1-13.jpg,Day 1,rachelzachday1-13.jpg,embedded_metadata,
Tim J,Day 1/rachelzachday1-13.jpg,Day 1,rachelzachday1-13.jpg,embedded_metadata,
Zach Soskin,Day 1/rachelzachday1-13.jpg,Day 1,rachelzachday1-13.jpg,embedded_metadata,
Adam Stillman,Day 1/rachelzachday1-14.jpg,Day 1,rachelzachday1-14.jpg,embedded_metadata,
Chad Slomovitz,Day 1/rachelzachday1-14.jpg,Day 1,rachelzachday1-14.jpg,embedded_metadata,
J Til,Day 1/rachelzachday1-14.jpg,Day 1,rachelzachday1-14.jpg,embedded_metadata,
Jake Lurie,Day 1/rachelzachday1-14.jpg,Day 1,rachelzachday1-14.jpg,embedded_metadata,
Jeffry Lurie,Day 1/rachelzachday1-14.jpg,Day 1,rachelzachday1-14.jpg,embedded_metadata,
Keagen,Day 1/rachelzachday1-14.jpg,Day 1,rachelzachday1-14.jpg,embedded_metadata,
Phil C,Day 1/rachelzachday1-14.jpg,Day 1,rachelzachday1-14.jpg,embedded_metadata,
Tim J,Day 1/rachelzachday1-14.jpg,Day 1,rachelzachday1-14.jpg,embedded_metadata,
Zach Soskin,Day 1/rachelzachday1-14.jpg,Day 1,rachelzachday1-14.jpg,embedded_metadata,
Parker,Day 1/rachelzachday1-15.jpg,Day 1,rachelzachday1-15.jpg,embedded_metadata,
Adam Stillman,Day 1/rachelzachday1-16.jpg,Day 1,rachelzachday1-16.jpg,embedded_metadata,
Chad Slomovitz,Day 1/rachelzachday1-16.jpg,Day 1,rachelzachday1-16.jpg,embedded_metadata,
Dan Casciano,Day 1/rachelzachday1-16.jpg,Day 1,rachelzachday1-16.jpg,embedded_metadata,
J Til,Day 1/rachelzachday1-16.jpg,Day 1,rachelzachday1-16.jpg,embedded_metadata,
Jake Lurie,Day 1/rachelzachday1-16.jpg,Day 1,rachelzachday1-16.jpg,embedded_metadata,
Jeffry Lurie,Day 1/rachelzachday1-16.jpg,Day 1,rachelzachday1-16.jpg,embedded_metadata,
Jorie,Day 1/rachelzachday1-16.jpg,Day 1,rachelzachday1-16.jpg,embedded_metadata,
Keagen,Day 1/rachelzachday1-16.jpg,Day 1,rachelzachday1-16.jpg,embedded_metadata,
Parker,Day 1/rachelzachday1-16.jpg,Day 1,rachelzachday1-16.jpg,embedded_metadata,
Phil C,Day 1/rachelzachday1-16.jpg,Day 1,rachelzachday1-16.jpg,embedded_metadata,
Riley,Day 1/rachelzachday1-16.jpg,Day 1,rachelzachday1-16.jpg,embedded_metadata,
Robbie,Day 1/rachelzachday1-16.jpg,Day 1,rachelzachday1-16.jpg,embedded_metadata,
Tim J,Day 1/rachelzachday1-16.jpg,Day 1,rachelzachday1-16.jpg,embedded_metadata,
Zach Soskin,Day 1/rachelzachday1-16.jpg,Day 1,rachelzachday1-16.jpg,embedded_metadata,
Adam Stillman,Day 1/rachelzachday1-17.jpg,Day 1,rachelzachday1-17.jpg,embedded_metadata,
Chad Slomovitz,Day 1/rachelzachday1-17.jpg,Day 1,rachelzachday1-17.jpg,embedded_metadata,
Dan Casciano,Day 1/rachelzachday1-17.jpg,Day 1,rachelzachday1-17.jpg,embedded_metadata,
J Til,Day 1/rachelzachday1-17.jpg,Day 1,rachelzachday1-17.jpg,embedded_metadata,
Jake Lurie,Day 1/rachelzachday1-17.jpg,Day 1,rachelzachday1-17.jpg,embedded_metadata,
Jeffry Lurie,Day 1/rachelzachday1-17.jpg,Day 1,rachelzachday1-17.jpg,embedded_metadata,
Jorie,Day 1/rachelzachday1-17.jpg,Day 1,rachelzachday1-17.jpg,embedded_metadata,
Keagen,Day 1/rachelzachday1-17.jpg,Day 1,rachelzachday1-17.jpg,embedded_metadata,
Parker,Day 1/rachelzachday1-17.jpg,Day 1,rachelzachday1-17.jpg,embedded_metadata,
Phil C,Day 1/rachelzachday1-17.jpg,Day 1,rachelzachday1-17.jpg,embedded_metadata,
Robbie,Day 1/rachelzachday1-17.jpg,Day 1,rachelzachday1-17.jpg,embedded_metadata,
Tim J,Day 1/rachelzachday1-17.jpg,Day 1,rachelzachday1-17.jpg,embedded_metadata,
Zach Soskin,Day 1/rachelzachday1-17.jpg,Day 1,rachelzachday1-17.jpg,embedded_metadata,
Chad Slomovitz,Day 1/rachelzachday1-18.jpg,Day 1,rachelzachday1-18.jpg,embedded_metadata,
Jorie,Day 1/rachelzachday1-18.jpg,Day 1,rachelzachday1-18.jpg,embedded_metadata,
Maddie Slomovitz,Day 1/rachelzachday1-18.jpg,Day 1,rachelzachday1-18.jpg,embedded_metadata,
Parker,Day 1/rachelzachday1-18.jpg,Day 1,rachelzachday1-18.jpg,embedded_metadata,
Patti,Day 1/rachelzachday1-18.jpg,Day 1,rachelzachday1-18.jpg,embedded_metadata,
Rachel Casciano,Day 1/rachelzachday1-18.jpg,Day 1,rachelzachday1-18.jpg,embedded_metadata,
Robbie,Day 1/rachelzachday1-18.jpg,Day 1,rachelzachday1-18.jpg,embedded_metadata,
Stephanie Soskin,Day 1/rachelzachday1-18.jpg,Day 1,rachelzachday1-18.jpg,embedded_metadata,
Zach Soskin,Day 1/rachelzachday1-18.jpg,Day 1,rachelzachday1-18.jpg,embedded_metadata,
Chad Slomovitz,Day 1/rachelzachday1-19.jpg,Day 1,rachelzachday1-19.jpg,embedded_metadata,
Jorie,Day 1/rachelzachday1-19.jpg,Day 1,rachelzachday1-19.jpg,embedded_metadata,
Maddie Slomovitz,Day 1/rachelzachday1-19.jpg,Day 1,rachelzachday1-19.jpg,embedded_metadata,
Parker,Day 1/rachelzachday1-19.jpg,Day 1,rachelzachday1-19.jpg,embedded_metadata,
Patti,Day 1/rachelzachday1-19.jpg,Day 1,rachelzachday1-19.jpg,embedded_metadata,
Rachel Casciano,Day 1/rachelzachday1-19.jpg,Day 1,rachelzachday1-19.jpg,embedded_metadata,
Riley,Day 1/rachelzachday1-19.jpg,Day 1,rachelzachday1-19.jpg,embedded_metadata,
Robbie,Day 1/rachelzachday1-19.jpg,Day 1,rachelzachday1-19.jpg,embedded_metadata,
Stephanie Soskin,Day 1/rachelzachday1-19.jpg,Day 1,rachelzachday1-19.jpg,embedded_metadata,
Zach Soskin,Day 1/rachelzachday1-19.jpg,Day 1,rachelzachday1-19.jpg,embedded_metadata,
Dan Casciano,Day 1/rachelzachday1-20.jpg,Day 1,rachelzachday1-20.jpg,embedded_metadata,
Melanie Casciano,Day 1/rachelzachday1-20.jpg,Day 1,rachelzachday1-20.jpg,embedded_metadata,
Patti,Day 1/rachelzachday1-20.jpg,Day 1,rachelzachday1-20.jpg,embedded_metadata,
Rachel Casciano,Day 1/rachelzachday1-20.jpg,Day 1,rachelzachday1-20.jpg,embedded_metadata,
Robbie,Day 1/rachelzachday1-20.jpg,Day 1,rachelzachday1-20.jpg,embedded_metadata,
Zach Soskin,Day 1/rachelzachday1-20.jpg,Day 1,rachelzachday1-20.jpg,embedded_metadata,
Dan Casciano,Day 1/rachelzachday1-21.jpg,Day 1,rachelzachday1-21.jpg,embedded_metadata,
Melanie Casciano,Day 1/rachelzachday1-21.jpg,Day 1,rachelzachday1-21.jpg,embedded_metadata,
Patti,Day 1/rachelzachday1-21.jpg,Day 1,rachelzachday1-21.jpg,embedded_metadata,
Rachel Casciano,Day 1/rachelzachday1-21.jpg,Day 1,rachelzachday1-21.jpg,embedded_metadata,
Robbie,Day 1/rachelzachday1-21.jpg,Day 1,rachelzachday1-21.jpg,embedded_metadata,
Zach Soskin,Day 1/rachelzachday1-21.jpg,Day 1,rachelzachday1-21.jpg,embedded_metadata,
Dan Casciano,Day 1/rachelzachday1-22.jpg,Day 1,rachelzachday1-22.jpg,embedded_metadata,
Melanie Casciano,Day 1/rachelzachday1-22.jpg,Day 1,rachelzachday1-22.jpg,embedded_metadata,
Rachel Casciano,Day 1/rachelzachday1-22.jpg,Day 1,rachelzachday1-22.jpg,embedded_metadata,
Zach Soskin,Day 1/rachelzachday1-22.jpg,Day 1,rachelzachday1-22.jpg,embedded_metadata,
Patti,Day 1/rachelzachday1-23.jpg,Day 1,rachelzachday1-23.jpg,embedded_metadata,
Rachel Casciano,Day 1/rachelzachday1-23.jpg,Day 1,rachelzachday1-23.jpg,embedded_metadata,
Robbie,Day 1/rachelzachday1-23.jpg,Day 1,rachelzachday1-23.jpg,embedded_metadata,
Zach Soskin,Day 1/rachelzachday1-23.jpg,Day 1,rachelzachday1-23.jpg,embedded_metadata,
Chad Slomovitz,Day 1/rachelzachday1-24.jpg,Day 1,rachelzachday1-24.jpg,embedded_metadata,
Jorie,Day 1/rachelzachday1-24.jpg,Day 1,rachelzachday1-24.jpg,embedded_metadata,
Maddie Slomovitz,Day 1/rachelzachday1-24.jpg,Day 1,rachelzachday1-24.jpg,embedded_metadata,
Rachel Casciano,Day 1/rachelzachday1-24.jpg,Day 1,rachelzachday1-24.jpg,embedded_metadata,
Stephanie Soskin,Day 1/rachelzachday1-24.jpg,Day 1,rachelzachday1-24.jpg,embedded_metadata,
Zach Soskin,Day 1/rachelzachday1-24.jpg,Day 1,rachelzachday1-24.jpg,embedded_metadata,
Zach Soskin,Day 1/rachelzachday1-25.jpg,Day 1,rachelzachday1-25.jpg,embedded_metadata,
Zach Soskin,Day 1/rachelzachday1-26.jpg,Day 1,rachelzachday1-26.jpg,embedded_metadata,
Zach Soskin,Day 1/rachelzachday1-27.jpg,Day 1,rachelzachday1-27.jpg,embedded_metadata,
Rachel Casciano,Day 1/rachelzachday1-28.jpg,Day 1,rachelzachday1-28.jpg,correction_or_metadata,bride and groom portrait
Zach Soskin,Day 1/rachelzachday1-28.jpg,Day 1,rachelzachday1-28.jpg,correction_or_metadata,bride and groom portrait
Zach Soskin,Day 1/rachelzachday1-29.jpg,Day 1,rachelzachday1-29.jpg,embedded_metadata,
Zach Soskin,Day 1/rachelzachday1-30.jpg,Day 1,rachelzachday1-30.jpg,embedded_metadata,
Rachel Casciano,Day 1/rachelzachday1-31.jpg,Day 1,rachelzachday1-31.jpg,correction_or_metadata,bride and groom portrait
Zach Soskin,Day 1/rachelzachday1-31.jpg,Day 1,rachelzachday1-31.jpg,correction_or_metadata,bride and groom portrait
Rachel Casciano,Day 1/rachelzachday1-32.jpg,Day 1,rachelzachday1-32.jpg,embedded_metadata,
Zach Soskin,Day 1/rachelzachday1-32.jpg,Day 1,rachelzachday1-32.jpg,embedded_metadata,
Rachel Casciano,Day 1/rachelzachday1-33.jpg,Day 1,rachelzachday1-33.jpg,embedded_metadata,
Rachel Casciano,Day 1/rachelzachday1-34.jpg,Day 1,rachelzachday1-34.jpg,embedded_metadata,
Zach Soskin,Day 1/rachelzachday1-34.jpg,Day 1,rachelzachday1-34.jpg,embedded_metadata,
Rachel Casciano,Day 1/rachelzachday1-35.jpg,Day 1,rachelzachday1-35.jpg,correction_or_metadata,bride and groom portrait
Zach Soskin,Day 1/rachelzachday1-35.jpg,Day 1,rachelzachday1-35.jpg,correction_or_metadata,bride and groom portrait
Zach Soskin,Day 1/rachelzachday1-36.jpg,Day 1,rachelzachday1-36.jpg,embedded_metadata,
Rachel Casciano,Day 1/rachelzachday1-37.jpg,Day 1,rachelzachday1-37.jpg,embedded_metadata,
Zach Soskin,Day 1/rachelzachday1-37.jpg,Day 1,rachelzachday1-37.jpg,embedded_metadata,
Rachel Casciano,Day 1/rachelzachday1-38.jpg,Day 1,rachelzachday1-38.jpg,embedded_metadata,
Zach Soskin,Day 1/rachelzachday1-38.jpg,Day 1,rachelzachday1-38.jpg,embedded_metadata,
Rachel Casciano,Day 1/rachelzachday1-39.jpg,Day 1,rachelzachday1-39.jpg,embedded_metadata,
Zach Soskin,Day 1/rachelzachday1-39.jpg,Day 1,rachelzachday1-39.jpg,embedded_metadata,
Rachel Casciano,Day 1/rachelzachday1-40.jpg,Day 1,rachelzachday1-40.jpg,embedded_metadata,
Zach Soskin,Day 1/rachelzachday1-40.jpg,Day 1,rachelzachday1-40.jpg,embedded_metadata,
Zach Soskin,Day 1/rachelzachday1-41.jpg,Day 1,rachelzachday1-41.jpg,embedded_metadata,
Rachel Casciano,Day 1/rachelzachday1-42.jpg,Day 1,rachelzachday1-42.jpg,embedded_metadata,
Zach Soskin,Day 1/rachelzachday1-42.jpg,Day 1,rachelzachday1-42.jpg,embedded_metadata,
Rachel Casciano,Day 1/rachelzachday1-43.jpg,Day 1,rachelzachday1-43.jpg,embedded_metadata,
Zach Soskin,Day 1/rachelzachday1-43.jpg,Day 1,rachelzachday1-43.jpg,embedded_metadata,
Zach Soskin,Day 1/rachelzachday1-45.jpg,Day 1,rachelzachday1-45.jpg,embedded_metadata,
Rachel Casciano,Day 1/rachelzachday1-46.jpg,Day 1,rachelzachday1-46.jpg,correction_or_metadata,bride and groom portrait
Zach Soskin,Day 1/rachelzachday1-46.jpg,Day 1,rachelzachday1-46.jpg,correction_or_metadata,bride and groom portrait
Rachel Casciano,Day 1/rachelzachday1-47.jpg,Day 1,rachelzachday1-47.jpg,correction_or_metadata,bride and groom from behind
Zach Soskin,Day 1/rachelzachday1-47.jpg,Day 1,rachelzachday1-47.jpg,correction_or_metadata,bride and groom from behind
Rachel Casciano,Day 1/rachelzachday1-48.jpg,Day 1,rachelzachday1-48.jpg,embedded_metadata,
Tyler,Day 1/rachelzachday1-48.jpg,Day 1,rachelzachday1-48.jpg,embedded_metadata,
Zach Soskin,Day 1/rachelzachday1-48.jpg,Day 1,rachelzachday1-48.jpg,embedded_metadata,
Adam Stillman,Day 1/rachelzachday1-49.jpg,Day 1,rachelzachday1-49.jpg,embedded_metadata,
Maddie Channess,Day 1/rachelzachday1-49.jpg,Day 1,rachelzachday1-49.jpg,embedded_metadata,
Maddie Slomovitz,Day 1/rachelzachday1-49.jpg,Day 1,rachelzachday1-49.jpg,embedded_metadata,
Ronald Harris,Day 1/rachelzachday1-50.jpg,Day 1,rachelzachday1-50.jpg,embedded_metadata,
Zach Soskin,Day 1/rachelzachday1-50.jpg,Day 1,rachelzachday1-50.jpg,embedded_metadata,
Jake Lurie,Day 1/rachelzachday1-51.jpg,Day 1,rachelzachday1-51.jpg,embedded_metadata,
Lauren Lurie,Day 1/rachelzachday1-51.jpg,Day 1,rachelzachday1-51.jpg,embedded_metadata,
Nancy Lurie,Day 1/rachelzachday1-51.jpg,Day 1,rachelzachday1-51.jpg,embedded_metadata,
Todd Lurie,Day 1/rachelzachday1-51.jpg,Day 1,rachelzachday1-51.jpg,embedded_metadata,
Jake Lurie,Day 1/rachelzachday1-52.jpg,Day 1,rachelzachday1-52.jpg,embedded_metadata,
Jeffry Lurie,Day 1/rachelzachday1-52.jpg,Day 1,rachelzachday1-52.jpg,embedded_metadata,
Lauren Lurie,Day 1/rachelzachday1-52.jpg,Day 1,rachelzachday1-52.jpg,embedded_metadata,
Maddie Channess,Day 1/rachelzachday1-52.jpg,Day 1,rachelzachday1-52.jpg,embedded_metadata,
Nancy Lurie,Day 1/rachelzachday1-52.jpg,Day 1,rachelzachday1-52.jpg,embedded_metadata,
Todd Lurie,Day 1/rachelzachday1-52.jpg,Day 1,rachelzachday1-52.jpg,embedded_metadata,
Ivan Licon,Day 1/rachelzachday1-54.jpg,Day 1,rachelzachday1-54.jpg,embedded_metadata,
J Til,Day 1/rachelzachday1-54.jpg,Day 1,rachelzachday1-54.jpg,embedded_metadata,
Tara,Day 1/rachelzachday1-55.jpg,Day 1,rachelzachday1-55.jpg,embedded_metadata,
Ronald Harris,Day 1/rachelzachday1-60.jpg,Day 1,rachelzachday1-60.jpg,embedded_metadata,
Bob P,Day 1/rachelzachday1-61.jpg,Day 1,rachelzachday1-61.jpg,correction_or_metadata,manual visual match against Bob P reference crops
Rachel Casciano,Day 1/rachelzachday1-62.jpg,Day 1,rachelzachday1-62.jpg,embedded_metadata,
Rachel Casciano,Day 1/rachelzachday1-64.jpg,Day 1,rachelzachday1-64.jpg,embedded_metadata,
JUELS,Day 1/rachelzachday1-66.jpg,Day 1,rachelzachday1-66.jpg,embedded_metadata,
Parker,Day 1/rachelzachday1-67.jpg,Day 1,rachelzachday1-67.jpg,embedded_metadata,
Cogan,Day 1/rachelzachday1-68.jpg,Day 1,rachelzachday1-68.jpg,embedded_metadata,
Cogan,Day 1/rachelzachday1-69.jpg,Day 1,rachelzachday1-69.jpg,embedded_metadata,
Aly Gilboa,Day 1/rachelzachday1-70.jpg,Day 1,rachelzachday1-70.jpg,embedded_metadata,
Bryant,Day 1/rachelzachday1-72.jpg,Day 1,rachelzachday1-72.jpg,embedded_metadata,
ASHLEY,Day 1/rachelzachday1-73.jpg,Day 1,rachelzachday1-73.jpg,embedded_metadata,
Alyssa Scott,Day 1/rachelzachday1-74.jpg,Day 1,rachelzachday1-74.jpg,embedded_metadata,
Frankie B,Day 1/rachelzachday1-75.jpg,Day 1,rachelzachday1-75.jpg,embedded_metadata,
Jorie,Day 1/rachelzachday1-76.jpg,Day 1,rachelzachday1-76.jpg,embedded_metadata,
Lauren Lurie,Day 1/rachelzachday1-77.jpg,Day 1,rachelzachday1-77.jpg,embedded_metadata,
Adi,Day 1/rachelzachday1-79.jpg,Day 1,rachelzachday1-79.jpg,embedded_metadata,
Jake Lurie,Day 1/rachelzachday1-79.jpg,Day 1,rachelzachday1-79.jpg,embedded_metadata,
Jeffry Lurie,Day 1/rachelzachday1-79.jpg,Day 1,rachelzachday1-79.jpg,embedded_metadata,
Lauren Lurie,Day 1/rachelzachday1-79.jpg,Day 1,rachelzachday1-79.jpg,embedded_metadata,
Maddie Channess,Day 1/rachelzachday1-79.jpg,Day 1,rachelzachday1-79.jpg,embedded_metadata,
Morgan,Day 1/rachelzachday1-79.jpg,Day 1,rachelzachday1-79.jpg,embedded_metadata,
Adam Brown,Day 1/rachelzachday1-83.jpg,Day 1,rachelzachday1-83.jpg,embedded_metadata,
Rush,Day 1/rachelzachday1-84.jpg,Day 1,rachelzachday1-84.jpg,embedded_metadata,
Allan C,Day 1/rachelzachday1-87.jpg,Day 1,rachelzachday1-87.jpg,embedded_metadata,
SANDRA,Day 1/rachelzachday1-87.jpg,Day 1,rachelzachday1-87.jpg,embedded_metadata,
J Til,Day 1/rachelzachday1-88.jpg,Day 1,rachelzachday1-88.jpg,embedded_metadata,
Sean Morse,Day 1/rachelzachday1-88.jpg,Day 1,rachelzachday1-88.jpg,embedded_metadata,
Spencer Soltman,Day 1/rachelzachday1-88.jpg,Day 1,rachelzachday1-88.jpg,embedded_metadata,
Steve M,Day 1/rachelzachday1-88.jpg,Day 1,rachelzachday1-88.jpg,embedded_metadata,
David Post,Day 1/rachelzachday1-89.jpg,Day 1,rachelzachday1-89.jpg,embedded_metadata,
Sally,Day 1/rachelzachday1-90.jpg,Day 1,rachelzachday1-90.jpg,embedded_metadata,
Parker,Day 1/rachelzachday1-93.jpg,Day 1,rachelzachday1-93.jpg,embedded_metadata,
Adam Brown,Day 1/rachelzachday1-95.jpg,Day 1,rachelzachday1-95.jpg,embedded_metadata,
Janice,Day 1/rachelzachday1-96.jpg,Day 1,rachelzachday1-96.jpg,correction_or_metadata,manual visual match against Janice reference crops
Robbie,Day 1/rachelzachday1-101.jpg,Day 1,rachelzachday1-101.jpg,embedded_metadata,
Bob P,Day 1/rachelzachday1-102.jpg,Day 1,rachelzachday1-102.jpg,embedded_metadata,
David Benrud,Day 1/rachelzachday1-102.jpg,Day 1,rachelzachday1-102.jpg,embedded_metadata,
Adi,Day 1/rachelzachday1-104.jpg,Day 1,rachelzachday1-104.jpg,embedded_metadata,
Jake Lurie,Day 1/rachelzachday1-104.jpg,Day 1,rachelzachday1-104.jpg,embedded_metadata,
Lauren Lurie,Day 1/rachelzachday1-106.jpg,Day 1,rachelzachday1-106.jpg,embedded_metadata,
Nancy Lurie,Day 1/rachelzachday1-107.jpg,Day 1,rachelzachday1-107.jpg,embedded_metadata,
Patti,Day 1/rachelzachday1-107.jpg,Day 1,rachelzachday1-107.jpg,embedded_metadata,
Beth,Day 1/rachelzachday1-108.jpg,Day 1,rachelzachday1-108.jpg,embedded_metadata,
Nancy Lurie,Day 1/rachelzachday1-108.jpg,Day 1,rachelzachday1-108.jpg,embedded_metadata,
Alex Muecke,Day 1/rachelzachday1-109.jpg,Day 1,rachelzachday1-109.jpg,embedded_metadata,
J Til,Day 1/rachelzachday1-109.jpg,Day 1,rachelzachday1-109.jpg,embedded_metadata,
Zach Soskin,Day 1/rachelzachday1-109.jpg,Day 1,rachelzachday1-109.jpg,embedded_metadata,
Daniel Shin,Day 1/rachelzachday1-110.jpg,Day 1,rachelzachday1-110.jpg,embedded_metadata,
J Til,Day 1/rachelzachday1-110.jpg,Day 1,rachelzachday1-110.jpg,embedded_metadata,
Zach Soskin,Day 1/rachelzachday1-111.jpg,Day 1,rachelzachday1-111.jpg,embedded_metadata,
Jorie,Day 1/rachelzachday1-112.jpg,Day 1,rachelzachday1-112.jpg,embedded_metadata,
Patti,Day 1/rachelzachday1-112.jpg,Day 1,rachelzachday1-112.jpg,embedded_metadata,
Stephanie Soskin,Day 1/rachelzachday1-112.jpg,Day 1,rachelzachday1-112.jpg,embedded_metadata,
Zach Soskin,Day 1/rachelzachday1-112.jpg,Day 1,rachelzachday1-112.jpg,embedded_metadata,
Frankie B,Day 1/rachelzachday1-114.jpg,Day 1,rachelzachday1-114.jpg,embedded_metadata,
Dave Gilboa,Day 1/rachelzachday1-115.jpg,Day 1,rachelzachday1-115.jpg,embedded_metadata,
David Benrud,Day 1/rachelzachday1-117.jpg,Day 1,rachelzachday1-117.jpg,embedded_metadata,
Bob P,Day 1/rachelzachday1-118.jpg,Day 1,rachelzachday1-118.jpg,embedded_metadata,
Keagen,Day 1/rachelzachday1-121.jpg,Day 1,rachelzachday1-121.jpg,embedded_metadata,
Debi,Day 1/rachelzachday1-122.jpg,Day 1,rachelzachday1-122.jpg,embedded_metadata,
Nancy Lurie,Day 1/rachelzachday1-122.jpg,Day 1,rachelzachday1-122.jpg,embedded_metadata,
Elizabeth Licon,Day 1/rachelzachday1-123.jpg,Day 1,rachelzachday1-123.jpg,embedded_metadata,
Leah M,Day 1/rachelzachday1-125.jpg,Day 1,rachelzachday1-125.jpg,embedded_metadata,
Taylor Noyer,Day 1/rachelzachday1-125.jpg,Day 1,rachelzachday1-125.jpg,embedded_metadata,
Leah M,Day 1/rachelzachday1-126.jpg,Day 1,rachelzachday1-126.jpg,embedded_metadata,
Taylor Noyer,Day 1/rachelzachday1-126.jpg,Day 1,rachelzachday1-126.jpg,embedded_metadata,
Robbie,Day 1/rachelzachday1-129.jpg,Day 1,rachelzachday1-129.jpg,embedded_metadata,
Chris N,Day 1/rachelzachday1-130.jpg,Day 1,rachelzachday1-130.jpg,embedded_metadata,
Rush,Day 1/rachelzachday1-133.jpg,Day 1,rachelzachday1-133.jpg,embedded_metadata,
Bob P,Day 1/rachelzachday1-134.jpg,Day 1,rachelzachday1-134.jpg,correction_or_metadata,manual visual match against Bob P reference crops
Cogan,Day 1/rachelzachday1-135.jpg,Day 1,rachelzachday1-135.jpg,embedded_metadata,
J Til,Day 1/rachelzachday1-135.jpg,Day 1,rachelzachday1-135.jpg,embedded_metadata,
Cogan,Day 1/rachelzachday1-136.jpg,Day 1,rachelzachday1-136.jpg,embedded_metadata,
J Til,Day 1/rachelzachday1-136.jpg,Day 1,rachelzachday1-136.jpg,embedded_metadata,
David Post,Day 1/rachelzachday1-137.jpg,Day 1,rachelzachday1-137.jpg,embedded_metadata,
Melanie Casciano,Day 1/rachelzachday1-137.jpg,Day 1,rachelzachday1-137.jpg,embedded_metadata,
Rachel Casciano,Day 1/rachelzachday1-137.jpg,Day 1,rachelzachday1-137.jpg,embedded_metadata,
Rachel Casciano,Day 1/rachelzachday1-138.jpg,Day 1,rachelzachday1-138.jpg,embedded_metadata,
Rachel Casciano,Day 1/rachelzachday1-140.jpg,Day 1,rachelzachday1-140.jpg,embedded_metadata,
Rachel Casciano,Day 1/rachelzachday1-141.jpg,Day 1,rachelzachday1-141.jpg,embedded_metadata,
Rachel Casciano,Day 1/rachelzachday1-142.jpg,Day 1,rachelzachday1-142.jpg,embedded_metadata,
Sean Morse,Day 1/rachelzachday1-143.jpg,Day 1,rachelzachday1-143.jpg,embedded_metadata,
Rachel Casciano,Day 1/rachelzachday1-144.jpg,Day 1,rachelzachday1-144.jpg,embedded_metadata,
Rachel Casciano,Day 1/rachelzachday1-145.jpg,Day 1,rachelzachday1-145.jpg,embedded_metadata,
Robbie,Day 1/rachelzachday1-145.jpg,Day 1,rachelzachday1-145.jpg,embedded_metadata,
Melanie Casciano,Day 1/rachelzachday1-147.jpg,Day 1,rachelzachday1-147.jpg,embedded_metadata,
Rachel Casciano,Day 1/rachelzachday1-147.jpg,Day 1,rachelzachday1-147.jpg,embedded_metadata,
Jacquie,Day 1/rachelzachday1-148.jpg,Day 1,rachelzachday1-148.jpg,embedded_metadata,
Maura,Day 1/rachelzachday1-150.jpg,Day 1,rachelzachday1-150.jpg,embedded_metadata,
Pat Burton,Day 1/rachelzachday1-152.jpg,Day 1,rachelzachday1-152.jpg,embedded_metadata,
Robbie,Day 1/rachelzachday1-152.jpg,Day 1,rachelzachday1-152.jpg,embedded_metadata,
Scotty P,Day 1/rachelzachday1-152.jpg,Day 1,rachelzachday1-152.jpg,embedded_metadata,
Joan Soskin,Day 1/rachelzachday1-153.jpg,Day 1,rachelzachday1-153.jpg,embedded_metadata,
Ronald Harris,Day 1/rachelzachday1-157.jpg,Day 1,rachelzachday1-157.jpg,embedded_metadata,
Aly Gilboa,Day 1/rachelzachday1-158.jpg,Day 1,rachelzachday1-158.jpg,embedded_metadata,
Charlie Weisman,Day 1/rachelzachday1-158.jpg,Day 1,rachelzachday1-158.jpg,embedded_metadata,
Nick Pugs,Day 1/rachelzachday1-159.jpg,Day 1,rachelzachday1-159.jpg,embedded_metadata,
Trelawny,Day 1/rachelzachday1-159.jpg,Day 1,rachelzachday1-159.jpg,embedded_metadata,
Sean Morse,Day 1/rachelzachday1-160.jpg,Day 1,rachelzachday1-160.jpg,embedded_metadata,
Sean Morse,Day 1/rachelzachday1-161.jpg,Day 1,rachelzachday1-161.jpg,embedded_metadata,
Carter,Day 1/rachelzachday1-162.jpg,Day 1,rachelzachday1-162.jpg,embedded_metadata,
Carter,Day 1/rachelzachday1-163.jpg,Day 1,rachelzachday1-163.jpg,embedded_metadata,
Marty,Day 1/rachelzachday1-165.jpg,Day 1,rachelzachday1-165.jpg,embedded_metadata,
SANDRA,Day 1/rachelzachday1-166.jpg,Day 1,rachelzachday1-166.jpg,embedded_metadata,
JUELS,Day 1/rachelzachday1-167.jpg,Day 1,rachelzachday1-167.jpg,embedded_metadata,
Kaitlin Burns,Day 1/rachelzachday1-167.jpg,Day 1,rachelzachday1-167.jpg,embedded_metadata,
Kayla,Day 1/rachelzachday1-167.jpg,Day 1,rachelzachday1-167.jpg,embedded_metadata,
Jake Lurie,Day 1/rachelzachday1-168.jpg,Day 1,rachelzachday1-168.jpg,embedded_metadata,
Todd Lurie,Day 1/rachelzachday1-168.jpg,Day 1,rachelzachday1-168.jpg,embedded_metadata,
Taylor Noyer,Day 1/rachelzachday1-169.jpg,Day 1,rachelzachday1-169.jpg,embedded_metadata,
David Burton,Day 1/rachelzachday1-171.jpg,Day 1,rachelzachday1-171.jpg,embedded_metadata,
Stephanie Soskin,Day 1/rachelzachday1-172.jpg,Day 1,rachelzachday1-172.jpg,embedded_metadata,
Meg,Day 1/rachelzachday1-174.jpg,Day 1,rachelzachday1-174.jpg,embedded_metadata,
Meg,Day 1/rachelzachday1-175.jpg,Day 1,rachelzachday1-175.jpg,embedded_metadata,
Kelsey Meyers,Day 1/rachelzachday1-176.jpg,Day 1,rachelzachday1-176.jpg,embedded_metadata,
Meg,Day 1/rachelzachday1-176.jpg,Day 1,rachelzachday1-176.jpg,embedded_metadata,
Lindsey Miller,Day 1/rachelzachday1-177.jpg,Day 1,rachelzachday1-177.jpg,embedded_metadata,
Siri,Day 1/rachelzachday1-177.jpg,Day 1,rachelzachday1-177.jpg,embedded_metadata,
Alex Muecke,Day 1/rachelzachday1-178.jpg,Day 1,rachelzachday1-178.jpg,embedded_metadata,
Melanie Casciano,Day 1/rachelzachday1-179.jpg,Day 1,rachelzachday1-179.jpg,embedded_metadata,
Robbie,Day 1/rachelzachday1-179.jpg,Day 1,rachelzachday1-179.jpg,embedded_metadata,
Marty,Day 1/rachelzachday1-180.jpg,Day 1,rachelzachday1-180.jpg,embedded_metadata,
David Post,Day 1/rachelzachday1-181.jpg,Day 1,rachelzachday1-181.jpg,embedded_metadata,
Dee Burton,Day 1/rachelzachday1-181.jpg,Day 1,rachelzachday1-181.jpg,embedded_metadata,
Patti,Day 1/rachelzachday1-182.jpg,Day 1,rachelzachday1-182.jpg,embedded_metadata,
Zach Soskin,Day 1/rachelzachday1-182.jpg,Day 1,rachelzachday1-182.jpg,embedded_metadata,
Elizabeth Licon,Day 1/rachelzachday1-183.jpg,Day 1,rachelzachday1-183.jpg,embedded_metadata,
Rachel Casciano,Day 1/rachelzachday1-183.jpg,Day 1,rachelzachday1-183.jpg,embedded_metadata,
Zach Soskin,Day 1/rachelzachday1-183.jpg,Day 1,rachelzachday1-183.jpg,embedded_metadata,
Debi,Day 1/rachelzachday1-184.jpg,Day 1,rachelzachday1-184.jpg,embedded_metadata,
Dee Burton,Day 1/rachelzachday1-184.jpg,Day 1,rachelzachday1-184.jpg,embedded_metadata,
Erik,Day 1/rachelzachday1-185.jpg,Day 1,rachelzachday1-185.jpg,embedded_metadata,
Maddie Channess,Day 1/rachelzachday1-185.jpg,Day 1,rachelzachday1-185.jpg,embedded_metadata,
Sam Ankin,Day 1/rachelzachday1-185.jpg,Day 1,rachelzachday1-185.jpg,embedded_metadata,
Alex Muecke,Day 1/rachelzachday1-186.jpg,Day 1,rachelzachday1-186.jpg,embedded_metadata,
Meg,Day 1/rachelzachday1-186.jpg,Day 1,rachelzachday1-186.jpg,embedded_metadata,
Rachel Casciano,Day 1/rachelzachday1-186.jpg,Day 1,rachelzachday1-186.jpg,embedded_metadata,
Alex Muecke,Day 1/rachelzachday1-187.jpg,Day 1,rachelzachday1-187.jpg,embedded_metadata,
Meg,Day 1/rachelzachday1-187.jpg,Day 1,rachelzachday1-187.jpg,embedded_metadata,
Matt,Day 1/rachelzachday1-188.jpg,Day 1,rachelzachday1-188.jpg,embedded_metadata,
Bryant,Day 1/rachelzachday1-189.jpg,Day 1,rachelzachday1-189.jpg,embedded_metadata,
Steve M,Day 1/rachelzachday1-189.jpg,Day 1,rachelzachday1-189.jpg,embedded_metadata,
Steve M,Day 1/rachelzachday1-190.jpg,Day 1,rachelzachday1-190.jpg,embedded_metadata,
Spencer Soltman,Day 1/rachelzachday1-191.jpg,Day 1,rachelzachday1-191.jpg,embedded_metadata,
Phil Quist,Day 1/rachelzachday1-194.jpg,Day 1,rachelzachday1-194.jpg,embedded_metadata,
Siri,Day 1/rachelzachday1-195.jpg,Day 1,rachelzachday1-195.jpg,embedded_metadata,
Kelsey Meyers,Day 1/rachelzachday1-197.jpg,Day 1,rachelzachday1-197.jpg,embedded_metadata,
Adi,Day 1/rachelzachday1-198.jpg,Day 1,rachelzachday1-198.jpg,embedded_metadata,
Erin,Day 1/rachelzachday1-198.jpg,Day 1,rachelzachday1-198.jpg,embedded_metadata,
Morgan,Day 1/rachelzachday1-198.jpg,Day 1,rachelzachday1-198.jpg,embedded_metadata,
Taylor Becker,Day 1/rachelzachday1-198.jpg,Day 1,rachelzachday1-198.jpg,embedded_metadata,
Riley,Day 1/rachelzachday1-201.jpg,Day 1,rachelzachday1-201.jpg,embedded_metadata,
Rachel Casciano,Day 1/rachelzachday1-202.jpg,Day 1,rachelzachday1-202.jpg,embedded_metadata,
Tara,Day 1/rachelzachday1-202.jpg,Day 1,rachelzachday1-202.jpg,embedded_metadata,
Tara,Day 1/rachelzachday1-203.jpg,Day 1,rachelzachday1-203.jpg,embedded_metadata,
Adam Brown,Day 1/rachelzachday1-204.jpg,Day 1,rachelzachday1-204.jpg,embedded_metadata,
Gisel,Day 1/rachelzachday1-207.jpg,Day 1,rachelzachday1-207.jpg,embedded_metadata,
Rachel Casciano,Day 1/rachelzachday1-208.jpg,Day 1,rachelzachday1-208.jpg,embedded_metadata,
Tyler,Day 1/rachelzachday1-208.jpg,Day 1,rachelzachday1-208.jpg,embedded_metadata,
Zach Soskin,Day 1/rachelzachday1-208.jpg,Day 1,rachelzachday1-208.jpg,embedded_metadata,
Rachel Casciano,Day 1/rachelzachday1-209.jpg,Day 1,rachelzachday1-209.jpg,embedded_metadata,
Zach Soskin,Day 1/rachelzachday1-209.jpg,Day 1,rachelzachday1-209.jpg,embedded_metadata,
Rachel Casciano,Day 1/rachelzachday1-210.jpg,Day 1,rachelzachday1-210.jpg,embedded_metadata,
Rachel Casciano,Day 1/rachelzachday1-211.jpg,Day 1,rachelzachday1-211.jpg,correction_or_metadata,bride and groom by pool
Zach Soskin,Day 1/rachelzachday1-211.jpg,Day 1,rachelzachday1-211.jpg,correction_or_metadata,bride and groom by pool
Rachel Casciano,Day 1/rachelzachday1-212.jpg,Day 1,rachelzachday1-212.jpg,embedded_metadata,
Zach Soskin,Day 1/rachelzachday1-212.jpg,Day 1,rachelzachday1-212.jpg,embedded_metadata,
Rachel Casciano,Day 1/rachelzachday1-213.jpg,Day 1,rachelzachday1-213.jpg,embedded_metadata,
Zach Soskin,Day 1/rachelzachday1-213.jpg,Day 1,rachelzachday1-213.jpg,embedded_metadata,
Zach Soskin,Day 1/rachelzachday1-214.jpg,Day 1,rachelzachday1-214.jpg,embedded_metadata,
Zach Soskin,Day 1/rachelzachday1-215.jpg,Day 1,rachelzachday1-215.jpg,embedded_metadata,
Gisel,Day 1/rachelzachday1-217.jpg,Day 1,rachelzachday1-217.jpg,embedded_metadata,
J Til,Day 1/rachelzachday1-217.jpg,Day 1,rachelzachday1-217.jpg,embedded_metadata,
Kelsey Meyers,Day 1/rachelzachday1-218.jpg,Day 1,rachelzachday1-218.jpg,embedded_metadata,
Marty,Day 1/rachelzachday1-219.jpg,Day 1,rachelzachday1-219.jpg,embedded_metadata,
Chris,Day 1/rachelzachday1-220.jpg,Day 1,rachelzachday1-220.jpg,embedded_metadata,
Maura,Day 1/rachelzachday1-220.jpg,Day 1,rachelzachday1-220.jpg,embedded_metadata,
Abe Burton,Day 1/rachelzachday1-221.jpg,Day 1,rachelzachday1-221.jpg,embedded_metadata,
Adi,Day 1/rachelzachday1-222.jpg,Day 1,rachelzachday1-222.jpg,embedded_metadata,
Erin,Day 1/rachelzachday1-222.jpg,Day 1,rachelzachday1-222.jpg,embedded_metadata,
Harris,Day 1/rachelzachday1-222.jpg,Day 1,rachelzachday1-222.jpg,embedded_metadata,
Phil Becker,Day 1/rachelzachday1-222.jpg,Day 1,rachelzachday1-222.jpg,embedded_metadata,
Trelawny,Day 1/rachelzachday1-224.jpg,Day 1,rachelzachday1-224.jpg,embedded_metadata,
Rachel Casciano,Day 1/rachelzachday1-225.jpg,Day 1,rachelzachday1-225.jpg,embedded_metadata,
Trelawny,Day 1/rachelzachday1-226.jpg,Day 1,rachelzachday1-226.jpg,embedded_metadata,
Rachel Casciano,Day 1/rachelzachday1-227.jpg,Day 1,rachelzachday1-227.jpg,embedded_metadata,
Zach Soskin,Day 1/rachelzachday1-227.jpg,Day 1,rachelzachday1-227.jpg,embedded_metadata,
Rachel Casciano,Day 1/rachelzachday1-228.jpg,Day 1,rachelzachday1-228.jpg,embedded_metadata,
Zach Soskin,Day 1/rachelzachday1-228.jpg,Day 1,rachelzachday1-228.jpg,embedded_metadata,
Trelawny,Day 1/rachelzachday1-229.jpg,Day 1,rachelzachday1-229.jpg,embedded_metadata,
Maura,Day 1/rachelzachday1-230.jpg,Day 1,rachelzachday1-230.jpg,embedded_metadata,
Stephanie Soskin,Day 1/rachelzachday1-230.jpg,Day 1,rachelzachday1-230.jpg,embedded_metadata,
ASHLEY,Day 1/rachelzachday1-231.jpg,Day 1,rachelzachday1-231.jpg,embedded_metadata,
Bryant,Day 1/rachelzachday1-231.jpg,Day 1,rachelzachday1-231.jpg,embedded_metadata,
Cogan,Day 1/rachelzachday1-231.jpg,Day 1,rachelzachday1-231.jpg,embedded_metadata,
Kayla,Day 1/rachelzachday1-231.jpg,Day 1,rachelzachday1-231.jpg,embedded_metadata,
Lindsey Miller,Day 1/rachelzachday1-231.jpg,Day 1,rachelzachday1-231.jpg,embedded_metadata,
Meg,Day 1/rachelzachday1-231.jpg,Day 1,rachelzachday1-231.jpg,embedded_metadata,
Nate O,Day 1/rachelzachday1-231.jpg,Day 1,rachelzachday1-231.jpg,embedded_metadata,
Nick Pugs,Day 1/rachelzachday1-231.jpg,Day 1,rachelzachday1-231.jpg,embedded_metadata,
Spencer Soltman,Day 1/rachelzachday1-231.jpg,Day 1,rachelzachday1-231.jpg,embedded_metadata,
Trelawny,Day 1/rachelzachday1-232.jpg,Day 1,rachelzachday1-232.jpg,embedded_metadata,
Parker,Day 1/rachelzachday1-233.jpg,Day 1,rachelzachday1-233.jpg,embedded_metadata,
Rachel Casciano,Day 1/rachelzachday1-233.jpg,Day 1,rachelzachday1-233.jpg,embedded_metadata,
Robbie,Day 1/rachelzachday1-233.jpg,Day 1,rachelzachday1-233.jpg,embedded_metadata,
Zach Soskin,Day 1/rachelzachday1-233.jpg,Day 1,rachelzachday1-233.jpg,embedded_metadata,
Rachel Casciano,Day 1/rachelzachday1-234.jpg,Day 1,rachelzachday1-234.jpg,embedded_metadata,
Riley,Day 1/rachelzachday1-234.jpg,Day 1,rachelzachday1-234.jpg,embedded_metadata,
Robbie,Day 1/rachelzachday1-234.jpg,Day 1,rachelzachday1-234.jpg,embedded_metadata,
Tim J,Day 1/rachelzachday1-234.jpg,Day 1,rachelzachday1-234.jpg,embedded_metadata,
Zach Soskin,Day 1/rachelzachday1-234.jpg,Day 1,rachelzachday1-234.jpg,embedded_metadata,
Rachel Casciano,Day 1/rachelzachday1-235.jpg,Day 1,rachelzachday1-235.jpg,embedded_metadata,
Robbie,Day 1/rachelzachday1-235.jpg,Day 1,rachelzachday1-235.jpg,embedded_metadata,
Zach Soskin,Day 1/rachelzachday1-235.jpg,Day 1,rachelzachday1-235.jpg,embedded_metadata,
J Mohr,Day 1/rachelzachday1-236.jpg,Day 1,rachelzachday1-236.jpg,embedded_metadata,
Rachel Casciano,Day 1/rachelzachday1-236.jpg,Day 1,rachelzachday1-236.jpg,embedded_metadata,
Robbie,Day 1/rachelzachday1-236.jpg,Day 1,rachelzachday1-236.jpg,embedded_metadata,
Zach Soskin,Day 1/rachelzachday1-236.jpg,Day 1,rachelzachday1-236.jpg,embedded_metadata,
Trelawny,Day 1/rachelzachday1-237.jpg,Day 1,rachelzachday1-237.jpg,embedded_metadata,
Patti,Day 1/rachelzachday1-238.jpg,Day 1,rachelzachday1-238.jpg,embedded_metadata,
Rachel Casciano,Day 1/rachelzachday1-238.jpg,Day 1,rachelzachday1-238.jpg,embedded_metadata,
Zach Soskin,Day 1/rachelzachday1-238.jpg,Day 1,rachelzachday1-238.jpg,embedded_metadata,
Maddie Slomovitz,Day 1/rachelzachday1-239.jpg,Day 1,rachelzachday1-239.jpg,embedded_metadata,
Mohr,Day 1/rachelzachday1-239.jpg,Day 1,rachelzachday1-239.jpg,embedded_metadata,
Rachel Casciano,Day 1/rachelzachday1-239.jpg,Day 1,rachelzachday1-239.jpg,embedded_metadata,
Zach Soskin,Day 1/rachelzachday1-239.jpg,Day 1,rachelzachday1-239.jpg,embedded_metadata,
Maddie Slomovitz,Day 1/rachelzachday1-240.jpg,Day 1,rachelzachday1-240.jpg,embedded_metadata,
Melanie Casciano,Day 1/rachelzachday1-240.jpg,Day 1,rachelzachday1-240.jpg,embedded_metadata,
Bryant,Day 1/rachelzachday1-241.jpg,Day 1,rachelzachday1-241.jpg,embedded_metadata,
Dan Casciano,Day 1/rachelzachday1-241.jpg,Day 1,rachelzachday1-241.jpg,embedded_metadata,
Debi,Day 1/rachelzachday1-241.jpg,Day 1,rachelzachday1-241.jpg,embedded_metadata,
Gisel,Day 1/rachelzachday1-241.jpg,Day 1,rachelzachday1-241.jpg,embedded_metadata,
J Til,Day 1/rachelzachday1-241.jpg,Day 1,rachelzachday1-241.jpg,embedded_metadata,
Lauren Bond,Day 1/rachelzachday1-241.jpg,Day 1,rachelzachday1-241.jpg,embedded_metadata,
Patti,Day 1/rachelzachday1-242.jpg,Day 1,rachelzachday1-242.jpg,embedded_metadata,
Rachel Casciano,Day 1/rachelzachday1-242.jpg,Day 1,rachelzachday1-242.jpg,embedded_metadata,
Zach Soskin,Day 1/rachelzachday1-242.jpg,Day 1,rachelzachday1-242.jpg,embedded_metadata,
J Mohr,Day 1/rachelzachday1-243.jpg,Day 1,rachelzachday1-243.jpg,embedded_metadata,
Robbie,Day 1/rachelzachday1-243.jpg,Day 1,rachelzachday1-243.jpg,embedded_metadata,
Allan C,Day 1/rachelzachday1-244.jpg,Day 1,rachelzachday1-244.jpg,embedded_metadata,
Rachel Casciano,Day 1/rachelzachday1-245.jpg,Day 1,rachelzachday1-245.jpg,embedded_metadata,
Zach Soskin,Day 1/rachelzachday1-245.jpg,Day 1,rachelzachday1-245.jpg,embedded_metadata,
Rachel Casciano,Day 1/rachelzachday1-246.jpg,Day 1,rachelzachday1-246.jpg,embedded_metadata,
Zach Soskin,Day 1/rachelzachday1-246.jpg,Day 1,rachelzachday1-246.jpg,embedded_metadata,
Rachel Casciano,Day 1/rachelzachday1-247.jpg,Day 1,rachelzachday1-247.jpg,embedded_metadata,
Zach Soskin,Day 1/rachelzachday1-247.jpg,Day 1,rachelzachday1-247.jpg,embedded_metadata,
Trelawny,Day 1/rachelzachday1-248.jpg,Day 1,rachelzachday1-248.jpg,embedded_metadata,
Patti,Day 1/rachelzachday1-249.jpg,Day 1,rachelzachday1-249.jpg,embedded_metadata,
Rachel Casciano,Day 1/rachelzachday1-249.jpg,Day 1,rachelzachday1-249.jpg,embedded_metadata,
Zach Soskin,Day 1/rachelzachday1-249.jpg,Day 1,rachelzachday1-249.jpg,embedded_metadata,
Parker,Day 1/rachelzachday1-250.jpg,Day 1,rachelzachday1-250.jpg,embedded_metadata,
Chad Slomovitz,Day 1/rachelzachday1-255.jpg,Day 1,rachelzachday1-255.jpg,embedded_metadata,
Melanie Casciano,Day 1/rachelzachday1-255.jpg,Day 1,rachelzachday1-255.jpg,embedded_metadata,
Rachel Casciano,Day 1/rachelzachday1-255.jpg,Day 1,rachelzachday1-255.jpg,embedded_metadata,
Robbie,Day 1/rachelzachday1-255.jpg,Day 1,rachelzachday1-255.jpg,embedded_metadata,
Zach Soskin,Day 1/rachelzachday1-255.jpg,Day 1,rachelzachday1-255.jpg,embedded_metadata,
Maddie Slomovitz,Day 1/rachelzachday1-256.jpg,Day 1,rachelzachday1-256.jpg,embedded_metadata,
Melanie Casciano,Day 1/rachelzachday1-256.jpg,Day 1,rachelzachday1-256.jpg,embedded_metadata,
Patti,Day 1/rachelzachday1-256.jpg,Day 1,rachelzachday1-256.jpg,embedded_metadata,
Rachel Casciano,Day 1/rachelzachday1-256.jpg,Day 1,rachelzachday1-256.jpg,embedded_metadata,
Robbie,Day 1/rachelzachday1-256.jpg,Day 1,rachelzachday1-256.jpg,embedded_metadata,
Zach Soskin,Day 1/rachelzachday1-256.jpg,Day 1,rachelzachday1-256.jpg,embedded_metadata,
Chad Slomovitz,Day 1/rachelzachday1-257.jpg,Day 1,rachelzachday1-257.jpg,embedded_metadata,
Maddie Slomovitz,Day 1/rachelzachday1-257.jpg,Day 1,rachelzachday1-257.jpg,embedded_metadata,
Melanie Casciano,Day 1/rachelzachday1-257.jpg,Day 1,rachelzachday1-257.jpg,embedded_metadata,
Patti,Day 1/rachelzachday1-257.jpg,Day 1,rachelzachday1-257.jpg,embedded_metadata,
Rachel Casciano,Day 1/rachelzachday1-257.jpg,Day 1,rachelzachday1-257.jpg,embedded_metadata,
Robbie,Day 1/rachelzachday1-257.jpg,Day 1,rachelzachday1-257.jpg,embedded_metadata,
Zach Soskin,Day 1/rachelzachday1-257.jpg,Day 1,rachelzachday1-257.jpg,embedded_metadata,
Chad Slomovitz,Day 1/rachelzachday1-258.jpg,Day 1,rachelzachday1-258.jpg,embedded_metadata,
Maddie Slomovitz,Day 1/rachelzachday1-258.jpg,Day 1,rachelzachday1-258.jpg,embedded_metadata,
Melanie Casciano,Day 1/rachelzachday1-258.jpg,Day 1,rachelzachday1-258.jpg,embedded_metadata,
Patti,Day 1/rachelzachday1-258.jpg,Day 1,rachelzachday1-258.jpg,embedded_metadata,
Rachel Casciano,Day 1/rachelzachday1-258.jpg,Day 1,rachelzachday1-258.jpg,embedded_metadata,
Robbie,Day 1/rachelzachday1-258.jpg,Day 1,rachelzachday1-258.jpg,embedded_metadata,
Zach Soskin,Day 1/rachelzachday1-258.jpg,Day 1,rachelzachday1-258.jpg,embedded_metadata,
ASHLEY,Day 1/rachelzachday1-259.jpg,Day 1,rachelzachday1-259.jpg,embedded_metadata,
Bryant,Day 1/rachelzachday1-259.jpg,Day 1,rachelzachday1-259.jpg,embedded_metadata,
Dee Burton,Day 1/rachelzachday1-259.jpg,Day 1,rachelzachday1-259.jpg,embedded_metadata,
Dubov,Day 1/rachelzachday1-259.jpg,Day 1,rachelzachday1-259.jpg,embedded_metadata,
Nate O,Day 1/rachelzachday1-259.jpg,Day 1,rachelzachday1-259.jpg,embedded_metadata,
Nate waldron,Day 1/rachelzachday1-259.jpg,Day 1,rachelzachday1-259.jpg,embedded_metadata,
Nick Pugs,Day 1/rachelzachday1-259.jpg,Day 1,rachelzachday1-259.jpg,embedded_metadata,
Spencer Soltman,Day 1/rachelzachday1-259.jpg,Day 1,rachelzachday1-259.jpg,embedded_metadata,
Allan C,Day 1/rachelzachday1-260.jpg,Day 1,rachelzachday1-260.jpg,embedded_metadata,
Rachel Casciano,Day 1/rachelzachday1-260.jpg,Day 1,rachelzachday1-260.jpg,embedded_metadata,
Zach Soskin,Day 1/rachelzachday1-260.jpg,Day 1,rachelzachday1-260.jpg,embedded_metadata,
Aly Gilboa,Day 1/rachelzachday1-262.jpg,Day 1,rachelzachday1-262.jpg,embedded_metadata,
Natalie,Day 1/rachelzachday1-262.jpg,Day 1,rachelzachday1-262.jpg,embedded_metadata,
Parker,Day 1/rachelzachday1-262.jpg,Day 1,rachelzachday1-262.jpg,embedded_metadata,
Patti,Day 1/rachelzachday1-262.jpg,Day 1,rachelzachday1-262.jpg,embedded_metadata,
Rachel Casciano,Day 1/rachelzachday1-262.jpg,Day 1,rachelzachday1-262.jpg,embedded_metadata,
Zach Soskin,Day 1/rachelzachday1-262.jpg,Day 1,rachelzachday1-262.jpg,embedded_metadata,
Aly Gilboa,Day 1/rachelzachday1-263.jpg,Day 1,rachelzachday1-263.jpg,embedded_metadata,
Dave Gilboa,Day 1/rachelzachday1-263.jpg,Day 1,rachelzachday1-263.jpg,embedded_metadata,
Rachel Casciano,Day 1/rachelzachday1-263.jpg,Day 1,rachelzachday1-263.jpg,embedded_metadata,
Zach Soskin,Day 1/rachelzachday1-263.jpg,Day 1,rachelzachday1-263.jpg,embedded_metadata,
Bryant,Day 1/rachelzachday1-264.jpg,Day 1,rachelzachday1-264.jpg,embedded_metadata,
Keagen,Day 1/rachelzachday1-264.jpg,Day 1,rachelzachday1-264.jpg,embedded_metadata,
Meg,Day 1/rachelzachday1-264.jpg,Day 1,rachelzachday1-264.jpg,embedded_metadata,
Nick Pugs,Day 1/rachelzachday1-264.jpg,Day 1,rachelzachday1-264.jpg,embedded_metadata,
Bryant,Day 1/rachelzachday1-265.jpg,Day 1,rachelzachday1-265.jpg,embedded_metadata,
Dubov,Day 1/rachelzachday1-265.jpg,Day 1,rachelzachday1-265.jpg,embedded_metadata,
Jorie,Day 1/rachelzachday1-266.jpg,Day 1,rachelzachday1-266.jpg,embedded_metadata,
Riley,Day 1/rachelzachday1-266.jpg,Day 1,rachelzachday1-266.jpg,embedded_metadata,
Harris,Day 1/rachelzachday1-267.jpg,Day 1,rachelzachday1-267.jpg,embedded_metadata,
Riley,Day 1/rachelzachday1-267.jpg,Day 1,rachelzachday1-267.jpg,embedded_metadata,
Zach Soskin,Day 1/rachelzachday1-267.jpg,Day 1,rachelzachday1-267.jpg,embedded_metadata,
Chad Slomovitz,Day 1/rachelzachday1-268.jpg,Day 1,rachelzachday1-268.jpg,embedded_metadata,
Maddie Slomovitz,Day 1/rachelzachday1-268.jpg,Day 1,rachelzachday1-268.jpg,embedded_metadata,
Mohr,Day 1/rachelzachday1-268.jpg,Day 1,rachelzachday1-268.jpg,embedded_metadata,
Parker,Day 1/rachelzachday1-268.jpg,Day 1,rachelzachday1-268.jpg,embedded_metadata,
Patti,Day 1/rachelzachday1-268.jpg,Day 1,rachelzachday1-268.jpg,embedded_metadata,
Rachel Casciano,Day 1/rachelzachday1-268.jpg,Day 1,rachelzachday1-268.jpg,embedded_metadata,
Robbie,Day 1/rachelzachday1-268.jpg,Day 1,rachelzachday1-268.jpg,embedded_metadata,
Tim J,Day 1/rachelzachday1-268.jpg,Day 1,rachelzachday1-268.jpg,embedded_metadata,
Trelawny,Day 1/rachelzachday1-268.jpg,Day 1,rachelzachday1-268.jpg,embedded_metadata,
Zach Soskin,Day 1/rachelzachday1-268.jpg,Day 1,rachelzachday1-268.jpg,embedded_metadata,
Kelsey Meyers,Day 1/rachelzachday1-269.jpg,Day 1,rachelzachday1-269.jpg,embedded_metadata,
Lauren Bond,Day 1/rachelzachday1-270.jpg,Day 1,rachelzachday1-270.jpg,embedded_metadata,
Tim J,Day 1/rachelzachday1-271.jpg,Day 1,rachelzachday1-271.jpg,embedded_metadata,
Chad Slomovitz,Day 1/rachelzachday1-272.jpg,Day 1,rachelzachday1-272.jpg,embedded_metadata,
Patti,Day 1/rachelzachday1-272.jpg,Day 1,rachelzachday1-272.jpg,embedded_metadata,
Zach Soskin,Day 1/rachelzachday1-272.jpg,Day 1,rachelzachday1-272.jpg,embedded_metadata,
Chad Slomovitz,Day 1/rachelzachday1-273.jpg,Day 1,rachelzachday1-273.jpg,embedded_metadata,
Maddie Slomovitz,Day 1/rachelzachday1-273.jpg,Day 1,rachelzachday1-273.jpg,embedded_metadata,
Zach Soskin,Day 1/rachelzachday1-273.jpg,Day 1,rachelzachday1-273.jpg,embedded_metadata,
Kelsey Meyers,Day 1/rachelzachday1-274.jpg,Day 1,rachelzachday1-274.jpg,embedded_metadata,
Kelsey Meyers,Day 1/rachelzachday1-275.jpg,Day 1,rachelzachday1-275.jpg,embedded_metadata,
Patti,Day 1/rachelzachday1-276.jpg,Day 1,rachelzachday1-276.jpg,embedded_metadata,
Rachel Casciano,Day 1/rachelzachday1-276.jpg,Day 1,rachelzachday1-276.jpg,embedded_metadata,
Riley,Day 1/rachelzachday1-276.jpg,Day 1,rachelzachday1-276.jpg,embedded_metadata,
Zach Soskin,Day 1/rachelzachday1-276.jpg,Day 1,rachelzachday1-276.jpg,embedded_metadata,
Rachel Casciano,Day 1/rachelzachday1-277.jpg,Day 1,rachelzachday1-277.jpg,embedded_metadata,
Riley,Day 1/rachelzachday1-277.jpg,Day 1,rachelzachday1-277.jpg,embedded_metadata,
Zach Soskin,Day 1/rachelzachday1-277.jpg,Day 1,rachelzachday1-277.jpg,embedded_metadata,
ASHLEY,Day 1/rachelzachday1-278.jpg,Day 1,rachelzachday1-278.jpg,embedded_metadata,
Debi,Day 1/rachelzachday1-278.jpg,Day 1,rachelzachday1-278.jpg,embedded_metadata,
Dee Burton,Day 1/rachelzachday1-278.jpg,Day 1,rachelzachday1-278.jpg,embedded_metadata,
Kayla,Day 1/rachelzachday1-278.jpg,Day 1,rachelzachday1-278.jpg,embedded_metadata,
Nancy Lurie,Day 1/rachelzachday1-278.jpg,Day 1,rachelzachday1-278.jpg,embedded_metadata,
Todd Lurie,Day 1/rachelzachday1-278.jpg,Day 1,rachelzachday1-278.jpg,embedded_metadata,
ASHLEY,Day 1/rachelzachday1-279.jpg,Day 1,rachelzachday1-279.jpg,embedded_metadata,
Debi,Day 1/rachelzachday1-279.jpg,Day 1,rachelzachday1-279.jpg,embedded_metadata,
Dee Burton,Day 1/rachelzachday1-279.jpg,Day 1,rachelzachday1-279.jpg,embedded_metadata,
Nancy Lurie,Day 1/rachelzachday1-279.jpg,Day 1,rachelzachday1-279.jpg,embedded_metadata,
Pat Burton,Day 1/rachelzachday1-279.jpg,Day 1,rachelzachday1-279.jpg,embedded_metadata,
Todd Lurie,Day 1/rachelzachday1-279.jpg,Day 1,rachelzachday1-279.jpg,embedded_metadata,
Chad Slomovitz,Day 1/rachelzachday1-280.jpg,Day 1,rachelzachday1-280.jpg,embedded_metadata,
Rachel Casciano,Day 1/rachelzachday1-280.jpg,Day 1,rachelzachday1-280.jpg,embedded_metadata,
Robbie,Day 1/rachelzachday1-280.jpg,Day 1,rachelzachday1-280.jpg,embedded_metadata,
Zach Soskin,Day 1/rachelzachday1-280.jpg,Day 1,rachelzachday1-280.jpg,embedded_metadata,
Rod,Day 1/rachelzachday1-281.jpg,Day 1,rachelzachday1-281.jpg,embedded_metadata,
Jake Lurie,Day 1/rachelzachday1-282.jpg,Day 1,rachelzachday1-282.jpg,embedded_metadata,
Jeffry Lurie,Day 1/rachelzachday1-282.jpg,Day 1,rachelzachday1-282.jpg,embedded_metadata,
Maddie Channess,Day 1/rachelzachday1-282.jpg,Day 1,rachelzachday1-282.jpg,embedded_metadata,
Jeffry Lurie,Day 1/rachelzachday1-283.jpg,Day 1,rachelzachday1-283.jpg,embedded_metadata,
Maddie Channess,Day 1/rachelzachday1-283.jpg,Day 1,rachelzachday1-283.jpg,embedded_metadata,
Maddie Slomovitz,Day 1/rachelzachday1-284.jpg,Day 1,rachelzachday1-284.jpg,embedded_metadata,
Pasha,Day 1/rachelzachday1-285.jpg,Day 1,rachelzachday1-285.jpg,embedded_metadata,
Patti,Day 1/rachelzachday1-285.jpg,Day 1,rachelzachday1-285.jpg,embedded_metadata,
Rachel Casciano,Day 1/rachelzachday1-285.jpg,Day 1,rachelzachday1-285.jpg,embedded_metadata,
Robbie,Day 1/rachelzachday1-285.jpg,Day 1,rachelzachday1-285.jpg,embedded_metadata,
Zach Soskin,Day 1/rachelzachday1-285.jpg,Day 1,rachelzachday1-285.jpg,embedded_metadata,
J Til,Day 1/rachelzachday1-286.jpg,Day 1,rachelzachday1-286.jpg,embedded_metadata,
Maddie Slomovitz,Day 1/rachelzachday1-286.jpg,Day 1,rachelzachday1-286.jpg,embedded_metadata,
Trelawny,Day 1/rachelzachday1-287.jpg,Day 1,rachelzachday1-287.jpg,correction_or_metadata,foreground speaker manually matched to Trelawny reference crops; background-only faces ignored
Chad Slomovitz,Day 1/rachelzachday1-288.jpg,Day 1,rachelzachday1-288.jpg,embedded_metadata,
Charlie Weisman,Day 1/rachelzachday1-288.jpg,Day 1,rachelzachday1-288.jpg,embedded_metadata,
Rachel Casciano,Day 1/rachelzachday1-288.jpg,Day 1,rachelzachday1-288.jpg,embedded_metadata,
Robbie,Day 1/rachelzachday1-288.jpg,Day 1,rachelzachday1-288.jpg,embedded_metadata,
Sam Ankin,Day 1/rachelzachday1-288.jpg,Day 1,rachelzachday1-288.jpg,embedded_metadata,
Zach Soskin,Day 1/rachelzachday1-288.jpg,Day 1,rachelzachday1-288.jpg,embedded_metadata,
Charlie Weisman,Day 1/rachelzachday1-289.jpg,Day 1,rachelzachday1-289.jpg,embedded_metadata,
Dan Casciano,Day 1/rachelzachday1-289.jpg,Day 1,rachelzachday1-289.jpg,embedded_metadata,
Dave Gilboa,Day 1/rachelzachday1-289.jpg,Day 1,rachelzachday1-289.jpg,embedded_metadata,
Rachel Casciano,Day 1/rachelzachday1-289.jpg,Day 1,rachelzachday1-289.jpg,embedded_metadata,
Robbie,Day 1/rachelzachday1-289.jpg,Day 1,rachelzachday1-289.jpg,embedded_metadata,
Sam Ankin,Day 1/rachelzachday1-289.jpg,Day 1,rachelzachday1-289.jpg,embedded_metadata,
Zach Soskin,Day 1/rachelzachday1-289.jpg,Day 1,rachelzachday1-289.jpg,embedded_metadata,
Chad Slomovitz,Day 1/rachelzachday1-290.jpg,Day 1,rachelzachday1-290.jpg,embedded_metadata,
Charlie Weisman,Day 1/rachelzachday1-290.jpg,Day 1,rachelzachday1-290.jpg,embedded_metadata,
Rachel Casciano,Day 1/rachelzachday1-290.jpg,Day 1,rachelzachday1-290.jpg,embedded_metadata,
Zach Soskin,Day 1/rachelzachday1-290.jpg,Day 1,rachelzachday1-290.jpg,embedded_metadata,
Chad Slomovitz,Day 1/rachelzachday1-291.jpg,Day 1,rachelzachday1-291.jpg,embedded_metadata,
Maddie Slomovitz,Day 1/rachelzachday1-291.jpg,Day 1,rachelzachday1-291.jpg,embedded_metadata,
Zach Soskin,Day 1/rachelzachday1-291.jpg,Day 1,rachelzachday1-291.jpg,embedded_metadata,
Rush,Day 1/rachelzachday1-292.jpg,Day 1,rachelzachday1-292.jpg,embedded_metadata,
Chris,Day 1/rachelzachday1-293.jpg,Day 1,rachelzachday1-293.jpg,embedded_metadata,
Jorie,Day 1/rachelzachday1-293.jpg,Day 1,rachelzachday1-293.jpg,embedded_metadata,
Matt,Day 1/rachelzachday1-293.jpg,Day 1,rachelzachday1-293.jpg,embedded_metadata,
Chris,Day 1/rachelzachday1-294.jpg,Day 1,rachelzachday1-294.jpg,embedded_metadata,
Jorie,Day 1/rachelzachday1-294.jpg,Day 1,rachelzachday1-294.jpg,embedded_metadata,
Matt,Day 1/rachelzachday1-294.jpg,Day 1,rachelzachday1-294.jpg,embedded_metadata,
Allan C,Day 1/rachelzachday1-295.jpg,Day 1,rachelzachday1-295.jpg,embedded_metadata,
Dan Casciano,Day 1/rachelzachday1-295.jpg,Day 1,rachelzachday1-295.jpg,embedded_metadata,
LAURA WEISMAN,Day 1/rachelzachday1-295.jpg,Day 1,rachelzachday1-295.jpg,embedded_metadata,
Maddie Slomovitz,Day 1/rachelzachday1-295.jpg,Day 1,rachelzachday1-295.jpg,embedded_metadata,
Melanie Casciano,Day 1/rachelzachday1-295.jpg,Day 1,rachelzachday1-295.jpg,embedded_metadata,
Rachel Casciano,Day 1/rachelzachday1-295.jpg,Day 1,rachelzachday1-295.jpg,embedded_metadata,
Robbie,Day 1/rachelzachday1-295.jpg,Day 1,rachelzachday1-295.jpg,embedded_metadata,
Zach Soskin,Day 1/rachelzachday1-295.jpg,Day 1,rachelzachday1-295.jpg,embedded_metadata,
Aly Gilboa,Day 1/rachelzachday1-296.jpg,Day 1,rachelzachday1-296.jpg,embedded_metadata,
Chad Slomovitz,Day 1/rachelzachday1-296.jpg,Day 1,rachelzachday1-296.jpg,embedded_metadata,
Charlie Weisman,Day 1/rachelzachday1-296.jpg,Day 1,rachelzachday1-296.jpg,embedded_metadata,
Dave Gilboa,Day 1/rachelzachday1-296.jpg,Day 1,rachelzachday1-296.jpg,embedded_metadata,
Lisa Caplan,Day 1/rachelzachday1-296.jpg,Day 1,rachelzachday1-296.jpg,embedded_metadata,
Maddie Slomovitz,Day 1/rachelzachday1-296.jpg,Day 1,rachelzachday1-296.jpg,embedded_metadata,
Melanie Casciano,Day 1/rachelzachday1-296.jpg,Day 1,rachelzachday1-296.jpg,embedded_metadata,
Natalie,Day 1/rachelzachday1-296.jpg,Day 1,rachelzachday1-296.jpg,embedded_metadata,
Pasha,Day 1/rachelzachday1-296.jpg,Day 1,rachelzachday1-296.jpg,embedded_metadata,
Patti,Day 1/rachelzachday1-296.jpg,Day 1,rachelzachday1-296.jpg,embedded_metadata,
Rachel Casciano,Day 1/rachelzachday1-296.jpg,Day 1,rachelzachday1-296.jpg,embedded_metadata,
Robbie,Day 1/rachelzachday1-296.jpg,Day 1,rachelzachday1-296.jpg,embedded_metadata,
Zach Soskin,Day 1/rachelzachday1-296.jpg,Day 1,rachelzachday1-296.jpg,embedded_metadata,
ASHLEY,Day 1/rachelzachday1-297.jpg,Day 1,rachelzachday1-297.jpg,embedded_metadata,
Dubov,Day 1/rachelzachday1-297.jpg,Day 1,rachelzachday1-297.jpg,embedded_metadata,
Jorie,Day 1/rachelzachday1-297.jpg,Day 1,rachelzachday1-297.jpg,embedded_metadata,
Gisel,Day 1/rachelzachday1-298.jpg,Day 1,rachelzachday1-298.jpg,embedded_metadata,
Jorie,Day 1/rachelzachday1-298.jpg,Day 1,rachelzachday1-298.jpg,embedded_metadata,
Parker,Day 1/rachelzachday1-298.jpg,Day 1,rachelzachday1-298.jpg,embedded_metadata,
Maddie Slomovitz,Day 1/rachelzachday1-299.jpg,Day 1,rachelzachday1-299.jpg,embedded_metadata,
Phil Quist,Day 1/rachelzachday1-299.jpg,Day 1,rachelzachday1-299.jpg,embedded_metadata,
Riley,Day 1/rachelzachday1-299.jpg,Day 1,rachelzachday1-299.jpg,embedded_metadata,
Zach Soskin,Day 1/rachelzachday1-299.jpg,Day 1,rachelzachday1-299.jpg,embedded_metadata,
Patti,Day 1/rachelzachday1-300.jpg,Day 1,rachelzachday1-300.jpg,correction_or_metadata,foreground toast speakers manually matched to Patti and Robbie reference crops; background-only faces ignored
Robbie,Day 1/rachelzachday1-300.jpg,Day 1,rachelzachday1-300.jpg,correction_or_metadata,foreground toast speakers manually matched to Patti and Robbie reference crops; background-only faces ignored
Chad Slomovitz,Day 1/rachelzachday1-301.jpg,Day 1,rachelzachday1-301.jpg,embedded_metadata,
Maddie Slomovitz,Day 1/rachelzachday1-301.jpg,Day 1,rachelzachday1-301.jpg,embedded_metadata,
Melanie Casciano,Day 1/rachelzachday1-301.jpg,Day 1,rachelzachday1-301.jpg,embedded_metadata,
Pasha,Day 1/rachelzachday1-301.jpg,Day 1,rachelzachday1-301.jpg,embedded_metadata,
Riley,Day 1/rachelzachday1-301.jpg,Day 1,rachelzachday1-301.jpg,embedded_metadata,
Tim J,Day 1/rachelzachday1-301.jpg,Day 1,rachelzachday1-301.jpg,embedded_metadata,
Zach Soskin,Day 1/rachelzachday1-301.jpg,Day 1,rachelzachday1-301.jpg,embedded_metadata,
Chad Slomovitz,Day 1/rachelzachday1-302.jpg,Day 1,rachelzachday1-302.jpg,embedded_metadata,
Maddie Slomovitz,Day 1/rachelzachday1-302.jpg,Day 1,rachelzachday1-302.jpg,embedded_metadata,
Pasha,Day 1/rachelzachday1-302.jpg,Day 1,rachelzachday1-302.jpg,embedded_metadata,
Rachel Casciano,Day 1/rachelzachday1-302.jpg,Day 1,rachelzachday1-302.jpg,embedded_metadata,
Riley,Day 1/rachelzachday1-302.jpg,Day 1,rachelzachday1-302.jpg,embedded_metadata,
Tim J,Day 1/rachelzachday1-302.jpg,Day 1,rachelzachday1-302.jpg,embedded_metadata,
Zach Soskin,Day 1/rachelzachday1-302.jpg,Day 1,rachelzachday1-302.jpg,embedded_metadata,
Patti,Day 1/rachelzachday1-303.jpg,Day 1,rachelzachday1-303.jpg,embedded_metadata,
Robbie,Day 1/rachelzachday1-303.jpg,Day 1,rachelzachday1-303.jpg,embedded_metadata,
Rachel Casciano,Day 1/rachelzachday1-304.jpg,Day 1,rachelzachday1-304.jpg,correction_or_metadata,bride and groom kiss
Zach Soskin,Day 1/rachelzachday1-304.jpg,Day 1,rachelzachday1-304.jpg,correction_or_metadata,bride and groom kiss
Robbie,Day 1/rachelzachday1-305.jpg,Day 1,rachelzachday1-305.jpg,embedded_metadata,
Patti,Day 1/rachelzachday1-306.jpg,Day 1,rachelzachday1-306.jpg,embedded_metadata,
Rachel Casciano,Getting Ready/rachelzach-4.jpg,Getting Ready,rachelzach-4.jpg,embedded_metadata,
Kayla,Getting Ready/rachelzach-5.jpg,Getting Ready,rachelzach-5.jpg,embedded_metadata,
Rachel Casciano,Getting Ready/rachelzach-5.jpg,Getting Ready,rachelzach-5.jpg,embedded_metadata,
Kayla,Getting Ready/rachelzach-6.jpg,Getting Ready,rachelzach-6.jpg,embedded_metadata,
Rachel Casciano,Getting Ready/rachelzach-6.jpg,Getting Ready,rachelzach-6.jpg,embedded_metadata,
Rachel Casciano,Getting Ready/rachelzach-8.jpg,Getting Ready,rachelzach-8.jpg,embedded_metadata,
Sally,Getting Ready/rachelzach-9.jpg,Getting Ready,rachelzach-9.jpg,embedded_metadata,
Kelsey Meyers,Getting Ready/rachelzach-10.jpg,Getting Ready,rachelzach-10.jpg,embedded_metadata,
Kaitlin Burns,Getting Ready/rachelzach-14.jpg,Getting Ready,rachelzach-14.jpg,embedded_metadata,
Kayla,Getting Ready/rachelzach-14.jpg,Getting Ready,rachelzach-14.jpg,embedded_metadata,
Kelsey Meyers,Getting Ready/rachelzach-14.jpg,Getting Ready,rachelzach-14.jpg,embedded_metadata,
Lauren Bond,Getting Ready/rachelzach-14.jpg,Getting Ready,rachelzach-14.jpg,embedded_metadata,
Maddie Slomovitz,Getting Ready/rachelzach-14.jpg,Getting Ready,rachelzach-14.jpg,embedded_metadata,
Rachel Casciano,Getting Ready/rachelzach-14.jpg,Getting Ready,rachelzach-14.jpg,embedded_metadata,
Sally,Getting Ready/rachelzach-14.jpg,Getting Ready,rachelzach-14.jpg,embedded_metadata,
Stephanie Soskin,Getting Ready/rachelzach-14.jpg,Getting Ready,rachelzach-14.jpg,embedded_metadata,
Tara,Getting Ready/rachelzach-14.jpg,Getting Ready,rachelzach-14.jpg,embedded_metadata,
Trelawny,Getting Ready/rachelzach-14.jpg,Getting Ready,rachelzach-14.jpg,embedded_metadata,
Kaitlin Burns,Getting Ready/rachelzach-15.jpg,Getting Ready,rachelzach-15.jpg,embedded_metadata,
Kayla,Getting Ready/rachelzach-15.jpg,Getting Ready,rachelzach-15.jpg,embedded_metadata,
Kelsey Meyers,Getting Ready/rachelzach-15.jpg,Getting Ready,rachelzach-15.jpg,embedded_metadata,
Lauren Bond,Getting Ready/rachelzach-15.jpg,Getting Ready,rachelzach-15.jpg,embedded_metadata,
Rachel Casciano,Getting Ready/rachelzach-15.jpg,Getting Ready,rachelzach-15.jpg,embedded_metadata,
Sally,Getting Ready/rachelzach-15.jpg,Getting Ready,rachelzach-15.jpg,embedded_metadata,
Tara,Getting Ready/rachelzach-15.jpg,Getting Ready,rachelzach-15.jpg,embedded_metadata,
Trelawny,Getting Ready/rachelzach-15.jpg,Getting Ready,rachelzach-15.jpg,embedded_metadata,
Kaitlin Burns,Getting Ready/rachelzach-16.jpg,Getting Ready,rachelzach-16.jpg,embedded_metadata,
Kayla,Getting Ready/rachelzach-16.jpg,Getting Ready,rachelzach-16.jpg,embedded_metadata,
Kelsey Meyers,Getting Ready/rachelzach-16.jpg,Getting Ready,rachelzach-16.jpg,embedded_metadata,
Lauren Bond,Getting Ready/rachelzach-16.jpg,Getting Ready,rachelzach-16.jpg,embedded_metadata,
Rachel Casciano,Getting Ready/rachelzach-16.jpg,Getting Ready,rachelzach-16.jpg,embedded_metadata,
Sally,Getting Ready/rachelzach-16.jpg,Getting Ready,rachelzach-16.jpg,embedded_metadata,
Tara,Getting Ready/rachelzach-16.jpg,Getting Ready,rachelzach-16.jpg,embedded_metadata,
Trelawny,Getting Ready/rachelzach-16.jpg,Getting Ready,rachelzach-16.jpg,embedded_metadata,
Kaitlin Burns,Getting Ready/rachelzach-17.jpg,Getting Ready,rachelzach-17.jpg,embedded_metadata,
Kayla,Getting Ready/rachelzach-17.jpg,Getting Ready,rachelzach-17.jpg,embedded_metadata,
Kelsey Meyers,Getting Ready/rachelzach-17.jpg,Getting Ready,rachelzach-17.jpg,embedded_metadata,
Lauren Bond,Getting Ready/rachelzach-17.jpg,Getting Ready,rachelzach-17.jpg,embedded_metadata,
Rachel Casciano,Getting Ready/rachelzach-17.jpg,Getting Ready,rachelzach-17.jpg,embedded_metadata,
Sally,Getting Ready/rachelzach-17.jpg,Getting Ready,rachelzach-17.jpg,embedded_metadata,
Tara,Getting Ready/rachelzach-17.jpg,Getting Ready,rachelzach-17.jpg,embedded_metadata,
Trelawny,Getting Ready/rachelzach-17.jpg,Getting Ready,rachelzach-17.jpg,embedded_metadata,
Phil C,Getting Ready/rachelzach-19.jpg,Getting Ready,rachelzach-19.jpg,embedded_metadata,
J Til,Getting Ready/rachelzach-20.jpg,Getting Ready,rachelzach-20.jpg,embedded_metadata,
Rachel Casciano,Getting Ready/rachelzach-21.jpg,Getting Ready,rachelzach-21.jpg,correction_or_metadata,bride from back
Melanie Casciano,Getting Ready/rachelzach-22.jpg,Getting Ready,rachelzach-22.jpg,embedded_metadata,
Melanie Casciano,Getting Ready/rachelzach-23.jpg,Getting Ready,rachelzach-23.jpg,embedded_metadata,
Rachel Casciano,Getting Ready/rachelzach-23.jpg,Getting Ready,rachelzach-23.jpg,embedded_metadata,
Rachel Casciano,Getting Ready/rachelzach-24.jpg,Getting Ready,rachelzach-24.jpg,embedded_metadata,
Rachel Casciano,Getting Ready/rachelzach-25.jpg,Getting Ready,rachelzach-25.jpg,embedded_metadata,
Rachel Casciano,Getting Ready/rachelzach-26.jpg,Getting Ready,rachelzach-26.jpg,embedded_metadata,
Tim J,Getting Ready/rachelzach-27.jpg,Getting Ready,rachelzach-27.jpg,embedded_metadata,
Melanie Casciano,Getting Ready/rachelzach-28.jpg,Getting Ready,rachelzach-28.jpg,embedded_metadata,
Rachel Casciano,Getting Ready/rachelzach-28.jpg,Getting Ready,rachelzach-28.jpg,embedded_metadata,
Kelsey Meyers,Getting Ready/rachelzach-29.jpg,Getting Ready,rachelzach-29.jpg,embedded_metadata,
Melanie Casciano,Getting Ready/rachelzach-29.jpg,Getting Ready,rachelzach-29.jpg,embedded_metadata,
Rachel Casciano,Getting Ready/rachelzach-29.jpg,Getting Ready,rachelzach-29.jpg,embedded_metadata,
Kelsey Meyers,Getting Ready/rachelzach-30.jpg,Getting Ready,rachelzach-30.jpg,embedded_metadata,
Melanie Casciano,Getting Ready/rachelzach-30.jpg,Getting Ready,rachelzach-30.jpg,embedded_metadata,
Rachel Casciano,Getting Ready/rachelzach-30.jpg,Getting Ready,rachelzach-30.jpg,embedded_metadata,
Rachel Casciano,Getting Ready/rachelzach-34.jpg,Getting Ready,rachelzach-34.jpg,embedded_metadata,
Rachel Casciano,Getting Ready/rachelzach-35.jpg,Getting Ready,rachelzach-35.jpg,embedded_metadata,
Rachel Casciano,Getting Ready/rachelzach-36.jpg,Getting Ready,rachelzach-36.jpg,embedded_metadata,
Rachel Casciano,Getting Ready/rachelzach-37.jpg,Getting Ready,rachelzach-37.jpg,embedded_metadata,
Rachel Casciano,Getting Ready/rachelzach-38.jpg,Getting Ready,rachelzach-38.jpg,embedded_metadata,
Kaitlin Burns,Getting Ready/rachelzach-39.jpg,Getting Ready,rachelzach-39.jpg,embedded_metadata,
Kayla,Getting Ready/rachelzach-39.jpg,Getting Ready,rachelzach-39.jpg,embedded_metadata,
Kelsey Meyers,Getting Ready/rachelzach-39.jpg,Getting Ready,rachelzach-39.jpg,embedded_metadata,
Lauren Bond,Getting Ready/rachelzach-39.jpg,Getting Ready,rachelzach-39.jpg,embedded_metadata,
Maddie Slomovitz,Getting Ready/rachelzach-39.jpg,Getting Ready,rachelzach-39.jpg,embedded_metadata,
Sally,Getting Ready/rachelzach-39.jpg,Getting Ready,rachelzach-39.jpg,embedded_metadata,
Stephanie Soskin,Getting Ready/rachelzach-39.jpg,Getting Ready,rachelzach-39.jpg,embedded_metadata,
Tara,Getting Ready/rachelzach-39.jpg,Getting Ready,rachelzach-39.jpg,embedded_metadata,
Trelawny,Getting Ready/rachelzach-39.jpg,Getting Ready,rachelzach-39.jpg,embedded_metadata,
Kaitlin Burns,Getting Ready/rachelzach-40.jpg,Getting Ready,rachelzach-40.jpg,embedded_metadata,
Kayla,Getting Ready/rachelzach-40.jpg,Getting Ready,rachelzach-40.jpg,embedded_metadata,
Kelsey Meyers,Getting Ready/rachelzach-40.jpg,Getting Ready,rachelzach-40.jpg,embedded_metadata,
Lauren Bond,Getting Ready/rachelzach-40.jpg,Getting Ready,rachelzach-40.jpg,embedded_metadata,
Maddie Slomovitz,Getting Ready/rachelzach-40.jpg,Getting Ready,rachelzach-40.jpg,embedded_metadata,
Sally,Getting Ready/rachelzach-40.jpg,Getting Ready,rachelzach-40.jpg,embedded_metadata,
Stephanie Soskin,Getting Ready/rachelzach-40.jpg,Getting Ready,rachelzach-40.jpg,embedded_metadata,
Tara,Getting Ready/rachelzach-40.jpg,Getting Ready,rachelzach-40.jpg,embedded_metadata,
Trelawny,Getting Ready/rachelzach-40.jpg,Getting Ready,rachelzach-40.jpg,embedded_metadata,
Kaitlin Burns,Getting Ready/rachelzach-41.jpg,Getting Ready,rachelzach-41.jpg,embedded_metadata,
Kayla,Getting Ready/rachelzach-41.jpg,Getting Ready,rachelzach-41.jpg,embedded_metadata,
Kelsey Meyers,Getting Ready/rachelzach-41.jpg,Getting Ready,rachelzach-41.jpg,embedded_metadata,
Maddie Slomovitz,Getting Ready/rachelzach-41.jpg,Getting Ready,rachelzach-41.jpg,embedded_metadata,
Sally,Getting Ready/rachelzach-41.jpg,Getting Ready,rachelzach-41.jpg,embedded_metadata,
Stephanie Soskin,Getting Ready/rachelzach-41.jpg,Getting Ready,rachelzach-41.jpg,embedded_metadata,
Tara,Getting Ready/rachelzach-41.jpg,Getting Ready,rachelzach-41.jpg,embedded_metadata,
Trelawny,Getting Ready/rachelzach-41.jpg,Getting Ready,rachelzach-41.jpg,embedded_metadata,
Kaitlin Burns,Getting Ready/rachelzach-42.jpg,Getting Ready,rachelzach-42.jpg,embedded_metadata,
Kayla,Getting Ready/rachelzach-42.jpg,Getting Ready,rachelzach-42.jpg,embedded_metadata,
Kelsey Meyers,Getting Ready/rachelzach-42.jpg,Getting Ready,rachelzach-42.jpg,embedded_metadata,
Lauren Bond,Getting Ready/rachelzach-42.jpg,Getting Ready,rachelzach-42.jpg,embedded_metadata,
Maddie Slomovitz,Getting Ready/rachelzach-42.jpg,Getting Ready,rachelzach-42.jpg,embedded_metadata,
Stephanie Soskin,Getting Ready/rachelzach-42.jpg,Getting Ready,rachelzach-42.jpg,embedded_metadata,
Trelawny,Getting Ready/rachelzach-42.jpg,Getting Ready,rachelzach-42.jpg,embedded_metadata,
Kaitlin Burns,Getting Ready/rachelzach-43.jpg,Getting Ready,rachelzach-43.jpg,embedded_metadata,
Kayla,Getting Ready/rachelzach-43.jpg,Getting Ready,rachelzach-43.jpg,embedded_metadata,
Kelsey Meyers,Getting Ready/rachelzach-43.jpg,Getting Ready,rachelzach-43.jpg,embedded_metadata,
Maddie Slomovitz,Getting Ready/rachelzach-43.jpg,Getting Ready,rachelzach-43.jpg,embedded_metadata,
Rachel Casciano,Getting Ready/rachelzach-43.jpg,Getting Ready,rachelzach-43.jpg,embedded_metadata,
Tara,Getting Ready/rachelzach-43.jpg,Getting Ready,rachelzach-43.jpg,embedded_metadata,
Trelawny,Getting Ready/rachelzach-43.jpg,Getting Ready,rachelzach-43.jpg,embedded_metadata,
Kaitlin Burns,Getting Ready/rachelzach-44.jpg,Getting Ready,rachelzach-44.jpg,embedded_metadata,
Kayla,Getting Ready/rachelzach-44.jpg,Getting Ready,rachelzach-44.jpg,embedded_metadata,
Kelsey Meyers,Getting Ready/rachelzach-44.jpg,Getting Ready,rachelzach-44.jpg,embedded_metadata,
Rachel Casciano,Getting Ready/rachelzach-44.jpg,Getting Ready,rachelzach-44.jpg,embedded_metadata,
Tara,Getting Ready/rachelzach-44.jpg,Getting Ready,rachelzach-44.jpg,embedded_metadata,
Trelawny,Getting Ready/rachelzach-44.jpg,Getting Ready,rachelzach-44.jpg,embedded_metadata,
Kaitlin Burns,Getting Ready/rachelzach-45.jpg,Getting Ready,rachelzach-45.jpg,embedded_metadata,
Kayla,Getting Ready/rachelzach-45.jpg,Getting Ready,rachelzach-45.jpg,embedded_metadata,
Sally,Getting Ready/rachelzach-45.jpg,Getting Ready,rachelzach-45.jpg,embedded_metadata,
Tara,Getting Ready/rachelzach-45.jpg,Getting Ready,rachelzach-45.jpg,embedded_metadata,
Trelawny,Getting Ready/rachelzach-45.jpg,Getting Ready,rachelzach-45.jpg,embedded_metadata,
Kaitlin Burns,Getting Ready/rachelzach-46.jpg,Getting Ready,rachelzach-46.jpg,embedded_metadata,
Kayla,Getting Ready/rachelzach-46.jpg,Getting Ready,rachelzach-46.jpg,embedded_metadata,
Maddie Slomovitz,Getting Ready/rachelzach-46.jpg,Getting Ready,rachelzach-46.jpg,embedded_metadata,
Stephanie Soskin,Getting Ready/rachelzach-46.jpg,Getting Ready,rachelzach-46.jpg,embedded_metadata,
Tara,Getting Ready/rachelzach-46.jpg,Getting Ready,rachelzach-46.jpg,embedded_metadata,
Kaitlin Burns,Getting Ready/rachelzach-47.jpg,Getting Ready,rachelzach-47.jpg,embedded_metadata,
Kayla,Getting Ready/rachelzach-47.jpg,Getting Ready,rachelzach-47.jpg,embedded_metadata,
Stephanie Soskin,Getting Ready/rachelzach-47.jpg,Getting Ready,rachelzach-47.jpg,embedded_metadata,
Trelawny,Getting Ready/rachelzach-47.jpg,Getting Ready,rachelzach-47.jpg,embedded_metadata,
J Til,Getting Ready/rachelzach-48.jpg,Getting Ready,rachelzach-48.jpg,embedded_metadata,
Phil C,Getting Ready/rachelzach-48.jpg,Getting Ready,rachelzach-48.jpg,embedded_metadata,
Zach Soskin,Getting Ready/rachelzach-49.jpg,Getting Ready,rachelzach-49.jpg,embedded_metadata,
Zach Soskin,Getting Ready/rachelzach-50.jpg,Getting Ready,rachelzach-50.jpg,embedded_metadata,
Patti,Getting Ready/rachelzach-51.jpg,Getting Ready,rachelzach-51.jpg,embedded_metadata,
Rachel Casciano,Getting Ready/rachelzach-51.jpg,Getting Ready,rachelzach-51.jpg,embedded_metadata,
Zach Soskin,Getting Ready/rachelzach-52.jpg,Getting Ready,rachelzach-52.jpg,embedded_metadata,
Zach Soskin,Getting Ready/rachelzach-53.jpg,Getting Ready,rachelzach-53.jpg,embedded_metadata,
Melanie Casciano,Getting Ready/rachelzach-54.jpg,Getting Ready,rachelzach-54.jpg,embedded_metadata,
Patti,Getting Ready/rachelzach-54.jpg,Getting Ready,rachelzach-54.jpg,embedded_metadata,
Rachel Casciano,Getting Ready/rachelzach-54.jpg,Getting Ready,rachelzach-54.jpg,embedded_metadata,
Melanie Casciano,Getting Ready/rachelzach-55.jpg,Getting Ready,rachelzach-55.jpg,embedded_metadata,
Rachel Casciano,Getting Ready/rachelzach-55.jpg,Getting Ready,rachelzach-55.jpg,embedded_metadata,
Kelsey Meyers,Getting Ready/rachelzach-56.jpg,Getting Ready,rachelzach-56.jpg,embedded_metadata,
Rachel Casciano,Getting Ready/rachelzach-56.jpg,Getting Ready,rachelzach-56.jpg,embedded_metadata,
Kelsey Meyers,Getting Ready/rachelzach-57.jpg,Getting Ready,rachelzach-57.jpg,embedded_metadata,
Rachel Casciano,Getting Ready/rachelzach-57.jpg,Getting Ready,rachelzach-57.jpg,embedded_metadata,
Maddie Slomovitz,Getting Ready/rachelzach-59.jpg,Getting Ready,rachelzach-59.jpg,embedded_metadata,
Rachel Casciano,Getting Ready/rachelzach-59.jpg,Getting Ready,rachelzach-59.jpg,embedded_metadata,
Maddie Slomovitz,Getting Ready/rachelzach-60.jpg,Getting Ready,rachelzach-60.jpg,embedded_metadata,
Rachel Casciano,Getting Ready/rachelzach-60.jpg,Getting Ready,rachelzach-60.jpg,embedded_metadata,
Stephanie Soskin,Getting Ready/rachelzach-60.jpg,Getting Ready,rachelzach-60.jpg,embedded_metadata,
Patti,Getting Ready/rachelzach-61.jpg,Getting Ready,rachelzach-61.jpg,embedded_metadata,
Patti,Getting Ready/rachelzach-62.jpg,Getting Ready,rachelzach-62.jpg,embedded_metadata,
Robbie,Getting Ready/rachelzach-62.jpg,Getting Ready,rachelzach-62.jpg,embedded_metadata,
Patti,Getting Ready/rachelzach-63.jpg,Getting Ready,rachelzach-63.jpg,embedded_metadata,
Robbie,Getting Ready/rachelzach-63.jpg,Getting Ready,rachelzach-63.jpg,embedded_metadata,
Patti,Getting Ready/rachelzach-64.jpg,Getting Ready,rachelzach-64.jpg,embedded_metadata,
Patti,Getting Ready/rachelzach-65.jpg,Getting Ready,rachelzach-65.jpg,embedded_metadata,
Tim J,Ceremony/rachelzach-205.jpg,Ceremony,rachelzach-205.jpg,embedded_metadata,
Marty,Ceremony/rachelzach-214.jpg,Ceremony,rachelzach-214.jpg,embedded_metadata,
Adi,Ceremony/rachelzach-218.jpg,Ceremony,rachelzach-218.jpg,embedded_metadata,
Morgan,Ceremony/rachelzach-218.jpg,Ceremony,rachelzach-218.jpg,embedded_metadata,
Bryant,Ceremony/rachelzach-219.jpg,Ceremony,rachelzach-219.jpg,embedded_metadata,
Bryant,Ceremony/rachelzach-220.jpg,Ceremony,rachelzach-220.jpg,embedded_metadata,
Sean Morse,Ceremony/rachelzach-220.jpg,Ceremony,rachelzach-220.jpg,embedded_metadata,
JUELS,Ceremony/rachelzach-221.jpg,Ceremony,rachelzach-221.jpg,embedded_metadata,
Spencer Soltman,Ceremony/rachelzach-221.jpg,Ceremony,rachelzach-221.jpg,embedded_metadata,
Siri,Ceremony/rachelzach-230.jpg,Ceremony,rachelzach-230.jpg,embedded_metadata,
JUELS,Ceremony/rachelzach-231.jpg,Ceremony,rachelzach-231.jpg,embedded_metadata,
Steve M,Ceremony/rachelzach-231.jpg,Ceremony,rachelzach-231.jpg,embedded_metadata,
Tav,Ceremony/rachelzach-231.jpg,Ceremony,rachelzach-231.jpg,embedded_metadata,
Carter,Ceremony/rachelzach-233.jpg,Ceremony,rachelzach-233.jpg,embedded_metadata,
Richie,Ceremony/rachelzach-233.jpg,Ceremony,rachelzach-233.jpg,embedded_metadata,
Rush,Ceremony/rachelzach-233.jpg,Ceremony,rachelzach-233.jpg,embedded_metadata,
Ronald Harris,Ceremony/rachelzach-235.jpg,Ceremony,rachelzach-235.jpg,embedded_metadata,
Sam Ankin,Ceremony/rachelzach-235.jpg,Ceremony,rachelzach-235.jpg,embedded_metadata,
Phil Quist,Ceremony/rachelzach-236.jpg,Ceremony,rachelzach-236.jpg,embedded_metadata,
Phil Quist,Ceremony/rachelzach-237.jpg,Ceremony,rachelzach-237.jpg,embedded_metadata,
Phil Quist,Ceremony/rachelzach-238.jpg,Ceremony,rachelzach-238.jpg,embedded_metadata,
Jamie,Ceremony/rachelzach-240.jpg,Ceremony,rachelzach-240.jpg,embedded_metadata,
Natalie,Ceremony/rachelzach-240.jpg,Ceremony,rachelzach-240.jpg,embedded_metadata,
Adam Lynn,Ceremony/rachelzach-242.jpg,Ceremony,rachelzach-242.jpg,embedded_metadata,
Amanda,Ceremony/rachelzach-243.jpg,Ceremony,rachelzach-243.jpg,embedded_metadata,
Bryant,Ceremony/rachelzach-243.jpg,Ceremony,rachelzach-243.jpg,embedded_metadata,
Nate O,Ceremony/rachelzach-243.jpg,Ceremony,rachelzach-243.jpg,embedded_metadata,
Dubov,Ceremony/rachelzach-244.jpg,Ceremony,rachelzach-244.jpg,embedded_metadata,
Spencer Soltman,Ceremony/rachelzach-244.jpg,Ceremony,rachelzach-244.jpg,embedded_metadata,
Rush,Ceremony/rachelzach-245.jpg,Ceremony,rachelzach-245.jpg,embedded_metadata,
Chad Slomovitz,Ceremony/rachelzach-249.jpg,Ceremony,rachelzach-249.jpg,embedded_metadata,
Patti,Ceremony/rachelzach-249.jpg,Ceremony,rachelzach-249.jpg,embedded_metadata,
Robbie,Ceremony/rachelzach-249.jpg,Ceremony,rachelzach-249.jpg,embedded_metadata,
Zach Soskin,Ceremony/rachelzach-249.jpg,Ceremony,rachelzach-249.jpg,embedded_metadata,
Ronald Harris,Ceremony/rachelzach-251.jpg,Ceremony,rachelzach-251.jpg,embedded_metadata,
Phil C,Ceremony/rachelzach-252.jpg,Ceremony,rachelzach-252.jpg,embedded_metadata,
Bob P,Ceremony/rachelzach-253.jpg,Ceremony,rachelzach-253.jpg,embedded_metadata,
Lauren Lurie,Ceremony/rachelzach-253.jpg,Ceremony,rachelzach-253.jpg,embedded_metadata,
Debi,Ceremony/rachelzach-254.jpg,Ceremony,rachelzach-254.jpg,embedded_metadata,
Lauren Lurie,Ceremony/rachelzach-254.jpg,Ceremony,rachelzach-254.jpg,embedded_metadata,
Phil C,Ceremony/rachelzach-254.jpg,Ceremony,rachelzach-254.jpg,embedded_metadata,
Robbie,Ceremony/rachelzach-255.jpg,Ceremony,rachelzach-255.jpg,embedded_metadata,
Zach Soskin,Ceremony/rachelzach-255.jpg,Ceremony,rachelzach-255.jpg,embedded_metadata,
Debi,Ceremony/rachelzach-256.jpg,Ceremony,rachelzach-256.jpg,embedded_metadata,
Patti,Ceremony/rachelzach-258.jpg,Ceremony,rachelzach-258.jpg,embedded_metadata,
Robbie,Ceremony/rachelzach-258.jpg,Ceremony,rachelzach-258.jpg,embedded_metadata,
Zach Soskin,Ceremony/rachelzach-258.jpg,Ceremony,rachelzach-258.jpg,embedded_metadata,
Patti,Ceremony/rachelzach-259.jpg,Ceremony,rachelzach-259.jpg,embedded_metadata,
Robbie,Ceremony/rachelzach-259.jpg,Ceremony,rachelzach-259.jpg,embedded_metadata,
Zach Soskin,Ceremony/rachelzach-259.jpg,Ceremony,rachelzach-259.jpg,embedded_metadata,
Chad Slomovitz,Ceremony/rachelzach-260.jpg,Ceremony,rachelzach-260.jpg,embedded_metadata,
Maddie Slomovitz,Ceremony/rachelzach-260.jpg,Ceremony,rachelzach-260.jpg,embedded_metadata,
Patti,Ceremony/rachelzach-261.jpg,Ceremony,rachelzach-261.jpg,embedded_metadata,
Zach Soskin,Ceremony/rachelzach-263.jpg,Ceremony,rachelzach-263.jpg,embedded_metadata,
Chad Slomovitz,Ceremony/rachelzach-264.jpg,Ceremony,rachelzach-264.jpg,embedded_metadata,
Maddie Slomovitz,Ceremony/rachelzach-264.jpg,Ceremony,rachelzach-264.jpg,embedded_metadata,
Stephanie Soskin,Ceremony/rachelzach-264.jpg,Ceremony,rachelzach-264.jpg,embedded_metadata,
Jake Lurie,Ceremony/rachelzach-265.jpg,Ceremony,rachelzach-265.jpg,embedded_metadata,
Sally,Ceremony/rachelzach-265.jpg,Ceremony,rachelzach-265.jpg,embedded_metadata,
J Til,Ceremony/rachelzach-268.jpg,Ceremony,rachelzach-268.jpg,embedded_metadata,
Kaitlin Burns,Ceremony/rachelzach-268.jpg,Ceremony,rachelzach-268.jpg,embedded_metadata,
Tara,Ceremony/rachelzach-269.jpg,Ceremony,rachelzach-269.jpg,embedded_metadata,
Jake Lurie,Ceremony/rachelzach-270.jpg,Ceremony,rachelzach-270.jpg,embedded_metadata,
Lauren Lurie,Ceremony/rachelzach-270.jpg,Ceremony,rachelzach-270.jpg,embedded_metadata,
Sally,Ceremony/rachelzach-270.jpg,Ceremony,rachelzach-270.jpg,embedded_metadata,
Sally,Ceremony/rachelzach-271.jpg,Ceremony,rachelzach-271.jpg,embedded_metadata,
Tim J,Ceremony/rachelzach-272.jpg,Ceremony,rachelzach-272.jpg,embedded_metadata,
Trelawny,Ceremony/rachelzach-272.jpg,Ceremony,rachelzach-272.jpg,embedded_metadata,
J Til,Ceremony/rachelzach-274.jpg,Ceremony,rachelzach-274.jpg,embedded_metadata,
Kaitlin Burns,Ceremony/rachelzach-274.jpg,Ceremony,rachelzach-274.jpg,embedded_metadata,
J Til,Ceremony/rachelzach-275.jpg,Ceremony,rachelzach-275.jpg,embedded_metadata,
Kaitlin Burns,Ceremony/rachelzach-275.jpg,Ceremony,rachelzach-275.jpg,embedded_metadata,
Keagen,Ceremony/rachelzach-276.jpg,Ceremony,rachelzach-276.jpg,embedded_metadata,
Lauren Bond,Ceremony/rachelzach-276.jpg,Ceremony,rachelzach-276.jpg,embedded_metadata,
SCOTT L,Ceremony/rachelzach-277.jpg,Ceremony,rachelzach-277.jpg,embedded_metadata,
Tim J,Ceremony/rachelzach-277.jpg,Ceremony,rachelzach-277.jpg,embedded_metadata,
Trelawny,Ceremony/rachelzach-277.jpg,Ceremony,rachelzach-277.jpg,embedded_metadata,
Tim J,Ceremony/rachelzach-278.jpg,Ceremony,rachelzach-278.jpg,embedded_metadata,
Trelawny,Ceremony/rachelzach-278.jpg,Ceremony,rachelzach-278.jpg,embedded_metadata,
Keagen,Ceremony/rachelzach-279.jpg,Ceremony,rachelzach-279.jpg,embedded_metadata,
Lauren Bond,Ceremony/rachelzach-279.jpg,Ceremony,rachelzach-279.jpg,embedded_metadata,
Jorie,Ceremony/rachelzach-280.jpg,Ceremony,rachelzach-280.jpg,embedded_metadata,
Kelsey Meyers,Ceremony/rachelzach-280.jpg,Ceremony,rachelzach-280.jpg,embedded_metadata,
Keagen,Ceremony/rachelzach-281.jpg,Ceremony,rachelzach-281.jpg,embedded_metadata,
Lauren Bond,Ceremony/rachelzach-281.jpg,Ceremony,rachelzach-281.jpg,embedded_metadata,
Keagen,Ceremony/rachelzach-282.jpg,Ceremony,rachelzach-282.jpg,embedded_metadata,
Jeffry Lurie,Ceremony/rachelzach-283.jpg,Ceremony,rachelzach-283.jpg,embedded_metadata,
Kayla,Ceremony/rachelzach-283.jpg,Ceremony,rachelzach-283.jpg,embedded_metadata,
Jason Howarth,Ceremony/rachelzach-284.jpg,Ceremony,rachelzach-284.jpg,embedded_metadata,
Jorie,Ceremony/rachelzach-284.jpg,Ceremony,rachelzach-284.jpg,embedded_metadata,
Kelsey Meyers,Ceremony/rachelzach-284.jpg,Ceremony,rachelzach-284.jpg,embedded_metadata,
Leeann,Ceremony/rachelzach-284.jpg,Ceremony,rachelzach-284.jpg,embedded_metadata,
SCOTT L,Ceremony/rachelzach-284.jpg,Ceremony,rachelzach-284.jpg,embedded_metadata,
Beth,Ceremony/rachelzach-285.jpg,Ceremony,rachelzach-285.jpg,embedded_metadata,
Debi,Ceremony/rachelzach-285.jpg,Ceremony,rachelzach-285.jpg,embedded_metadata,
Leeann,Ceremony/rachelzach-287.jpg,Ceremony,rachelzach-287.jpg,embedded_metadata,
Parker,Ceremony/rachelzach-287.jpg,Ceremony,rachelzach-287.jpg,embedded_metadata,
J Til,Ceremony/rachelzach-288.jpg,Ceremony,rachelzach-288.jpg,embedded_metadata,
Keagen,Ceremony/rachelzach-288.jpg,Ceremony,rachelzach-288.jpg,embedded_metadata,
Parker,Ceremony/rachelzach-288.jpg,Ceremony,rachelzach-288.jpg,embedded_metadata,
Tim J,Ceremony/rachelzach-288.jpg,Ceremony,rachelzach-288.jpg,embedded_metadata,
Phil C,Ceremony/rachelzach-289.jpg,Ceremony,rachelzach-289.jpg,embedded_metadata,
Zach Soskin,Ceremony/rachelzach-289.jpg,Ceremony,rachelzach-289.jpg,embedded_metadata,
Phil C,Ceremony/rachelzach-290.jpg,Ceremony,rachelzach-290.jpg,embedded_metadata,
Zach Soskin,Ceremony/rachelzach-290.jpg,Ceremony,rachelzach-290.jpg,embedded_metadata,
J Til,Ceremony/rachelzach-291.jpg,Ceremony,rachelzach-291.jpg,embedded_metadata,
Jorie,Ceremony/rachelzach-291.jpg,Ceremony,rachelzach-291.jpg,embedded_metadata,
Keagen,Ceremony/rachelzach-291.jpg,Ceremony,rachelzach-291.jpg,embedded_metadata,
Riley,Ceremony/rachelzach-291.jpg,Ceremony,rachelzach-291.jpg,embedded_metadata,
Tim J,Ceremony/rachelzach-291.jpg,Ceremony,rachelzach-291.jpg,embedded_metadata,
J Til,Ceremony/rachelzach-293.jpg,Ceremony,rachelzach-293.jpg,embedded_metadata,
Jake Lurie,Ceremony/rachelzach-293.jpg,Ceremony,rachelzach-293.jpg,embedded_metadata,
Keagen,Ceremony/rachelzach-293.jpg,Ceremony,rachelzach-293.jpg,embedded_metadata,
Patti,Ceremony/rachelzach-293.jpg,Ceremony,rachelzach-293.jpg,embedded_metadata,
Robbie,Ceremony/rachelzach-293.jpg,Ceremony,rachelzach-293.jpg,embedded_metadata,
Tim J,Ceremony/rachelzach-293.jpg,Ceremony,rachelzach-293.jpg,embedded_metadata,
J Til,Ceremony/rachelzach-294.jpg,Ceremony,rachelzach-294.jpg,embedded_metadata,
Jake Lurie,Ceremony/rachelzach-294.jpg,Ceremony,rachelzach-294.jpg,embedded_metadata,
Jeffry Lurie,Ceremony/rachelzach-294.jpg,Ceremony,rachelzach-294.jpg,embedded_metadata,
Keagen,Ceremony/rachelzach-294.jpg,Ceremony,rachelzach-294.jpg,embedded_metadata,
Parker,Ceremony/rachelzach-294.jpg,Ceremony,rachelzach-294.jpg,embedded_metadata,
Patti,Ceremony/rachelzach-294.jpg,Ceremony,rachelzach-294.jpg,embedded_metadata,
Robbie,Ceremony/rachelzach-294.jpg,Ceremony,rachelzach-294.jpg,embedded_metadata,
Tim J,Ceremony/rachelzach-294.jpg,Ceremony,rachelzach-294.jpg,embedded_metadata,
Zach Soskin,Ceremony/rachelzach-295.jpg,Ceremony,rachelzach-295.jpg,embedded_metadata,
Zach Soskin,Ceremony/rachelzach-296.jpg,Ceremony,rachelzach-296.jpg,embedded_metadata,
Dan Casciano,Ceremony/rachelzach-297.jpg,Ceremony,rachelzach-297.jpg,embedded_metadata,
Rachel Casciano,Ceremony/rachelzach-297.jpg,Ceremony,rachelzach-297.jpg,embedded_metadata,
Rachel Casciano,Ceremony/rachelzach-298.jpg,Ceremony,rachelzach-298.jpg,correction_or_metadata,bride and groom ceremony
Zach Soskin,Ceremony/rachelzach-298.jpg,Ceremony,rachelzach-298.jpg,correction_or_metadata,bride and groom ceremony
Keagen,Ceremony/rachelzach-299.jpg,Ceremony,rachelzach-299.jpg,embedded_metadata,
Dan Casciano,Ceremony/rachelzach-300.jpg,Ceremony,rachelzach-300.jpg,embedded_metadata,
Debi,Ceremony/rachelzach-300.jpg,Ceremony,rachelzach-300.jpg,embedded_metadata,
Erik,Ceremony/rachelzach-300.jpg,Ceremony,rachelzach-300.jpg,embedded_metadata,
Melanie Casciano,Ceremony/rachelzach-300.jpg,Ceremony,rachelzach-300.jpg,embedded_metadata,
Nancy Lurie,Ceremony/rachelzach-300.jpg,Ceremony,rachelzach-300.jpg,embedded_metadata,
Rachel Casciano,Ceremony/rachelzach-300.jpg,Ceremony,rachelzach-300.jpg,embedded_metadata,
Zach Soskin,Ceremony/rachelzach-301.jpg,Ceremony,rachelzach-301.jpg,embedded_metadata,
Dan Casciano,Ceremony/rachelzach-302.jpg,Ceremony,rachelzach-302.jpg,embedded_metadata,
Debi,Ceremony/rachelzach-302.jpg,Ceremony,rachelzach-302.jpg,embedded_metadata,
Erik,Ceremony/rachelzach-302.jpg,Ceremony,rachelzach-302.jpg,embedded_metadata,
Keagen,Ceremony/rachelzach-302.jpg,Ceremony,rachelzach-302.jpg,embedded_metadata,
Melanie Casciano,Ceremony/rachelzach-302.jpg,Ceremony,rachelzach-302.jpg,embedded_metadata,
Rachel Casciano,Ceremony/rachelzach-302.jpg,Ceremony,rachelzach-302.jpg,embedded_metadata,
Tim J,Ceremony/rachelzach-302.jpg,Ceremony,rachelzach-302.jpg,embedded_metadata,
TODD LEONARD,Ceremony/rachelzach-302.jpg,Ceremony,rachelzach-302.jpg,embedded_metadata,
Beth,Ceremony/rachelzach-303.jpg,Ceremony,rachelzach-303.jpg,embedded_metadata,
Dan Casciano,Ceremony/rachelzach-303.jpg,Ceremony,rachelzach-303.jpg,embedded_metadata,
Jake Lurie,Ceremony/rachelzach-303.jpg,Ceremony,rachelzach-303.jpg,embedded_metadata,
Keagen,Ceremony/rachelzach-303.jpg,Ceremony,rachelzach-303.jpg,embedded_metadata,
Parker,Ceremony/rachelzach-303.jpg,Ceremony,rachelzach-303.jpg,embedded_metadata,
Patti,Ceremony/rachelzach-303.jpg,Ceremony,rachelzach-303.jpg,embedded_metadata,
Tim J,Ceremony/rachelzach-303.jpg,Ceremony,rachelzach-303.jpg,embedded_metadata,
Phil C,Ceremony/rachelzach-304.jpg,Ceremony,rachelzach-304.jpg,embedded_metadata,
Zach Soskin,Ceremony/rachelzach-304.jpg,Ceremony,rachelzach-304.jpg,embedded_metadata,
Adam Stillman,Ceremony/rachelzach-305.jpg,Ceremony,rachelzach-305.jpg,embedded_metadata,
Beth,Ceremony/rachelzach-305.jpg,Ceremony,rachelzach-305.jpg,embedded_metadata,
J Til,Ceremony/rachelzach-305.jpg,Ceremony,rachelzach-305.jpg,embedded_metadata,
Keagen,Ceremony/rachelzach-305.jpg,Ceremony,rachelzach-305.jpg,embedded_metadata,
Patti,Ceremony/rachelzach-305.jpg,Ceremony,rachelzach-305.jpg,embedded_metadata,
Rachel Casciano,Ceremony/rachelzach-305.jpg,Ceremony,rachelzach-305.jpg,embedded_metadata,
J Til,Ceremony/rachelzach-306.jpg,Ceremony,rachelzach-306.jpg,embedded_metadata,
Jake Lurie,Ceremony/rachelzach-306.jpg,Ceremony,rachelzach-306.jpg,embedded_metadata,
Keagen,Ceremony/rachelzach-306.jpg,Ceremony,rachelzach-306.jpg,embedded_metadata,
Patti,Ceremony/rachelzach-306.jpg,Ceremony,rachelzach-306.jpg,embedded_metadata,
Robbie,Ceremony/rachelzach-306.jpg,Ceremony,rachelzach-306.jpg,embedded_metadata,
Ronald Harris,Ceremony/rachelzach-306.jpg,Ceremony,rachelzach-306.jpg,embedded_metadata,
Tim J,Ceremony/rachelzach-306.jpg,Ceremony,rachelzach-306.jpg,embedded_metadata,
Zach Soskin,Ceremony/rachelzach-306.jpg,Ceremony,rachelzach-306.jpg,embedded_metadata,
Phil C,Ceremony/rachelzach-307.jpg,Ceremony,rachelzach-307.jpg,embedded_metadata,
Zach Soskin,Ceremony/rachelzach-307.jpg,Ceremony,rachelzach-307.jpg,embedded_metadata,
Rachel Casciano,Ceremony/rachelzach-308.jpg,Ceremony,rachelzach-308.jpg,correction_or_metadata,bride and groom ceremony
Zach Soskin,Ceremony/rachelzach-308.jpg,Ceremony,rachelzach-308.jpg,correction_or_metadata,bride and groom ceremony
Rachel Casciano,Ceremony/rachelzach-309.jpg,Ceremony,rachelzach-309.jpg,correction_or_metadata,bride and groom ceremony
Zach Soskin,Ceremony/rachelzach-309.jpg,Ceremony,rachelzach-309.jpg,correction_or_metadata,bride and groom ceremony
Phil C,Ceremony/rachelzach-310.jpg,Ceremony,rachelzach-310.jpg,embedded_metadata,
Zach Soskin,Ceremony/rachelzach-310.jpg,Ceremony,rachelzach-310.jpg,embedded_metadata,
Phil C,Ceremony/rachelzach-311.jpg,Ceremony,rachelzach-311.jpg,embedded_metadata,
Zach Soskin,Ceremony/rachelzach-311.jpg,Ceremony,rachelzach-311.jpg,embedded_metadata,
Phil C,Ceremony/rachelzach-312.jpg,Ceremony,rachelzach-312.jpg,embedded_metadata,
Zach Soskin,Ceremony/rachelzach-312.jpg,Ceremony,rachelzach-312.jpg,embedded_metadata,
Rachel Casciano,Ceremony/rachelzach-313.jpg,Ceremony,rachelzach-313.jpg,embedded_metadata,
Phil C,Ceremony/rachelzach-314.jpg,Ceremony,rachelzach-314.jpg,embedded_metadata,
Zach Soskin,Ceremony/rachelzach-314.jpg,Ceremony,rachelzach-314.jpg,embedded_metadata,
Phil C,Ceremony/rachelzach-315.jpg,Ceremony,rachelzach-315.jpg,embedded_metadata,
Zach Soskin,Ceremony/rachelzach-315.jpg,Ceremony,rachelzach-315.jpg,embedded_metadata,
Chad Slomovitz,Ceremony/rachelzach-316.jpg,Ceremony,rachelzach-316.jpg,embedded_metadata,
Jeffry Lurie,Ceremony/rachelzach-316.jpg,Ceremony,rachelzach-316.jpg,embedded_metadata,
Jorie,Ceremony/rachelzach-316.jpg,Ceremony,rachelzach-316.jpg,embedded_metadata,
Parker,Ceremony/rachelzach-316.jpg,Ceremony,rachelzach-316.jpg,embedded_metadata,
Patti,Ceremony/rachelzach-316.jpg,Ceremony,rachelzach-316.jpg,embedded_metadata,
Phil C,Ceremony/rachelzach-316.jpg,Ceremony,rachelzach-316.jpg,embedded_metadata,
Ronald Harris,Ceremony/rachelzach-316.jpg,Ceremony,rachelzach-316.jpg,embedded_metadata,
Keagen,Ceremony/rachelzach-317.jpg,Ceremony,rachelzach-317.jpg,embedded_metadata,
Tim J,Ceremony/rachelzach-317.jpg,Ceremony,rachelzach-317.jpg,embedded_metadata,
Zach Soskin,Ceremony/rachelzach-317.jpg,Ceremony,rachelzach-317.jpg,embedded_metadata,
Dan Casciano,Ceremony/rachelzach-318.jpg,Ceremony,rachelzach-318.jpg,embedded_metadata,
Maddie Slomovitz,Ceremony/rachelzach-318.jpg,Ceremony,rachelzach-318.jpg,embedded_metadata,
Sam Ankin,Ceremony/rachelzach-318.jpg,Ceremony,rachelzach-318.jpg,embedded_metadata,
Stephanie Soskin,Ceremony/rachelzach-318.jpg,Ceremony,rachelzach-318.jpg,embedded_metadata,
Zach Soskin,Ceremony/rachelzach-319.jpg,Ceremony,rachelzach-319.jpg,embedded_metadata,
Zach Soskin,Ceremony/rachelzach-320.jpg,Ceremony,rachelzach-320.jpg,embedded_metadata,
Zach Soskin,Ceremony/rachelzach-321.jpg,Ceremony,rachelzach-321.jpg,embedded_metadata,
Phil C,Ceremony/rachelzach-322.jpg,Ceremony,rachelzach-322.jpg,embedded_metadata,
Zach Soskin,Ceremony/rachelzach-322.jpg,Ceremony,rachelzach-322.jpg,embedded_metadata,
J Til,Ceremony/rachelzach-323.jpg,Ceremony,rachelzach-323.jpg,embedded_metadata,
Jody Post,Ceremony/rachelzach-323.jpg,Ceremony,rachelzach-323.jpg,embedded_metadata,
Keagen,Ceremony/rachelzach-323.jpg,Ceremony,rachelzach-323.jpg,embedded_metadata,
Parker,Ceremony/rachelzach-323.jpg,Ceremony,rachelzach-323.jpg,embedded_metadata,
Patti,Ceremony/rachelzach-323.jpg,Ceremony,rachelzach-323.jpg,embedded_metadata,
Robbie,Ceremony/rachelzach-323.jpg,Ceremony,rachelzach-323.jpg,embedded_metadata,
Ronald Harris,Ceremony/rachelzach-323.jpg,Ceremony,rachelzach-323.jpg,embedded_metadata,
Tim J,Ceremony/rachelzach-323.jpg,Ceremony,rachelzach-323.jpg,embedded_metadata,
Zach Soskin,Ceremony/rachelzach-325.jpg,Ceremony,rachelzach-325.jpg,embedded_metadata,
Phil C,Ceremony/rachelzach-327.jpg,Ceremony,rachelzach-327.jpg,embedded_metadata,
Zach Soskin,Ceremony/rachelzach-327.jpg,Ceremony,rachelzach-327.jpg,embedded_metadata,
Phil C,Ceremony/rachelzach-329.jpg,Ceremony,rachelzach-329.jpg,embedded_metadata,
Zach Soskin,Ceremony/rachelzach-329.jpg,Ceremony,rachelzach-329.jpg,embedded_metadata,
Phil C,Ceremony/rachelzach-330.jpg,Ceremony,rachelzach-330.jpg,embedded_metadata,
Rachel Casciano,Ceremony/rachelzach-330.jpg,Ceremony,rachelzach-330.jpg,embedded_metadata,
Zach Soskin,Ceremony/rachelzach-330.jpg,Ceremony,rachelzach-330.jpg,embedded_metadata,
Phil C,Ceremony/rachelzach-331.jpg,Ceremony,rachelzach-331.jpg,embedded_metadata,
Rachel Casciano,Ceremony/rachelzach-331.jpg,Ceremony,rachelzach-331.jpg,embedded_metadata,
Zach Soskin,Ceremony/rachelzach-331.jpg,Ceremony,rachelzach-331.jpg,embedded_metadata,
Phil C,Ceremony/rachelzach-332.jpg,Ceremony,rachelzach-332.jpg,embedded_metadata,
Zach Soskin,Ceremony/rachelzach-332.jpg,Ceremony,rachelzach-332.jpg,embedded_metadata,
Phil C,Ceremony/rachelzach-333.jpg,Ceremony,rachelzach-333.jpg,embedded_metadata,
Rachel Casciano,Ceremony/rachelzach-333.jpg,Ceremony,rachelzach-333.jpg,embedded_metadata,
Zach Soskin,Ceremony/rachelzach-333.jpg,Ceremony,rachelzach-333.jpg,embedded_metadata,
Adi,Ceremony/rachelzach-335.jpg,Ceremony,rachelzach-335.jpg,embedded_metadata,
Brendan,Ceremony/rachelzach-335.jpg,Ceremony,rachelzach-335.jpg,embedded_metadata,
Phil C,Ceremony/rachelzach-336.jpg,Ceremony,rachelzach-336.jpg,embedded_metadata,
Zach Soskin,Ceremony/rachelzach-336.jpg,Ceremony,rachelzach-336.jpg,embedded_metadata,
Nate waldron,Ceremony/rachelzach-337.jpg,Ceremony,rachelzach-337.jpg,embedded_metadata,
Phil C,Ceremony/rachelzach-338.jpg,Ceremony,rachelzach-338.jpg,embedded_metadata,
Zach Soskin,Ceremony/rachelzach-338.jpg,Ceremony,rachelzach-338.jpg,embedded_metadata,
Phil C,Ceremony/rachelzach-339.jpg,Ceremony,rachelzach-339.jpg,embedded_metadata,
Zach Soskin,Ceremony/rachelzach-339.jpg,Ceremony,rachelzach-339.jpg,embedded_metadata,
Phil C,Ceremony/rachelzach-340.jpg,Ceremony,rachelzach-340.jpg,embedded_metadata,
Zach Soskin,Ceremony/rachelzach-340.jpg,Ceremony,rachelzach-340.jpg,embedded_metadata,
Dan Casciano,Ceremony/rachelzach-342.jpg,Ceremony,rachelzach-342.jpg,embedded_metadata,
Jamie,Ceremony/rachelzach-343.jpg,Ceremony,rachelzach-343.jpg,embedded_metadata,
Tim Meyers,Ceremony/rachelzach-343.jpg,Ceremony,rachelzach-343.jpg,embedded_metadata,
Chris,Ceremony/rachelzach-344.jpg,Ceremony,rachelzach-344.jpg,embedded_metadata,
Jamie,Ceremony/rachelzach-344.jpg,Ceremony,rachelzach-344.jpg,embedded_metadata,
Phil Quist,Ceremony/rachelzach-344.jpg,Ceremony,rachelzach-344.jpg,embedded_metadata,
Debi,Ceremony/rachelzach-345.jpg,Ceremony,rachelzach-345.jpg,embedded_metadata,
Morgan,Ceremony/rachelzach-345.jpg,Ceremony,rachelzach-345.jpg,embedded_metadata,
Melanie Casciano,Ceremony/rachelzach-346.jpg,Ceremony,rachelzach-346.jpg,embedded_metadata,
Zach Soskin,Ceremony/rachelzach-346.jpg,Ceremony,rachelzach-346.jpg,embedded_metadata,
Patti,Ceremony/rachelzach-350.jpg,Ceremony,rachelzach-350.jpg,embedded_metadata,
Robbie,Ceremony/rachelzach-350.jpg,Ceremony,rachelzach-350.jpg,embedded_metadata,
Ronald Harris,Ceremony/rachelzach-350.jpg,Ceremony,rachelzach-350.jpg,embedded_metadata,
Patti,Ceremony/rachelzach-351.jpg,Ceremony,rachelzach-351.jpg,embedded_metadata,
Robbie,Ceremony/rachelzach-351.jpg,Ceremony,rachelzach-351.jpg,embedded_metadata,
Ronald Harris,Ceremony/rachelzach-351.jpg,Ceremony,rachelzach-351.jpg,embedded_metadata,
Zach Soskin,Ceremony/rachelzach-351.jpg,Ceremony,rachelzach-351.jpg,embedded_metadata,
Phil C,Ceremony/rachelzach-354.jpg,Ceremony,rachelzach-354.jpg,embedded_metadata,
Zach Soskin,Ceremony/rachelzach-354.jpg,Ceremony,rachelzach-354.jpg,embedded_metadata,
Zach Soskin,Ceremony/rachelzach-355.jpg,Ceremony,rachelzach-355.jpg,embedded_metadata,
Zach Soskin,Ceremony/rachelzach-356.jpg,Ceremony,rachelzach-356.jpg,embedded_metadata,
Zach Soskin,Ceremony/rachelzach-357.jpg,Ceremony,rachelzach-357.jpg,embedded_metadata,
Chad Slomovitz,Ceremony/rachelzach-358.jpg,Ceremony,rachelzach-358.jpg,embedded_metadata,
Jeffry Lurie,Ceremony/rachelzach-358.jpg,Ceremony,rachelzach-358.jpg,embedded_metadata,
Jorie,Ceremony/rachelzach-358.jpg,Ceremony,rachelzach-358.jpg,embedded_metadata,
Parker,Ceremony/rachelzach-358.jpg,Ceremony,rachelzach-358.jpg,embedded_metadata,
Patti,Ceremony/rachelzach-358.jpg,Ceremony,rachelzach-358.jpg,embedded_metadata,
Robbie,Ceremony/rachelzach-358.jpg,Ceremony,rachelzach-358.jpg,embedded_metadata,
Ronald Harris,Ceremony/rachelzach-358.jpg,Ceremony,rachelzach-358.jpg,embedded_metadata,
Rachel Casciano,Ceremony/rachelzach-359.jpg,Ceremony,rachelzach-359.jpg,embedded_metadata,
Dan Casciano,Ceremony/rachelzach-362.jpg,Ceremony,rachelzach-362.jpg,embedded_metadata,
Kaitlin Burns,Ceremony/rachelzach-362.jpg,Ceremony,rachelzach-362.jpg,embedded_metadata,
Kelsey Meyers,Ceremony/rachelzach-362.jpg,Ceremony,rachelzach-362.jpg,embedded_metadata,
Melanie Casciano,Ceremony/rachelzach-362.jpg,Ceremony,rachelzach-362.jpg,embedded_metadata,
Sally,Ceremony/rachelzach-362.jpg,Ceremony,rachelzach-362.jpg,embedded_metadata,
Tara,Ceremony/rachelzach-362.jpg,Ceremony,rachelzach-362.jpg,embedded_metadata,
Robbie,Ceremony/rachelzach-363.jpg,Ceremony,rachelzach-363.jpg,embedded_metadata,
Zach Soskin,Ceremony/rachelzach-364.jpg,Ceremony,rachelzach-364.jpg,embedded_metadata,
Rachel Casciano,Ceremony/rachelzach-365.jpg,Ceremony,rachelzach-365.jpg,embedded_metadata,
Rachel Casciano,Ceremony/rachelzach-366.jpg,Ceremony,rachelzach-366.jpg,embedded_metadata,
Rachel Casciano,Ceremony/rachelzach-367.jpg,Ceremony,rachelzach-367.jpg,embedded_metadata,
Zach Soskin,Ceremony/rachelzach-368.jpg,Ceremony,rachelzach-368.jpg,embedded_metadata,
Zach Soskin,Ceremony/rachelzach-369.jpg,Ceremony,rachelzach-369.jpg,embedded_metadata,
Rachel Casciano,Ceremony/rachelzach-371.jpg,Ceremony,rachelzach-371.jpg,correction_or_metadata,wide ceremony couple
Zach Soskin,Ceremony/rachelzach-371.jpg,Ceremony,rachelzach-371.jpg,correction_or_metadata,wide ceremony couple
Phil C,Ceremony/rachelzach-372.jpg,Ceremony,rachelzach-372.jpg,embedded_metadata,
Zach Soskin,Ceremony/rachelzach-372.jpg,Ceremony,rachelzach-372.jpg,embedded_metadata,
Zach Soskin,Ceremony/rachelzach-373.jpg,Ceremony,rachelzach-373.jpg,embedded_metadata,
Zach Soskin,Ceremony/rachelzach-374.jpg,Ceremony,rachelzach-374.jpg,embedded_metadata,
Rachel Casciano,Ceremony/rachelzach-375.jpg,Ceremony,rachelzach-375.jpg,embedded_metadata,
Rachel Casciano,Ceremony/rachelzach-376.jpg,Ceremony,rachelzach-376.jpg,embedded_metadata,
Gisel,Ceremony/rachelzach-377.jpg,Ceremony,rachelzach-377.jpg,embedded_metadata,
Nate O,Ceremony/rachelzach-377.jpg,Ceremony,rachelzach-377.jpg,embedded_metadata,
Tim Meyers,Ceremony/rachelzach-377.jpg,Ceremony,rachelzach-377.jpg,embedded_metadata,
Rachel Casciano,Ceremony/rachelzach-378.jpg,Ceremony,rachelzach-378.jpg,embedded_metadata,
Rachel Casciano,Ceremony/rachelzach-379.jpg,Ceremony,rachelzach-379.jpg,embedded_metadata,
Maddie Slomovitz,Ceremony/rachelzach-380.jpg,Ceremony,rachelzach-380.jpg,embedded_metadata,
Rachel Casciano,Ceremony/rachelzach-380.jpg,Ceremony,rachelzach-380.jpg,embedded_metadata,
Stephanie Soskin,Ceremony/rachelzach-380.jpg,Ceremony,rachelzach-380.jpg,embedded_metadata,
Rachel Casciano,Ceremony/rachelzach-381.jpg,Ceremony,rachelzach-381.jpg,embedded_metadata,
Stephanie Soskin,Ceremony/rachelzach-381.jpg,Ceremony,rachelzach-381.jpg,embedded_metadata,
Maddie Slomovitz,Ceremony/rachelzach-382.jpg,Ceremony,rachelzach-382.jpg,embedded_metadata,
Rachel Casciano,Ceremony/rachelzach-382.jpg,Ceremony,rachelzach-382.jpg,embedded_metadata,
Stephanie Soskin,Ceremony/rachelzach-382.jpg,Ceremony,rachelzach-382.jpg,embedded_metadata,
Rachel Casciano,Ceremony/rachelzach-383.jpg,Ceremony,rachelzach-383.jpg,embedded_metadata,
Phil C,Ceremony/rachelzach-386.jpg,Ceremony,rachelzach-386.jpg,embedded_metadata,
Zach Soskin,Ceremony/rachelzach-386.jpg,Ceremony,rachelzach-386.jpg,embedded_metadata,
Phil C,Ceremony/rachelzach-387.jpg,Ceremony,rachelzach-387.jpg,embedded_metadata,
Phil C,Ceremony/rachelzach-388.jpg,Ceremony,rachelzach-388.jpg,embedded_metadata,
Zach Soskin,Ceremony/rachelzach-388.jpg,Ceremony,rachelzach-388.jpg,embedded_metadata,
Rachel Casciano,Ceremony/rachelzach-389.jpg,Ceremony,rachelzach-389.jpg,correction_or_metadata,bride and groom kiss
Zach Soskin,Ceremony/rachelzach-389.jpg,Ceremony,rachelzach-389.jpg,correction_or_metadata,bride and groom kiss
Rachel Casciano,Ceremony/rachelzach-390.jpg,Ceremony,rachelzach-390.jpg,correction_or_metadata,bride and groom kiss
Zach Soskin,Ceremony/rachelzach-390.jpg,Ceremony,rachelzach-390.jpg,correction_or_metadata,bride and groom kiss
Zach Soskin,Ceremony/rachelzach-391.jpg,Ceremony,rachelzach-391.jpg,embedded_metadata,
Rachel Casciano,Ceremony/rachelzach-392.jpg,Ceremony,rachelzach-392.jpg,correction_or_metadata,bride and groom kiss
Zach Soskin,Ceremony/rachelzach-392.jpg,Ceremony,rachelzach-392.jpg,correction_or_metadata,bride and groom kiss
Rachel Casciano,Ceremony/rachelzach-393.jpg,Ceremony,rachelzach-393.jpg,correction_or_metadata,bride and groom kiss
Zach Soskin,Ceremony/rachelzach-393.jpg,Ceremony,rachelzach-393.jpg,correction_or_metadata,bride and groom kiss
Rachel Casciano,Ceremony/rachelzach-394.jpg,Ceremony,rachelzach-394.jpg,correction_or_metadata,bride and groom kiss
Zach Soskin,Ceremony/rachelzach-394.jpg,Ceremony,rachelzach-394.jpg,correction_or_metadata,bride and groom kiss
Rachel Casciano,Ceremony/rachelzach-395.jpg,Ceremony,rachelzach-395.jpg,embedded_metadata,
Rachel Casciano,Ceremony/rachelzach-396.jpg,Ceremony,rachelzach-396.jpg,embedded_metadata,
Keagen,Ceremony/rachelzach-397.jpg,Ceremony,rachelzach-397.jpg,embedded_metadata,
Rachel Casciano,Ceremony/rachelzach-397.jpg,Ceremony,rachelzach-397.jpg,embedded_metadata,
Sally,Ceremony/rachelzach-397.jpg,Ceremony,rachelzach-397.jpg,embedded_metadata,
Tim J,Ceremony/rachelzach-397.jpg,Ceremony,rachelzach-397.jpg,embedded_metadata,
Zach Soskin,Ceremony/rachelzach-397.jpg,Ceremony,rachelzach-397.jpg,embedded_metadata,
Keagen,Ceremony/rachelzach-398.jpg,Ceremony,rachelzach-398.jpg,embedded_metadata,
Rachel Casciano,Ceremony/rachelzach-398.jpg,Ceremony,rachelzach-398.jpg,embedded_metadata,
Tim J,Ceremony/rachelzach-398.jpg,Ceremony,rachelzach-398.jpg,embedded_metadata,
Zach Soskin,Ceremony/rachelzach-398.jpg,Ceremony,rachelzach-398.jpg,embedded_metadata,
Keagen,Ceremony/rachelzach-399.jpg,Ceremony,rachelzach-399.jpg,embedded_metadata,
Rachel Casciano,Ceremony/rachelzach-399.jpg,Ceremony,rachelzach-399.jpg,embedded_metadata,
Zach Soskin,Ceremony/rachelzach-399.jpg,Ceremony,rachelzach-399.jpg,embedded_metadata,
Keagen,Ceremony/rachelzach-400.jpg,Ceremony,rachelzach-400.jpg,embedded_metadata,
Phil Quist,Ceremony/rachelzach-400.jpg,Ceremony,rachelzach-400.jpg,embedded_metadata,
Rachel Casciano,Ceremony/rachelzach-400.jpg,Ceremony,rachelzach-400.jpg,embedded_metadata,
Zach Soskin,Ceremony/rachelzach-400.jpg,Ceremony,rachelzach-400.jpg,embedded_metadata,
Keagen,Ceremony/rachelzach-401.jpg,Ceremony,rachelzach-401.jpg,embedded_metadata,
Rachel Casciano,Ceremony/rachelzach-401.jpg,Ceremony,rachelzach-401.jpg,embedded_metadata,
Zach Soskin,Ceremony/rachelzach-401.jpg,Ceremony,rachelzach-401.jpg,embedded_metadata,
Keagen,Ceremony/rachelzach-402.jpg,Ceremony,rachelzach-402.jpg,embedded_metadata,
Rachel Casciano,Ceremony/rachelzach-402.jpg,Ceremony,rachelzach-402.jpg,embedded_metadata,
Zach Soskin,Ceremony/rachelzach-402.jpg,Ceremony,rachelzach-402.jpg,embedded_metadata,
Rachel Casciano,Ceremony/rachelzach-403.jpg,Ceremony,rachelzach-403.jpg,embedded_metadata,
Zach Soskin,Ceremony/rachelzach-403.jpg,Ceremony,rachelzach-403.jpg,embedded_metadata,
SCOTT L,Ceremony/rachelzach-404.jpg,Ceremony,rachelzach-404.jpg,embedded_metadata,
Keagen,Ceremony/rachelzach-405.jpg,Ceremony,rachelzach-405.jpg,embedded_metadata,
SCOTT L,Ceremony/rachelzach-405.jpg,Ceremony,rachelzach-405.jpg,embedded_metadata,
Keagen,Ceremony/rachelzach-406.jpg,Ceremony,rachelzach-406.jpg,embedded_metadata,
SCOTT L,Ceremony/rachelzach-407.jpg,Ceremony,rachelzach-407.jpg,embedded_metadata,
Zach Soskin,Ceremony/rachelzach-407.jpg,Ceremony,rachelzach-407.jpg,embedded_metadata,
SCOTT L,Ceremony/rachelzach-408.jpg,Ceremony,rachelzach-408.jpg,embedded_metadata,
Zach Soskin,Ceremony/rachelzach-409.jpg,Ceremony,rachelzach-409.jpg,embedded_metadata,
Rachel Casciano,Ceremony/rachelzach-410.jpg,Ceremony,rachelzach-410.jpg,embedded_metadata,
Zach Soskin,Ceremony/rachelzach-410.jpg,Ceremony,rachelzach-410.jpg,embedded_metadata,
Matt,Ceremony/rachelzach-411.jpg,Ceremony,rachelzach-411.jpg,embedded_metadata,
Rachel Casciano,Ceremony/rachelzach-411.jpg,Ceremony,rachelzach-411.jpg,embedded_metadata,
Rachel Casciano,Ceremony/rachelzach-412.jpg,Ceremony,rachelzach-412.jpg,correction_or_metadata,bride and groom from behind
Zach Soskin,Ceremony/rachelzach-412.jpg,Ceremony,rachelzach-412.jpg,correction_or_metadata,bride and groom from behind
Rachel Casciano,Ceremony/rachelzach-413.jpg,Ceremony,rachelzach-413.jpg,correction_or_metadata,bride and groom embrace
Zach Soskin,Ceremony/rachelzach-413.jpg,Ceremony,rachelzach-413.jpg,correction_or_metadata,bride and groom embrace
Zach Soskin,Ceremony/rachelzach-414.jpg,Ceremony,rachelzach-414.jpg,embedded_metadata,
Rachel Casciano,Ceremony/rachelzach-415.jpg,Ceremony,rachelzach-415.jpg,correction_or_metadata,bride and groom embrace
Zach Soskin,Ceremony/rachelzach-415.jpg,Ceremony,rachelzach-415.jpg,correction_or_metadata,bride and groom embrace
Nate O,Ceremony/rachelzach-416.jpg,Ceremony,rachelzach-416.jpg,embedded_metadata,
Siri,Ceremony/rachelzach-416.jpg,Ceremony,rachelzach-416.jpg,embedded_metadata,
Rachel Casciano,Ceremony/rachelzach-418.jpg,Ceremony,rachelzach-418.jpg,embedded_metadata,
Zach Soskin,Ceremony/rachelzach-418.jpg,Ceremony,rachelzach-418.jpg,embedded_metadata,
Zach Soskin,Ceremony/rachelzach-419.jpg,Ceremony,rachelzach-419.jpg,embedded_metadata,
Rachel Casciano,Ceremony/rachelzach-421.jpg,Ceremony,rachelzach-421.jpg,embedded_metadata,
Zach Soskin,Ceremony/rachelzach-421.jpg,Ceremony,rachelzach-421.jpg,embedded_metadata,
Rachel Casciano,Ceremony/rachelzach-422.jpg,Ceremony,rachelzach-422.jpg,embedded_metadata,
Zach Soskin,Ceremony/rachelzach-422.jpg,Ceremony,rachelzach-422.jpg,embedded_metadata,
Rachel Casciano,Ceremony/rachelzach-423.jpg,Ceremony,rachelzach-423.jpg,embedded_metadata,
Dan Casciano,Friends & Family/rachelzach-424.jpg,Friends & Family,rachelzach-424.jpg,embedded_metadata,
Melanie Casciano,Friends & Family/rachelzach-424.jpg,Friends & Family,rachelzach-424.jpg,embedded_metadata,
Rachel Casciano,Friends & Family/rachelzach-424.jpg,Friends & Family,rachelzach-424.jpg,embedded_metadata,
Zach Soskin,Friends & Family/rachelzach-424.jpg,Friends & Family,rachelzach-424.jpg,embedded_metadata,
Dan Casciano,Friends & Family/rachelzach-425.jpg,Friends & Family,rachelzach-425.jpg,embedded_metadata,
Melanie Casciano,Friends & Family/rachelzach-425.jpg,Friends & Family,rachelzach-425.jpg,embedded_metadata,
Rachel Casciano,Friends & Family/rachelzach-425.jpg,Friends & Family,rachelzach-425.jpg,embedded_metadata,
Zach Soskin,Friends & Family/rachelzach-425.jpg,Friends & Family,rachelzach-425.jpg,embedded_metadata,
Dan Casciano,Friends & Family/rachelzach-426.jpg,Friends & Family,rachelzach-426.jpg,embedded_metadata,
Melanie Casciano,Friends & Family/rachelzach-426.jpg,Friends & Family,rachelzach-426.jpg,embedded_metadata,
Rachel Casciano,Friends & Family/rachelzach-426.jpg,Friends & Family,rachelzach-426.jpg,embedded_metadata,
Dan Casciano,Friends & Family/rachelzach-427.jpg,Friends & Family,rachelzach-427.jpg,embedded_metadata,
Melanie Casciano,Friends & Family/rachelzach-427.jpg,Friends & Family,rachelzach-427.jpg,embedded_metadata,
Rachel Casciano,Friends & Family/rachelzach-427.jpg,Friends & Family,rachelzach-427.jpg,embedded_metadata,
Dan Casciano,Friends & Family/rachelzach-428.jpg,Friends & Family,rachelzach-428.jpg,embedded_metadata,
Melanie Casciano,Friends & Family/rachelzach-428.jpg,Friends & Family,rachelzach-428.jpg,embedded_metadata,
Patti,Friends & Family/rachelzach-428.jpg,Friends & Family,rachelzach-428.jpg,embedded_metadata,
Rachel Casciano,Friends & Family/rachelzach-428.jpg,Friends & Family,rachelzach-428.jpg,embedded_metadata,
Robbie,Friends & Family/rachelzach-428.jpg,Friends & Family,rachelzach-428.jpg,embedded_metadata,
Zach Soskin,Friends & Family/rachelzach-428.jpg,Friends & Family,rachelzach-428.jpg,embedded_metadata,
Patti,Friends & Family/rachelzach-429.jpg,Friends & Family,rachelzach-429.jpg,embedded_metadata,
Rachel Casciano,Friends & Family/rachelzach-429.jpg,Friends & Family,rachelzach-429.jpg,embedded_metadata,
Robbie,Friends & Family/rachelzach-429.jpg,Friends & Family,rachelzach-429.jpg,embedded_metadata,
Zach Soskin,Friends & Family/rachelzach-429.jpg,Friends & Family,rachelzach-429.jpg,embedded_metadata,
Patti,Friends & Family/rachelzach-430.jpg,Friends & Family,rachelzach-430.jpg,embedded_metadata,
Rachel Casciano,Friends & Family/rachelzach-430.jpg,Friends & Family,rachelzach-430.jpg,embedded_metadata,
Robbie,Friends & Family/rachelzach-430.jpg,Friends & Family,rachelzach-430.jpg,embedded_metadata,
Zach Soskin,Friends & Family/rachelzach-430.jpg,Friends & Family,rachelzach-430.jpg,embedded_metadata,
Patti,Friends & Family/rachelzach-431.jpg,Friends & Family,rachelzach-431.jpg,embedded_metadata,
Robbie,Friends & Family/rachelzach-431.jpg,Friends & Family,rachelzach-431.jpg,embedded_metadata,
Zach Soskin,Friends & Family/rachelzach-431.jpg,Friends & Family,rachelzach-431.jpg,embedded_metadata,
Patti,Friends & Family/rachelzach-432.jpg,Friends & Family,rachelzach-432.jpg,embedded_metadata,
Zach Soskin,Friends & Family/rachelzach-432.jpg,Friends & Family,rachelzach-432.jpg,embedded_metadata,
Robbie,Friends & Family/rachelzach-433.jpg,Friends & Family,rachelzach-433.jpg,embedded_metadata,
Zach Soskin,Friends & Family/rachelzach-433.jpg,Friends & Family,rachelzach-433.jpg,embedded_metadata,
Rachel Casciano,Friends & Family/rachelzach-434.jpg,Friends & Family,rachelzach-434.jpg,embedded_metadata,
Ronald Harris,Friends & Family/rachelzach-434.jpg,Friends & Family,rachelzach-434.jpg,embedded_metadata,
Zach Soskin,Friends & Family/rachelzach-434.jpg,Friends & Family,rachelzach-434.jpg,embedded_metadata,
Patti,Friends & Family/rachelzach-435.jpg,Friends & Family,rachelzach-435.jpg,embedded_metadata,
Rachel Casciano,Friends & Family/rachelzach-435.jpg,Friends & Family,rachelzach-435.jpg,embedded_metadata,
Robbie,Friends & Family/rachelzach-435.jpg,Friends & Family,rachelzach-435.jpg,embedded_metadata,
Ronald Harris,Friends & Family/rachelzach-435.jpg,Friends & Family,rachelzach-435.jpg,embedded_metadata,
Zach Soskin,Friends & Family/rachelzach-435.jpg,Friends & Family,rachelzach-435.jpg,embedded_metadata,
Chad Slomovitz,Friends & Family/rachelzach-436.jpg,Friends & Family,rachelzach-436.jpg,embedded_metadata,
Jorie,Friends & Family/rachelzach-436.jpg,Friends & Family,rachelzach-436.jpg,embedded_metadata,
Maddie Slomovitz,Friends & Family/rachelzach-436.jpg,Friends & Family,rachelzach-436.jpg,embedded_metadata,
Parker,Friends & Family/rachelzach-436.jpg,Friends & Family,rachelzach-436.jpg,embedded_metadata,
Patti,Friends & Family/rachelzach-436.jpg,Friends & Family,rachelzach-436.jpg,embedded_metadata,
Rachel Casciano,Friends & Family/rachelzach-436.jpg,Friends & Family,rachelzach-436.jpg,embedded_metadata,
Riley,Friends & Family/rachelzach-436.jpg,Friends & Family,rachelzach-436.jpg,embedded_metadata,
Robbie,Friends & Family/rachelzach-436.jpg,Friends & Family,rachelzach-436.jpg,embedded_metadata,
Stephanie Soskin,Friends & Family/rachelzach-436.jpg,Friends & Family,rachelzach-436.jpg,embedded_metadata,
Zach Soskin,Friends & Family/rachelzach-436.jpg,Friends & Family,rachelzach-436.jpg,embedded_metadata,
Chad Slomovitz,Friends & Family/rachelzach-437.jpg,Friends & Family,rachelzach-437.jpg,embedded_metadata,
Jorie,Friends & Family/rachelzach-437.jpg,Friends & Family,rachelzach-437.jpg,embedded_metadata,
Maddie Slomovitz,Friends & Family/rachelzach-437.jpg,Friends & Family,rachelzach-437.jpg,embedded_metadata,
Parker,Friends & Family/rachelzach-437.jpg,Friends & Family,rachelzach-437.jpg,embedded_metadata,
Patti,Friends & Family/rachelzach-437.jpg,Friends & Family,rachelzach-437.jpg,embedded_metadata,
Rachel Casciano,Friends & Family/rachelzach-437.jpg,Friends & Family,rachelzach-437.jpg,embedded_metadata,
Rylie,Friends & Family/rachelzach-437.jpg,Friends & Family,rachelzach-437.jpg,embedded_metadata,
Stephanie Soskin,Friends & Family/rachelzach-437.jpg,Friends & Family,rachelzach-437.jpg,embedded_metadata,
Zach Soskin,Friends & Family/rachelzach-437.jpg,Friends & Family,rachelzach-437.jpg,embedded_metadata,
Chad Slomovitz,Friends & Family/rachelzach-438.jpg,Friends & Family,rachelzach-438.jpg,embedded_metadata,
Jorie,Friends & Family/rachelzach-438.jpg,Friends & Family,rachelzach-438.jpg,embedded_metadata,
Maddie Slomovitz,Friends & Family/rachelzach-438.jpg,Friends & Family,rachelzach-438.jpg,embedded_metadata,
Parker,Friends & Family/rachelzach-438.jpg,Friends & Family,rachelzach-438.jpg,embedded_metadata,
Rachel Casciano,Friends & Family/rachelzach-438.jpg,Friends & Family,rachelzach-438.jpg,embedded_metadata,
Rylie,Friends & Family/rachelzach-438.jpg,Friends & Family,rachelzach-438.jpg,embedded_metadata,
Stephanie Soskin,Friends & Family/rachelzach-438.jpg,Friends & Family,rachelzach-438.jpg,embedded_metadata,
Zach Soskin,Friends & Family/rachelzach-438.jpg,Friends & Family,rachelzach-438.jpg,embedded_metadata,
Chad Slomovitz,Friends & Family/rachelzach-439.jpg,Friends & Family,rachelzach-439.jpg,embedded_metadata,
Jorie,Friends & Family/rachelzach-439.jpg,Friends & Family,rachelzach-439.jpg,embedded_metadata,
Maddie Slomovitz,Friends & Family/rachelzach-439.jpg,Friends & Family,rachelzach-439.jpg,embedded_metadata,
Rachel Casciano,Friends & Family/rachelzach-439.jpg,Friends & Family,rachelzach-439.jpg,embedded_metadata,
Rylie,Friends & Family/rachelzach-439.jpg,Friends & Family,rachelzach-439.jpg,embedded_metadata,
Stephanie Soskin,Friends & Family/rachelzach-439.jpg,Friends & Family,rachelzach-439.jpg,embedded_metadata,
Zach Soskin,Friends & Family/rachelzach-439.jpg,Friends & Family,rachelzach-439.jpg,embedded_metadata,
Chad Slomovitz,Friends & Family/rachelzach-440.jpg,Friends & Family,rachelzach-440.jpg,embedded_metadata,
Jorie,Friends & Family/rachelzach-440.jpg,Friends & Family,rachelzach-440.jpg,embedded_metadata,
Maddie Slomovitz,Friends & Family/rachelzach-440.jpg,Friends & Family,rachelzach-440.jpg,embedded_metadata,
Rachel Casciano,Friends & Family/rachelzach-440.jpg,Friends & Family,rachelzach-440.jpg,embedded_metadata,
Stephanie Soskin,Friends & Family/rachelzach-440.jpg,Friends & Family,rachelzach-440.jpg,embedded_metadata,
Zach Soskin,Friends & Family/rachelzach-440.jpg,Friends & Family,rachelzach-440.jpg,embedded_metadata,
Chad Slomovitz,Friends & Family/rachelzach-441.jpg,Friends & Family,rachelzach-441.jpg,embedded_metadata,
Jorie,Friends & Family/rachelzach-441.jpg,Friends & Family,rachelzach-441.jpg,embedded_metadata,
Maddie Slomovitz,Friends & Family/rachelzach-441.jpg,Friends & Family,rachelzach-441.jpg,embedded_metadata,
Rachel Casciano,Friends & Family/rachelzach-441.jpg,Friends & Family,rachelzach-441.jpg,embedded_metadata,
Stephanie Soskin,Friends & Family/rachelzach-441.jpg,Friends & Family,rachelzach-441.jpg,embedded_metadata,
Zach Soskin,Friends & Family/rachelzach-441.jpg,Friends & Family,rachelzach-441.jpg,embedded_metadata,
Dan Casciano,Friends & Family/rachelzach-442.jpg,Friends & Family,rachelzach-442.jpg,embedded_metadata,
Jorie,Friends & Family/rachelzach-444.jpg,Friends & Family,rachelzach-444.jpg,embedded_metadata,
Maddie Slomovitz,Friends & Family/rachelzach-444.jpg,Friends & Family,rachelzach-444.jpg,embedded_metadata,
Zach Soskin,Friends & Family/rachelzach-444.jpg,Friends & Family,rachelzach-444.jpg,embedded_metadata,
Jorie,Friends & Family/rachelzach-445.jpg,Friends & Family,rachelzach-445.jpg,embedded_metadata,
Maddie Slomovitz,Friends & Family/rachelzach-445.jpg,Friends & Family,rachelzach-445.jpg,embedded_metadata,
Patti,Friends & Family/rachelzach-445.jpg,Friends & Family,rachelzach-445.jpg,embedded_metadata,
Robbie,Friends & Family/rachelzach-445.jpg,Friends & Family,rachelzach-445.jpg,embedded_metadata,
Zach Soskin,Friends & Family/rachelzach-445.jpg,Friends & Family,rachelzach-445.jpg,embedded_metadata,
Jorie,Friends & Family/rachelzach-446.jpg,Friends & Family,rachelzach-446.jpg,embedded_metadata,
Kaitlin Burns,Friends & Family/rachelzach-447.jpg,Friends & Family,rachelzach-447.jpg,embedded_metadata,
Kayla,Friends & Family/rachelzach-447.jpg,Friends & Family,rachelzach-447.jpg,embedded_metadata,
Kelsey Meyers,Friends & Family/rachelzach-447.jpg,Friends & Family,rachelzach-447.jpg,embedded_metadata,
Lauren Bond,Friends & Family/rachelzach-447.jpg,Friends & Family,rachelzach-447.jpg,embedded_metadata,
Maddie Slomovitz,Friends & Family/rachelzach-447.jpg,Friends & Family,rachelzach-447.jpg,embedded_metadata,
Rachel Casciano,Friends & Family/rachelzach-447.jpg,Friends & Family,rachelzach-447.jpg,embedded_metadata,
Sally,Friends & Family/rachelzach-447.jpg,Friends & Family,rachelzach-447.jpg,embedded_metadata,
Stephanie Soskin,Friends & Family/rachelzach-447.jpg,Friends & Family,rachelzach-447.jpg,embedded_metadata,
Tara,Friends & Family/rachelzach-447.jpg,Friends & Family,rachelzach-447.jpg,embedded_metadata,
Trelawny,Friends & Family/rachelzach-447.jpg,Friends & Family,rachelzach-447.jpg,embedded_metadata,
Kelsey Meyers,Friends & Family/rachelzach-448.jpg,Friends & Family,rachelzach-448.jpg,embedded_metadata,
Lauren Bond,Friends & Family/rachelzach-448.jpg,Friends & Family,rachelzach-448.jpg,embedded_metadata,
Maddie Slomovitz,Friends & Family/rachelzach-448.jpg,Friends & Family,rachelzach-448.jpg,embedded_metadata,
Rachel Casciano,Friends & Family/rachelzach-448.jpg,Friends & Family,rachelzach-448.jpg,embedded_metadata,
Sally,Friends & Family/rachelzach-448.jpg,Friends & Family,rachelzach-448.jpg,embedded_metadata,
Trelawny,Friends & Family/rachelzach-448.jpg,Friends & Family,rachelzach-448.jpg,embedded_metadata,
Maddie Slomovitz,Friends & Family/rachelzach-450.jpg,Friends & Family,rachelzach-450.jpg,embedded_metadata,
Rachel Casciano,Friends & Family/rachelzach-450.jpg,Friends & Family,rachelzach-450.jpg,embedded_metadata,
Sally,Friends & Family/rachelzach-450.jpg,Friends & Family,rachelzach-450.jpg,embedded_metadata,
Trelawny,Friends & Family/rachelzach-450.jpg,Friends & Family,rachelzach-450.jpg,embedded_metadata,
Kelsey Meyers,Friends & Family/rachelzach-451.jpg,Friends & Family,rachelzach-451.jpg,embedded_metadata,
Lauren Bond,Friends & Family/rachelzach-451.jpg,Friends & Family,rachelzach-451.jpg,embedded_metadata,
Rachel Casciano,Friends & Family/rachelzach-451.jpg,Friends & Family,rachelzach-451.jpg,embedded_metadata,
Sally,Friends & Family/rachelzach-451.jpg,Friends & Family,rachelzach-451.jpg,embedded_metadata,
Stephanie Soskin,Friends & Family/rachelzach-451.jpg,Friends & Family,rachelzach-451.jpg,embedded_metadata,
Trelawny,Friends & Family/rachelzach-451.jpg,Friends & Family,rachelzach-451.jpg,embedded_metadata,
Lauren Bond,Friends & Family/rachelzach-452.jpg,Friends & Family,rachelzach-452.jpg,embedded_metadata,
Maddie Slomovitz,Friends & Family/rachelzach-452.jpg,Friends & Family,rachelzach-452.jpg,embedded_metadata,
Rachel Casciano,Friends & Family/rachelzach-452.jpg,Friends & Family,rachelzach-452.jpg,embedded_metadata,
Sally,Friends & Family/rachelzach-452.jpg,Friends & Family,rachelzach-452.jpg,embedded_metadata,
Kelsey Meyers,Friends & Family/rachelzach-453.jpg,Friends & Family,rachelzach-453.jpg,embedded_metadata,
Lauren Bond,Friends & Family/rachelzach-453.jpg,Friends & Family,rachelzach-453.jpg,embedded_metadata,
Rachel Casciano,Friends & Family/rachelzach-453.jpg,Friends & Family,rachelzach-453.jpg,embedded_metadata,
Sally,Friends & Family/rachelzach-453.jpg,Friends & Family,rachelzach-453.jpg,embedded_metadata,
Kelsey Meyers,Friends & Family/rachelzach-454.jpg,Friends & Family,rachelzach-454.jpg,embedded_metadata,
Lauren Bond,Friends & Family/rachelzach-454.jpg,Friends & Family,rachelzach-454.jpg,embedded_metadata,
Rachel Casciano,Friends & Family/rachelzach-454.jpg,Friends & Family,rachelzach-454.jpg,embedded_metadata,
Sally,Friends & Family/rachelzach-454.jpg,Friends & Family,rachelzach-454.jpg,embedded_metadata,
Trelawny,Friends & Family/rachelzach-454.jpg,Friends & Family,rachelzach-454.jpg,embedded_metadata,
Kelsey Meyers,Friends & Family/rachelzach-455.jpg,Friends & Family,rachelzach-455.jpg,embedded_metadata,
Lauren Bond,Friends & Family/rachelzach-455.jpg,Friends & Family,rachelzach-455.jpg,embedded_metadata,
Maddie Slomovitz,Friends & Family/rachelzach-455.jpg,Friends & Family,rachelzach-455.jpg,embedded_metadata,
Sally,Friends & Family/rachelzach-455.jpg,Friends & Family,rachelzach-455.jpg,embedded_metadata,
Tara,Friends & Family/rachelzach-455.jpg,Friends & Family,rachelzach-455.jpg,embedded_metadata,
Kaitlin Burns,Friends & Family/rachelzach-459.jpg,Friends & Family,rachelzach-459.jpg,embedded_metadata,
Kayla,Friends & Family/rachelzach-459.jpg,Friends & Family,rachelzach-459.jpg,embedded_metadata,
Kelsey Meyers,Friends & Family/rachelzach-459.jpg,Friends & Family,rachelzach-459.jpg,embedded_metadata,
Lauren Bond,Friends & Family/rachelzach-459.jpg,Friends & Family,rachelzach-459.jpg,embedded_metadata,
Maddie Slomovitz,Friends & Family/rachelzach-459.jpg,Friends & Family,rachelzach-459.jpg,embedded_metadata,
Rachel Casciano,Friends & Family/rachelzach-459.jpg,Friends & Family,rachelzach-459.jpg,embedded_metadata,
Sally,Friends & Family/rachelzach-459.jpg,Friends & Family,rachelzach-459.jpg,embedded_metadata,
Stephanie Soskin,Friends & Family/rachelzach-459.jpg,Friends & Family,rachelzach-459.jpg,embedded_metadata,
Tara,Friends & Family/rachelzach-459.jpg,Friends & Family,rachelzach-459.jpg,embedded_metadata,
Trelawny,Friends & Family/rachelzach-459.jpg,Friends & Family,rachelzach-459.jpg,embedded_metadata,
Kayla,Friends & Family/rachelzach-461.jpg,Friends & Family,rachelzach-461.jpg,embedded_metadata,
Kelsey Meyers,Friends & Family/rachelzach-461.jpg,Friends & Family,rachelzach-461.jpg,embedded_metadata,
Lauren Bond,Friends & Family/rachelzach-461.jpg,Friends & Family,rachelzach-461.jpg,embedded_metadata,
Maddie Slomovitz,Friends & Family/rachelzach-461.jpg,Friends & Family,rachelzach-461.jpg,embedded_metadata,
Rachel Casciano,Friends & Family/rachelzach-461.jpg,Friends & Family,rachelzach-461.jpg,embedded_metadata,
Sally,Friends & Family/rachelzach-461.jpg,Friends & Family,rachelzach-461.jpg,embedded_metadata,
Trelawny,Friends & Family/rachelzach-461.jpg,Friends & Family,rachelzach-461.jpg,embedded_metadata,
Kayla,Friends & Family/rachelzach-462.jpg,Friends & Family,rachelzach-462.jpg,embedded_metadata,
Kelsey Meyers,Friends & Family/rachelzach-462.jpg,Friends & Family,rachelzach-462.jpg,embedded_metadata,
Lauren Bond,Friends & Family/rachelzach-462.jpg,Friends & Family,rachelzach-462.jpg,embedded_metadata,
Maddie Slomovitz,Friends & Family/rachelzach-462.jpg,Friends & Family,rachelzach-462.jpg,embedded_metadata,
Rachel Casciano,Friends & Family/rachelzach-462.jpg,Friends & Family,rachelzach-462.jpg,embedded_metadata,
Sally,Friends & Family/rachelzach-462.jpg,Friends & Family,rachelzach-462.jpg,embedded_metadata,
Tara,Friends & Family/rachelzach-462.jpg,Friends & Family,rachelzach-462.jpg,embedded_metadata,
Trelawny,Friends & Family/rachelzach-462.jpg,Friends & Family,rachelzach-462.jpg,embedded_metadata,
Kaitlin Burns,Friends & Family/rachelzach-464.jpg,Friends & Family,rachelzach-464.jpg,embedded_metadata,
Kayla,Friends & Family/rachelzach-464.jpg,Friends & Family,rachelzach-464.jpg,embedded_metadata,
Kelsey Meyers,Friends & Family/rachelzach-464.jpg,Friends & Family,rachelzach-464.jpg,embedded_metadata,
Lauren Bond,Friends & Family/rachelzach-464.jpg,Friends & Family,rachelzach-464.jpg,embedded_metadata,
Maddie Slomovitz,Friends & Family/rachelzach-464.jpg,Friends & Family,rachelzach-464.jpg,embedded_metadata,
Rachel Casciano,Friends & Family/rachelzach-464.jpg,Friends & Family,rachelzach-464.jpg,embedded_metadata,
Sally,Friends & Family/rachelzach-464.jpg,Friends & Family,rachelzach-464.jpg,embedded_metadata,
Stephanie Soskin,Friends & Family/rachelzach-464.jpg,Friends & Family,rachelzach-464.jpg,embedded_metadata,
Tara,Friends & Family/rachelzach-464.jpg,Friends & Family,rachelzach-464.jpg,embedded_metadata,
Trelawny,Friends & Family/rachelzach-464.jpg,Friends & Family,rachelzach-464.jpg,embedded_metadata,
Trelawny,Friends & Family/rachelzach-467.jpg,Friends & Family,rachelzach-467.jpg,embedded_metadata,
Chad Slomovitz,Friends & Family/rachelzach-469.jpg,Friends & Family,rachelzach-469.jpg,embedded_metadata,
Jake Lurie,Friends & Family/rachelzach-469.jpg,Friends & Family,rachelzach-469.jpg,embedded_metadata,
Jorie,Friends & Family/rachelzach-469.jpg,Friends & Family,rachelzach-469.jpg,embedded_metadata,
Keagen,Friends & Family/rachelzach-469.jpg,Friends & Family,rachelzach-469.jpg,embedded_metadata,
Kelsey Meyers,Friends & Family/rachelzach-469.jpg,Friends & Family,rachelzach-469.jpg,embedded_metadata,
Maddie Slomovitz,Friends & Family/rachelzach-469.jpg,Friends & Family,rachelzach-469.jpg,embedded_metadata,
Phil C,Friends & Family/rachelzach-469.jpg,Friends & Family,rachelzach-469.jpg,embedded_metadata,
Zach Soskin,Friends & Family/rachelzach-469.jpg,Friends & Family,rachelzach-469.jpg,embedded_metadata,
Chad Slomovitz,Friends & Family/rachelzach-470.jpg,Friends & Family,rachelzach-470.jpg,embedded_metadata,
Kelsey Meyers,Friends & Family/rachelzach-470.jpg,Friends & Family,rachelzach-470.jpg,embedded_metadata,
Maddie Slomovitz,Friends & Family/rachelzach-470.jpg,Friends & Family,rachelzach-470.jpg,embedded_metadata,
Phil C,Friends & Family/rachelzach-470.jpg,Friends & Family,rachelzach-470.jpg,embedded_metadata,
Rachel Casciano,Friends & Family/rachelzach-470.jpg,Friends & Family,rachelzach-470.jpg,embedded_metadata,
Sally,Friends & Family/rachelzach-470.jpg,Friends & Family,rachelzach-470.jpg,embedded_metadata,
Tim J,Friends & Family/rachelzach-470.jpg,Friends & Family,rachelzach-470.jpg,embedded_metadata,
Adam Stillman,Friends & Family/rachelzach-471.jpg,Friends & Family,rachelzach-471.jpg,embedded_metadata,
Jorie,Friends & Family/rachelzach-471.jpg,Friends & Family,rachelzach-471.jpg,embedded_metadata,
Kelsey Meyers,Friends & Family/rachelzach-471.jpg,Friends & Family,rachelzach-471.jpg,embedded_metadata,
Maddie Slomovitz,Friends & Family/rachelzach-471.jpg,Friends & Family,rachelzach-471.jpg,embedded_metadata,
Phil C,Friends & Family/rachelzach-471.jpg,Friends & Family,rachelzach-471.jpg,embedded_metadata,
Trelawny,Friends & Family/rachelzach-471.jpg,Friends & Family,rachelzach-471.jpg,embedded_metadata,
Adam Stillman,Friends & Family/rachelzach-472.jpg,Friends & Family,rachelzach-472.jpg,embedded_metadata,
Chad Slomovitz,Friends & Family/rachelzach-472.jpg,Friends & Family,rachelzach-472.jpg,embedded_metadata,
Jake Lurie,Friends & Family/rachelzach-472.jpg,Friends & Family,rachelzach-472.jpg,embedded_metadata,
Jorie,Friends & Family/rachelzach-472.jpg,Friends & Family,rachelzach-472.jpg,embedded_metadata,
Kayla,Friends & Family/rachelzach-472.jpg,Friends & Family,rachelzach-472.jpg,embedded_metadata,
Keagen,Friends & Family/rachelzach-472.jpg,Friends & Family,rachelzach-472.jpg,embedded_metadata,
Kelsey Meyers,Friends & Family/rachelzach-472.jpg,Friends & Family,rachelzach-472.jpg,embedded_metadata,
Rachel Casciano,Friends & Family/rachelzach-472.jpg,Friends & Family,rachelzach-472.jpg,embedded_metadata,
Sally,Friends & Family/rachelzach-472.jpg,Friends & Family,rachelzach-472.jpg,embedded_metadata,
Tim J,Friends & Family/rachelzach-472.jpg,Friends & Family,rachelzach-472.jpg,embedded_metadata,
Trelawny,Friends & Family/rachelzach-472.jpg,Friends & Family,rachelzach-472.jpg,embedded_metadata,
Zach Soskin,Friends & Family/rachelzach-472.jpg,Friends & Family,rachelzach-472.jpg,embedded_metadata,
Adam Stillman,Friends & Family/rachelzach-473.jpg,Friends & Family,rachelzach-473.jpg,embedded_metadata,
Chad Slomovitz,Friends & Family/rachelzach-473.jpg,Friends & Family,rachelzach-473.jpg,embedded_metadata,
J Til,Friends & Family/rachelzach-473.jpg,Friends & Family,rachelzach-473.jpg,embedded_metadata,
Jake Lurie,Friends & Family/rachelzach-473.jpg,Friends & Family,rachelzach-473.jpg,embedded_metadata,
Jorie,Friends & Family/rachelzach-473.jpg,Friends & Family,rachelzach-473.jpg,embedded_metadata,
Kaitlin Burns,Friends & Family/rachelzach-473.jpg,Friends & Family,rachelzach-473.jpg,embedded_metadata,
Kayla,Friends & Family/rachelzach-473.jpg,Friends & Family,rachelzach-473.jpg,embedded_metadata,
Keagen,Friends & Family/rachelzach-473.jpg,Friends & Family,rachelzach-473.jpg,embedded_metadata,
Kelsey Meyers,Friends & Family/rachelzach-473.jpg,Friends & Family,rachelzach-473.jpg,embedded_metadata,
Lauren Bond,Friends & Family/rachelzach-473.jpg,Friends & Family,rachelzach-473.jpg,embedded_metadata,
Maddie Slomovitz,Friends & Family/rachelzach-473.jpg,Friends & Family,rachelzach-473.jpg,embedded_metadata,
Phil C,Friends & Family/rachelzach-473.jpg,Friends & Family,rachelzach-473.jpg,embedded_metadata,
Rachel Casciano,Friends & Family/rachelzach-473.jpg,Friends & Family,rachelzach-473.jpg,embedded_metadata,
Sally,Friends & Family/rachelzach-473.jpg,Friends & Family,rachelzach-473.jpg,embedded_metadata,
Trelawny,Friends & Family/rachelzach-473.jpg,Friends & Family,rachelzach-473.jpg,embedded_metadata,
Zach Soskin,Friends & Family/rachelzach-473.jpg,Friends & Family,rachelzach-473.jpg,embedded_metadata,
Adam Stillman,Friends & Family/rachelzach-474.jpg,Friends & Family,rachelzach-474.jpg,embedded_metadata,
Chad Slomovitz,Friends & Family/rachelzach-474.jpg,Friends & Family,rachelzach-474.jpg,embedded_metadata,
Jake Lurie,Friends & Family/rachelzach-474.jpg,Friends & Family,rachelzach-474.jpg,embedded_metadata,
Kayla,Friends & Family/rachelzach-474.jpg,Friends & Family,rachelzach-474.jpg,embedded_metadata,
Kelsey Meyers,Friends & Family/rachelzach-474.jpg,Friends & Family,rachelzach-474.jpg,embedded_metadata,
Maddie Slomovitz,Friends & Family/rachelzach-474.jpg,Friends & Family,rachelzach-474.jpg,embedded_metadata,
Phil C,Friends & Family/rachelzach-474.jpg,Friends & Family,rachelzach-474.jpg,embedded_metadata,
Rachel Casciano,Friends & Family/rachelzach-474.jpg,Friends & Family,rachelzach-474.jpg,embedded_metadata,
Sally,Friends & Family/rachelzach-474.jpg,Friends & Family,rachelzach-474.jpg,embedded_metadata,
Tim J,Friends & Family/rachelzach-474.jpg,Friends & Family,rachelzach-474.jpg,embedded_metadata,
Trelawny,Friends & Family/rachelzach-474.jpg,Friends & Family,rachelzach-474.jpg,embedded_metadata,
Adam Stillman,Friends & Family/rachelzach-475.jpg,Friends & Family,rachelzach-475.jpg,embedded_metadata,
Jake Lurie,Friends & Family/rachelzach-475.jpg,Friends & Family,rachelzach-475.jpg,embedded_metadata,
Jorie,Friends & Family/rachelzach-475.jpg,Friends & Family,rachelzach-475.jpg,embedded_metadata,
Kayla,Friends & Family/rachelzach-475.jpg,Friends & Family,rachelzach-475.jpg,embedded_metadata,
Kelsey Meyers,Friends & Family/rachelzach-475.jpg,Friends & Family,rachelzach-475.jpg,embedded_metadata,
Maddie Slomovitz,Friends & Family/rachelzach-475.jpg,Friends & Family,rachelzach-475.jpg,embedded_metadata,
Phil C,Friends & Family/rachelzach-475.jpg,Friends & Family,rachelzach-475.jpg,embedded_metadata,
Rachel Casciano,Friends & Family/rachelzach-475.jpg,Friends & Family,rachelzach-475.jpg,embedded_metadata,
Sally,Friends & Family/rachelzach-475.jpg,Friends & Family,rachelzach-475.jpg,embedded_metadata,
Tim J,Friends & Family/rachelzach-475.jpg,Friends & Family,rachelzach-475.jpg,embedded_metadata,
Trelawny,Friends & Family/rachelzach-475.jpg,Friends & Family,rachelzach-475.jpg,embedded_metadata,
Zach Soskin,Friends & Family/rachelzach-475.jpg,Friends & Family,rachelzach-475.jpg,embedded_metadata,
Kayla,Friends & Family/rachelzach-476.jpg,Friends & Family,rachelzach-476.jpg,embedded_metadata,
Keagen,Friends & Family/rachelzach-476.jpg,Friends & Family,rachelzach-476.jpg,embedded_metadata,
Maddie Slomovitz,Friends & Family/rachelzach-476.jpg,Friends & Family,rachelzach-476.jpg,embedded_metadata,
Sally,Friends & Family/rachelzach-476.jpg,Friends & Family,rachelzach-476.jpg,embedded_metadata,
Tim J,Friends & Family/rachelzach-476.jpg,Friends & Family,rachelzach-476.jpg,embedded_metadata,
Trelawny,Friends & Family/rachelzach-476.jpg,Friends & Family,rachelzach-476.jpg,embedded_metadata,
Adam Stillman,Friends & Family/rachelzach-477.jpg,Friends & Family,rachelzach-477.jpg,embedded_metadata,
Chad Slomovitz,Friends & Family/rachelzach-477.jpg,Friends & Family,rachelzach-477.jpg,embedded_metadata,
Jake Lurie,Friends & Family/rachelzach-477.jpg,Friends & Family,rachelzach-477.jpg,embedded_metadata,
Kayla,Friends & Family/rachelzach-477.jpg,Friends & Family,rachelzach-477.jpg,embedded_metadata,
Keagen,Friends & Family/rachelzach-477.jpg,Friends & Family,rachelzach-477.jpg,embedded_metadata,
Kelsey Meyers,Friends & Family/rachelzach-477.jpg,Friends & Family,rachelzach-477.jpg,embedded_metadata,
Lauren Bond,Friends & Family/rachelzach-477.jpg,Friends & Family,rachelzach-477.jpg,embedded_metadata,
Maddie Slomovitz,Friends & Family/rachelzach-477.jpg,Friends & Family,rachelzach-477.jpg,embedded_metadata,
Phil C,Friends & Family/rachelzach-477.jpg,Friends & Family,rachelzach-477.jpg,embedded_metadata,
Sally,Friends & Family/rachelzach-477.jpg,Friends & Family,rachelzach-477.jpg,embedded_metadata,
Tara,Friends & Family/rachelzach-477.jpg,Friends & Family,rachelzach-477.jpg,embedded_metadata,
Tim J,Friends & Family/rachelzach-477.jpg,Friends & Family,rachelzach-477.jpg,embedded_metadata,
Trelawny,Friends & Family/rachelzach-477.jpg,Friends & Family,rachelzach-477.jpg,embedded_metadata,
Chad Slomovitz,Friends & Family/rachelzach-478.jpg,Friends & Family,rachelzach-478.jpg,embedded_metadata,
Kayla,Friends & Family/rachelzach-478.jpg,Friends & Family,rachelzach-478.jpg,embedded_metadata,
Keagen,Friends & Family/rachelzach-478.jpg,Friends & Family,rachelzach-478.jpg,embedded_metadata,
Kelsey Meyers,Friends & Family/rachelzach-478.jpg,Friends & Family,rachelzach-478.jpg,embedded_metadata,
Maddie Slomovitz,Friends & Family/rachelzach-478.jpg,Friends & Family,rachelzach-478.jpg,embedded_metadata,
Phil C,Friends & Family/rachelzach-478.jpg,Friends & Family,rachelzach-478.jpg,embedded_metadata,
Sally,Friends & Family/rachelzach-478.jpg,Friends & Family,rachelzach-478.jpg,embedded_metadata,
Tara,Friends & Family/rachelzach-478.jpg,Friends & Family,rachelzach-478.jpg,embedded_metadata,
Tim J,Friends & Family/rachelzach-478.jpg,Friends & Family,rachelzach-478.jpg,embedded_metadata,
Trelawny,Friends & Family/rachelzach-478.jpg,Friends & Family,rachelzach-478.jpg,embedded_metadata,
J Til,Friends & Family/rachelzach-479.jpg,Friends & Family,rachelzach-479.jpg,embedded_metadata,
Tim J,Friends & Family/rachelzach-479.jpg,Friends & Family,rachelzach-479.jpg,embedded_metadata,
Adam Stillman,Friends & Family/rachelzach-480.jpg,Friends & Family,rachelzach-480.jpg,embedded_metadata,
Chad Slomovitz,Friends & Family/rachelzach-480.jpg,Friends & Family,rachelzach-480.jpg,embedded_metadata,
J Til,Friends & Family/rachelzach-480.jpg,Friends & Family,rachelzach-480.jpg,embedded_metadata,
Jake Lurie,Friends & Family/rachelzach-480.jpg,Friends & Family,rachelzach-480.jpg,embedded_metadata,
Jorie,Friends & Family/rachelzach-480.jpg,Friends & Family,rachelzach-480.jpg,embedded_metadata,
Keagen,Friends & Family/rachelzach-480.jpg,Friends & Family,rachelzach-480.jpg,embedded_metadata,
Maddie Slomovitz,Friends & Family/rachelzach-480.jpg,Friends & Family,rachelzach-480.jpg,embedded_metadata,
Phil C,Friends & Family/rachelzach-480.jpg,Friends & Family,rachelzach-480.jpg,embedded_metadata,
Rachel Casciano,Friends & Family/rachelzach-480.jpg,Friends & Family,rachelzach-480.jpg,embedded_metadata,
Sally,Friends & Family/rachelzach-480.jpg,Friends & Family,rachelzach-480.jpg,embedded_metadata,
Stephanie Soskin,Friends & Family/rachelzach-480.jpg,Friends & Family,rachelzach-480.jpg,embedded_metadata,
Tim J,Friends & Family/rachelzach-480.jpg,Friends & Family,rachelzach-480.jpg,embedded_metadata,
Trelawny,Friends & Family/rachelzach-480.jpg,Friends & Family,rachelzach-480.jpg,embedded_metadata,
Adam Stillman,Friends & Family/rachelzach-481.jpg,Friends & Family,rachelzach-481.jpg,embedded_metadata,
Chad Slomovitz,Friends & Family/rachelzach-481.jpg,Friends & Family,rachelzach-481.jpg,embedded_metadata,
J Til,Friends & Family/rachelzach-481.jpg,Friends & Family,rachelzach-481.jpg,embedded_metadata,
Jake Lurie,Friends & Family/rachelzach-481.jpg,Friends & Family,rachelzach-481.jpg,embedded_metadata,
Jeffry Lurie,Friends & Family/rachelzach-481.jpg,Friends & Family,rachelzach-481.jpg,embedded_metadata,
Jorie,Friends & Family/rachelzach-481.jpg,Friends & Family,rachelzach-481.jpg,embedded_metadata,
Keagen,Friends & Family/rachelzach-481.jpg,Friends & Family,rachelzach-481.jpg,embedded_metadata,
Phil C,Friends & Family/rachelzach-481.jpg,Friends & Family,rachelzach-481.jpg,embedded_metadata,
Rachel Casciano,Friends & Family/rachelzach-481.jpg,Friends & Family,rachelzach-481.jpg,embedded_metadata,
Tim J,Friends & Family/rachelzach-481.jpg,Friends & Family,rachelzach-481.jpg,embedded_metadata,
Zach Soskin,Friends & Family/rachelzach-481.jpg,Friends & Family,rachelzach-481.jpg,embedded_metadata,
Adam Stillman,Friends & Family/rachelzach-482.jpg,Friends & Family,rachelzach-482.jpg,embedded_metadata,
Chad Slomovitz,Friends & Family/rachelzach-482.jpg,Friends & Family,rachelzach-482.jpg,embedded_metadata,
J Til,Friends & Family/rachelzach-482.jpg,Friends & Family,rachelzach-482.jpg,embedded_metadata,
Jake Lurie,Friends & Family/rachelzach-482.jpg,Friends & Family,rachelzach-482.jpg,embedded_metadata,
Jeffry Lurie,Friends & Family/rachelzach-482.jpg,Friends & Family,rachelzach-482.jpg,embedded_metadata,
Jorie,Friends & Family/rachelzach-482.jpg,Friends & Family,rachelzach-482.jpg,embedded_metadata,
Keagen,Friends & Family/rachelzach-482.jpg,Friends & Family,rachelzach-482.jpg,embedded_metadata,
Phil C,Friends & Family/rachelzach-482.jpg,Friends & Family,rachelzach-482.jpg,embedded_metadata,
Rachel Casciano,Friends & Family/rachelzach-482.jpg,Friends & Family,rachelzach-482.jpg,embedded_metadata,
Tim J,Friends & Family/rachelzach-482.jpg,Friends & Family,rachelzach-482.jpg,embedded_metadata,
Zach Soskin,Friends & Family/rachelzach-482.jpg,Friends & Family,rachelzach-482.jpg,embedded_metadata,
Adam Stillman,Friends & Family/rachelzach-483.jpg,Friends & Family,rachelzach-483.jpg,embedded_metadata,
Chad Slomovitz,Friends & Family/rachelzach-483.jpg,Friends & Family,rachelzach-483.jpg,embedded_metadata,
J Til,Friends & Family/rachelzach-483.jpg,Friends & Family,rachelzach-483.jpg,embedded_metadata,
Jake Lurie,Friends & Family/rachelzach-483.jpg,Friends & Family,rachelzach-483.jpg,embedded_metadata,
Keagen,Friends & Family/rachelzach-483.jpg,Friends & Family,rachelzach-483.jpg,embedded_metadata,
Phil C,Friends & Family/rachelzach-483.jpg,Friends & Family,rachelzach-483.jpg,embedded_metadata,
Tim J,Friends & Family/rachelzach-483.jpg,Friends & Family,rachelzach-483.jpg,embedded_metadata,
Zach Soskin,Friends & Family/rachelzach-483.jpg,Friends & Family,rachelzach-483.jpg,embedded_metadata,
Adam Stillman,Friends & Family/rachelzach-484.jpg,Friends & Family,rachelzach-484.jpg,embedded_metadata,
Chad Slomovitz,Friends & Family/rachelzach-484.jpg,Friends & Family,rachelzach-484.jpg,embedded_metadata,
J Til,Friends & Family/rachelzach-484.jpg,Friends & Family,rachelzach-484.jpg,embedded_metadata,
Jake Lurie,Friends & Family/rachelzach-484.jpg,Friends & Family,rachelzach-484.jpg,embedded_metadata,
Jeffry Lurie,Friends & Family/rachelzach-484.jpg,Friends & Family,rachelzach-484.jpg,embedded_metadata,
Jorie,Friends & Family/rachelzach-484.jpg,Friends & Family,rachelzach-484.jpg,embedded_metadata,
Keagen,Friends & Family/rachelzach-484.jpg,Friends & Family,rachelzach-484.jpg,embedded_metadata,
Phil C,Friends & Family/rachelzach-484.jpg,Friends & Family,rachelzach-484.jpg,embedded_metadata,
Tim J,Friends & Family/rachelzach-484.jpg,Friends & Family,rachelzach-484.jpg,embedded_metadata,
Zach Soskin,Friends & Family/rachelzach-484.jpg,Friends & Family,rachelzach-484.jpg,embedded_metadata,
Adam Stillman,Friends & Family/rachelzach-485.jpg,Friends & Family,rachelzach-485.jpg,embedded_metadata,
Chad Slomovitz,Friends & Family/rachelzach-485.jpg,Friends & Family,rachelzach-485.jpg,embedded_metadata,
J Til,Friends & Family/rachelzach-485.jpg,Friends & Family,rachelzach-485.jpg,embedded_metadata,
Jake Lurie,Friends & Family/rachelzach-485.jpg,Friends & Family,rachelzach-485.jpg,embedded_metadata,
Jeffry Lurie,Friends & Family/rachelzach-485.jpg,Friends & Family,rachelzach-485.jpg,embedded_metadata,
Jorie,Friends & Family/rachelzach-485.jpg,Friends & Family,rachelzach-485.jpg,embedded_metadata,
Keagen,Friends & Family/rachelzach-485.jpg,Friends & Family,rachelzach-485.jpg,embedded_metadata,
Tim J,Friends & Family/rachelzach-485.jpg,Friends & Family,rachelzach-485.jpg,embedded_metadata,
Zach Soskin,Friends & Family/rachelzach-485.jpg,Friends & Family,rachelzach-485.jpg,embedded_metadata,
Chad Slomovitz,Friends & Family/rachelzach-486.jpg,Friends & Family,rachelzach-486.jpg,embedded_metadata,
J Til,Friends & Family/rachelzach-486.jpg,Friends & Family,rachelzach-486.jpg,embedded_metadata,
Jake Lurie,Friends & Family/rachelzach-486.jpg,Friends & Family,rachelzach-486.jpg,embedded_metadata,
Jeffry Lurie,Friends & Family/rachelzach-486.jpg,Friends & Family,rachelzach-486.jpg,embedded_metadata,
Jorie,Friends & Family/rachelzach-486.jpg,Friends & Family,rachelzach-486.jpg,embedded_metadata,
Keagen,Friends & Family/rachelzach-486.jpg,Friends & Family,rachelzach-486.jpg,embedded_metadata,
Phil C,Friends & Family/rachelzach-486.jpg,Friends & Family,rachelzach-486.jpg,embedded_metadata,
Tim J,Friends & Family/rachelzach-486.jpg,Friends & Family,rachelzach-486.jpg,embedded_metadata,
Zach Soskin,Friends & Family/rachelzach-486.jpg,Friends & Family,rachelzach-486.jpg,embedded_metadata,
Chad Slomovitz,Friends & Family/rachelzach-487.jpg,Friends & Family,rachelzach-487.jpg,embedded_metadata,
Jake Lurie,Friends & Family/rachelzach-487.jpg,Friends & Family,rachelzach-487.jpg,embedded_metadata,
Jeffry Lurie,Friends & Family/rachelzach-487.jpg,Friends & Family,rachelzach-487.jpg,embedded_metadata,
Jorie,Friends & Family/rachelzach-487.jpg,Friends & Family,rachelzach-487.jpg,embedded_metadata,
Phil C,Friends & Family/rachelzach-487.jpg,Friends & Family,rachelzach-487.jpg,embedded_metadata,
Tim J,Friends & Family/rachelzach-487.jpg,Friends & Family,rachelzach-487.jpg,embedded_metadata,
Zach Soskin,Friends & Family/rachelzach-487.jpg,Friends & Family,rachelzach-487.jpg,embedded_metadata,
Phil C,Friends & Family/rachelzach-489.jpg,Friends & Family,rachelzach-489.jpg,embedded_metadata,
Rachel Casciano,Friends & Family/rachelzach-489.jpg,Friends & Family,rachelzach-489.jpg,embedded_metadata,
Zach Soskin,Friends & Family/rachelzach-489.jpg,Friends & Family,rachelzach-489.jpg,embedded_metadata,
Rachel Casciano,Friends & Family/rachelzach-490.jpg,Friends & Family,rachelzach-490.jpg,correction_or_metadata,couple embrace
Zach Soskin,Friends & Family/rachelzach-490.jpg,Friends & Family,rachelzach-490.jpg,correction_or_metadata,couple embrace
Phil C,Friends & Family/rachelzach-491.jpg,Friends & Family,rachelzach-491.jpg,embedded_metadata,
Rachel Casciano,Friends & Family/rachelzach-491.jpg,Friends & Family,rachelzach-491.jpg,embedded_metadata,
Phil C,Friends & Family/rachelzach-492.jpg,Friends & Family,rachelzach-492.jpg,embedded_metadata,
Rachel Casciano,Friends & Family/rachelzach-492.jpg,Friends & Family,rachelzach-492.jpg,embedded_metadata,
Ronald Harris,Cocktail Hour/rachelzach-443.jpg,Cocktail Hour,rachelzach-443.jpg,embedded_metadata,
Charlie Weisman,Cocktail Hour/rachelzach-449.jpg,Cocktail Hour,rachelzach-449.jpg,embedded_metadata,
Meg,Cocktail Hour/rachelzach-458.jpg,Cocktail Hour,rachelzach-458.jpg,embedded_metadata,
Frankie B,Cocktail Hour/rachelzach-460.jpg,Cocktail Hour,rachelzach-460.jpg,embedded_metadata,
Adi,Cocktail Hour/rachelzach-463.jpg,Cocktail Hour,rachelzach-463.jpg,embedded_metadata,
Taylor Becker,Cocktail Hour/rachelzach-468.jpg,Cocktail Hour,rachelzach-468.jpg,embedded_metadata,
Meg,Cocktail Hour/rachelzach-488.jpg,Cocktail Hour,rachelzach-488.jpg,embedded_metadata,
Zach Soskin,Cocktail Hour/rachelzach-493.jpg,Cocktail Hour,rachelzach-493.jpg,embedded_metadata,
Rachel Casciano,Cocktail Hour/rachelzach-494.jpg,Cocktail Hour,rachelzach-494.jpg,embedded_metadata,
Zach Soskin,Cocktail Hour/rachelzach-494.jpg,Cocktail Hour,rachelzach-494.jpg,embedded_metadata,
Erin,Cocktail Hour/rachelzach-495.jpg,Cocktail Hour,rachelzach-495.jpg,embedded_metadata,
Rachel Casciano,Cocktail Hour/rachelzach-496.jpg,Cocktail Hour,rachelzach-496.jpg,embedded_metadata,
Zach Soskin,Cocktail Hour/rachelzach-496.jpg,Cocktail Hour,rachelzach-496.jpg,embedded_metadata,
Rachel Casciano,Cocktail Hour/rachelzach-497.jpg,Cocktail Hour,rachelzach-497.jpg,correction_or_metadata,bride and groom portrait
Zach Soskin,Cocktail Hour/rachelzach-497.jpg,Cocktail Hour,rachelzach-497.jpg,correction_or_metadata,bride and groom portrait
Rachel Casciano,Cocktail Hour/rachelzach-498.jpg,Cocktail Hour,rachelzach-498.jpg,correction_or_metadata,bride and groom portrait
Zach Soskin,Cocktail Hour/rachelzach-498.jpg,Cocktail Hour,rachelzach-498.jpg,correction_or_metadata,bride and groom portrait
Zach Soskin,Cocktail Hour/rachelzach-499.jpg,Cocktail Hour,rachelzach-499.jpg,embedded_metadata,
Zach Soskin,Cocktail Hour/rachelzach-500.jpg,Cocktail Hour,rachelzach-500.jpg,embedded_metadata,
Zach Soskin,Cocktail Hour/rachelzach-501.jpg,Cocktail Hour,rachelzach-501.jpg,embedded_metadata,
Jorie,Cocktail Hour/rachelzach-502.jpg,Cocktail Hour,rachelzach-502.jpg,embedded_metadata,
Stephanie Soskin,Cocktail Hour/rachelzach-502.jpg,Cocktail Hour,rachelzach-502.jpg,embedded_metadata,
Harris,Cocktail Hour/rachelzach-503.jpg,Cocktail Hour,rachelzach-503.jpg,embedded_metadata,
Riley,Cocktail Hour/rachelzach-503.jpg,Cocktail Hour,rachelzach-503.jpg,embedded_metadata,
Parker,Cocktail Hour/rachelzach-508.jpg,Cocktail Hour,rachelzach-508.jpg,embedded_metadata,
Jake Lurie,Cocktail Hour/rachelzach-526.jpg,Cocktail Hour,rachelzach-526.jpg,embedded_metadata,
Lauren Lurie,Cocktail Hour/rachelzach-526.jpg,Cocktail Hour,rachelzach-526.jpg,embedded_metadata,
Brendan,Cocktail Hour/rachelzach-549.jpg,Cocktail Hour,rachelzach-549.jpg,embedded_metadata,
Erik,Cocktail Hour/rachelzach-549.jpg,Cocktail Hour,rachelzach-549.jpg,embedded_metadata,
Todd Lurie,Cocktail Hour/rachelzach-549.jpg,Cocktail Hour,rachelzach-549.jpg,embedded_metadata,
Erik,Cocktail Hour/rachelzach-551.jpg,Cocktail Hour,rachelzach-551.jpg,embedded_metadata,
Phil C,Cocktail Hour/rachelzach-551.jpg,Cocktail Hour,rachelzach-551.jpg,embedded_metadata,
Rachel Casciano,Cocktail Hour/rachelzach-551.jpg,Cocktail Hour,rachelzach-551.jpg,embedded_metadata,
Scotty P,Cocktail Hour/rachelzach-551.jpg,Cocktail Hour,rachelzach-551.jpg,embedded_metadata,
Zach Soskin,Cocktail Hour/rachelzach-551.jpg,Cocktail Hour,rachelzach-551.jpg,embedded_metadata,
J Til,Cocktail Hour/rachelzach-552.jpg,Cocktail Hour,rachelzach-552.jpg,embedded_metadata,
Jason Howarth,Cocktail Hour/rachelzach-552.jpg,Cocktail Hour,rachelzach-552.jpg,embedded_metadata,
Scotty P,Cocktail Hour/rachelzach-552.jpg,Cocktail Hour,rachelzach-552.jpg,embedded_metadata,
Zach Soskin,Cocktail Hour/rachelzach-552.jpg,Cocktail Hour,rachelzach-552.jpg,embedded_metadata,
Rachel Casciano,Cocktail Hour/rachelzach-554.jpg,Cocktail Hour,rachelzach-554.jpg,embedded_metadata,
Aly Gilboa,Cocktail Hour/rachelzach-556.jpg,Cocktail Hour,rachelzach-556.jpg,embedded_metadata,
Erin,Cocktail Hour/rachelzach-556.jpg,Cocktail Hour,rachelzach-556.jpg,embedded_metadata,
Lauren Bond,Cocktail Hour/rachelzach-558.jpg,Cocktail Hour,rachelzach-558.jpg,embedded_metadata,
Rachel Casciano,Cocktail Hour/rachelzach-559.jpg,Cocktail Hour,rachelzach-559.jpg,correction_or_metadata,Rachel cocktail profile
Aly Gilboa,Cocktail Hour/rachelzach-564.jpg,Cocktail Hour,rachelzach-564.jpg,embedded_metadata,
Trelawny,Cocktail Hour/rachelzach-564.jpg,Cocktail Hour,rachelzach-564.jpg,embedded_metadata,
Gisel,Cocktail Hour/rachelzach-565.jpg,Cocktail Hour,rachelzach-565.jpg,embedded_metadata,
Kaitlin Burns,Cocktail Hour/rachelzach-565.jpg,Cocktail Hour,rachelzach-565.jpg,embedded_metadata,
Nate waldron,Cocktail Hour/rachelzach-565.jpg,Cocktail Hour,rachelzach-565.jpg,embedded_metadata,
Pat Burton,Cocktail Hour/rachelzach-565.jpg,Cocktail Hour,rachelzach-565.jpg,embedded_metadata,
Sean Morse,Cocktail Hour/rachelzach-565.jpg,Cocktail Hour,rachelzach-565.jpg,embedded_metadata,
Aly Gilboa,Cocktail Hour/rachelzach-566.jpg,Cocktail Hour,rachelzach-566.jpg,embedded_metadata,
Charlie Weisman,Cocktail Hour/rachelzach-566.jpg,Cocktail Hour,rachelzach-566.jpg,embedded_metadata,
Dave Gilboa,Cocktail Hour/rachelzach-566.jpg,Cocktail Hour,rachelzach-566.jpg,embedded_metadata,
Rachel Casciano,Cocktail Hour/rachelzach-566.jpg,Cocktail Hour,rachelzach-566.jpg,embedded_metadata,
Sam Ankin,Cocktail Hour/rachelzach-566.jpg,Cocktail Hour,rachelzach-566.jpg,embedded_metadata,
Zach Soskin,Cocktail Hour/rachelzach-566.jpg,Cocktail Hour,rachelzach-566.jpg,embedded_metadata,
HECKLIN,Cocktail Hour/rachelzach-567.jpg,Cocktail Hour,rachelzach-567.jpg,embedded_metadata,
Lauren Lurie,Cocktail Hour/rachelzach-567.jpg,Cocktail Hour,rachelzach-567.jpg,embedded_metadata,
Nancy Lurie,Cocktail Hour/rachelzach-567.jpg,Cocktail Hour,rachelzach-567.jpg,embedded_metadata,
SANDRA,Cocktail Hour/rachelzach-567.jpg,Cocktail Hour,rachelzach-567.jpg,embedded_metadata,
Todd Lurie,Cocktail Hour/rachelzach-567.jpg,Cocktail Hour,rachelzach-567.jpg,embedded_metadata,
Chris N,Cocktail Hour/rachelzach-568.jpg,Cocktail Hour,rachelzach-568.jpg,embedded_metadata,
Maddie Channess,Cocktail Hour/rachelzach-570.jpg,Cocktail Hour,rachelzach-570.jpg,embedded_metadata,
Adam Stillman,Cocktail Hour/rachelzach-573.jpg,Cocktail Hour,rachelzach-573.jpg,embedded_metadata,
Emily Stillman,Cocktail Hour/rachelzach-573.jpg,Cocktail Hour,rachelzach-573.jpg,embedded_metadata,
Zach Soskin,Cocktail Hour/rachelzach-574.jpg,Cocktail Hour,rachelzach-574.jpg,correction_or_metadata,groom at cocktail
Bob P,Cocktail Hour/rachelzach-575.jpg,Cocktail Hour,rachelzach-575.jpg,embedded_metadata,
Patti,Cocktail Hour/rachelzach-575.jpg,Cocktail Hour,rachelzach-575.jpg,embedded_metadata,
Robbie,Cocktail Hour/rachelzach-575.jpg,Cocktail Hour,rachelzach-575.jpg,embedded_metadata,
BECKY,Cocktail Hour/rachelzach-576.jpg,Cocktail Hour,rachelzach-576.jpg,embedded_metadata,
Bob P,Cocktail Hour/rachelzach-576.jpg,Cocktail Hour,rachelzach-576.jpg,embedded_metadata,
David Benrud,Cocktail Hour/rachelzach-576.jpg,Cocktail Hour,rachelzach-576.jpg,embedded_metadata,
Patti,Cocktail Hour/rachelzach-576.jpg,Cocktail Hour,rachelzach-576.jpg,embedded_metadata,
Robbie,Cocktail Hour/rachelzach-576.jpg,Cocktail Hour,rachelzach-576.jpg,embedded_metadata,
BECKY,Cocktail Hour/rachelzach-578.jpg,Cocktail Hour,rachelzach-578.jpg,embedded_metadata,
Bob P,Cocktail Hour/rachelzach-578.jpg,Cocktail Hour,rachelzach-578.jpg,embedded_metadata,
David Benrud,Cocktail Hour/rachelzach-578.jpg,Cocktail Hour,rachelzach-578.jpg,embedded_metadata,
Greg,Cocktail Hour/rachelzach-578.jpg,Cocktail Hour,rachelzach-578.jpg,embedded_metadata,
Patti,Cocktail Hour/rachelzach-578.jpg,Cocktail Hour,rachelzach-578.jpg,embedded_metadata,
Robbie,Cocktail Hour/rachelzach-578.jpg,Cocktail Hour,rachelzach-578.jpg,embedded_metadata,
David Benrud,Cocktail Hour/rachelzach-579.jpg,Cocktail Hour,rachelzach-579.jpg,embedded_metadata,
Greg,Cocktail Hour/rachelzach-579.jpg,Cocktail Hour,rachelzach-579.jpg,embedded_metadata,
Patti,Cocktail Hour/rachelzach-579.jpg,Cocktail Hour,rachelzach-579.jpg,embedded_metadata,
Robbie,Cocktail Hour/rachelzach-579.jpg,Cocktail Hour,rachelzach-579.jpg,embedded_metadata,
David Benrud,Cocktail Hour/rachelzach-580.jpg,Cocktail Hour,rachelzach-580.jpg,embedded_metadata,
Janice,Cocktail Hour/rachelzach-580.jpg,Cocktail Hour,rachelzach-580.jpg,embedded_metadata,
Marty,Cocktail Hour/rachelzach-580.jpg,Cocktail Hour,rachelzach-580.jpg,embedded_metadata,
Patti,Cocktail Hour/rachelzach-580.jpg,Cocktail Hour,rachelzach-580.jpg,embedded_metadata,
Robbie,Cocktail Hour/rachelzach-580.jpg,Cocktail Hour,rachelzach-580.jpg,embedded_metadata,
BECKY,Cocktail Hour/rachelzach-582.jpg,Cocktail Hour,rachelzach-582.jpg,embedded_metadata,
Bob P,Cocktail Hour/rachelzach-582.jpg,Cocktail Hour,rachelzach-582.jpg,embedded_metadata,
David Benrud,Cocktail Hour/rachelzach-582.jpg,Cocktail Hour,rachelzach-582.jpg,embedded_metadata,
Janice,Cocktail Hour/rachelzach-582.jpg,Cocktail Hour,rachelzach-582.jpg,embedded_metadata,
Patti,Cocktail Hour/rachelzach-582.jpg,Cocktail Hour,rachelzach-582.jpg,embedded_metadata,
Robbie,Cocktail Hour/rachelzach-582.jpg,Cocktail Hour,rachelzach-582.jpg,embedded_metadata,
Patti,Cocktail Hour/rachelzach-583.jpg,Cocktail Hour,rachelzach-583.jpg,embedded_metadata,
Robbie,Cocktail Hour/rachelzach-583.jpg,Cocktail Hour,rachelzach-583.jpg,embedded_metadata,
Sam Soskin,Cocktail Hour/rachelzach-583.jpg,Cocktail Hour,rachelzach-583.jpg,embedded_metadata,
Rush,Cocktail Hour/rachelzach-584.jpg,Cocktail Hour,rachelzach-584.jpg,embedded_metadata,
Dubov,Cocktail Hour/rachelzach-586.jpg,Cocktail Hour,rachelzach-586.jpg,embedded_metadata,
Spencer Soltman,Cocktail Hour/rachelzach-586.jpg,Cocktail Hour,rachelzach-586.jpg,embedded_metadata,
Tav,Cocktail Hour/rachelzach-586.jpg,Cocktail Hour,rachelzach-586.jpg,embedded_metadata,
Jules,Cocktail Hour/rachelzach-587.jpg,Cocktail Hour,rachelzach-587.jpg,embedded_metadata,
Spencer Soltman,Cocktail Hour/rachelzach-587.jpg,Cocktail Hour,rachelzach-587.jpg,embedded_metadata,
Tav,Cocktail Hour/rachelzach-587.jpg,Cocktail Hour,rachelzach-587.jpg,embedded_metadata,
Rachel Casciano,Cocktail Hour/rachelzach-589.jpg,Cocktail Hour,rachelzach-589.jpg,embedded_metadata,
Zach Soskin,Cocktail Hour/rachelzach-589.jpg,Cocktail Hour,rachelzach-589.jpg,embedded_metadata,
Chris N,Cocktail Hour/rachelzach-591.jpg,Cocktail Hour,rachelzach-591.jpg,embedded_metadata,
Kelsey Nuelle,Cocktail Hour/rachelzach-591.jpg,Cocktail Hour,rachelzach-591.jpg,embedded_metadata,
Rachel Casciano,Cocktail Hour/rachelzach-591.jpg,Cocktail Hour,rachelzach-591.jpg,embedded_metadata,
Zach Soskin,Cocktail Hour/rachelzach-591.jpg,Cocktail Hour,rachelzach-591.jpg,embedded_metadata,
BECKY,Cocktail Hour/rachelzach-593.jpg,Cocktail Hour,rachelzach-593.jpg,embedded_metadata,
Patti,Cocktail Hour/rachelzach-593.jpg,Cocktail Hour,rachelzach-593.jpg,embedded_metadata,
HECKLIN,Cocktail Hour/rachelzach-594.jpg,Cocktail Hour,rachelzach-594.jpg,embedded_metadata,
Parker,Cocktail Hour/rachelzach-594.jpg,Cocktail Hour,rachelzach-594.jpg,embedded_metadata,
HECKLIN,Cocktail Hour/rachelzach-595.jpg,Cocktail Hour,rachelzach-595.jpg,embedded_metadata,
Parker,Cocktail Hour/rachelzach-595.jpg,Cocktail Hour,rachelzach-595.jpg,embedded_metadata,
Zach Soskin,Cocktail Hour/rachelzach-596.jpg,Cocktail Hour,rachelzach-596.jpg,embedded_metadata,
Zach Soskin,Cocktail Hour/rachelzach-597.jpg,Cocktail Hour,rachelzach-597.jpg,correction_or_metadata,groom from back
Adam Lynn,Cocktail Hour/rachelzach-598.jpg,Cocktail Hour,rachelzach-598.jpg,embedded_metadata,
Debi,Cocktail Hour/rachelzach-599.jpg,Cocktail Hour,rachelzach-599.jpg,embedded_metadata,
Nancy Lurie,Cocktail Hour/rachelzach-600.jpg,Cocktail Hour,rachelzach-600.jpg,embedded_metadata,
Todd Lurie,Cocktail Hour/rachelzach-600.jpg,Cocktail Hour,rachelzach-600.jpg,embedded_metadata,
Steve M,Cocktail Hour/rachelzach-602.jpg,Cocktail Hour,rachelzach-602.jpg,embedded_metadata,
Keagen,Cocktail Hour/rachelzach-604.jpg,Cocktail Hour,rachelzach-604.jpg,embedded_metadata,
Parker,Cocktail Hour/rachelzach-607.jpg,Cocktail Hour,rachelzach-607.jpg,embedded_metadata,
Chris,Cocktail Hour/rachelzach-608.jpg,Cocktail Hour,rachelzach-608.jpg,embedded_metadata,
Chris N,Cocktail Hour/rachelzach-608.jpg,Cocktail Hour,rachelzach-608.jpg,embedded_metadata,
Kelsey Nuelle,Cocktail Hour/rachelzach-608.jpg,Cocktail Hour,rachelzach-608.jpg,embedded_metadata,
Matt,Cocktail Hour/rachelzach-608.jpg,Cocktail Hour,rachelzach-608.jpg,embedded_metadata,
Rachel Casciano,Cocktail Hour/rachelzach-608.jpg,Cocktail Hour,rachelzach-608.jpg,embedded_metadata,
Zach Soskin,Cocktail Hour/rachelzach-608.jpg,Cocktail Hour,rachelzach-608.jpg,embedded_metadata,
Jorie,Cocktail Hour/rachelzach-609.jpg,Cocktail Hour,rachelzach-609.jpg,embedded_metadata,
David Benrud,Cocktail Hour/rachelzach-612.jpg,Cocktail Hour,rachelzach-612.jpg,embedded_metadata,
Greg,Cocktail Hour/rachelzach-612.jpg,Cocktail Hour,rachelzach-612.jpg,embedded_metadata,
BECKY,Cocktail Hour/rachelzach-613.jpg,Cocktail Hour,rachelzach-613.jpg,embedded_metadata,
Bob P,Cocktail Hour/rachelzach-613.jpg,Cocktail Hour,rachelzach-613.jpg,embedded_metadata,
David Benrud,Cocktail Hour/rachelzach-613.jpg,Cocktail Hour,rachelzach-613.jpg,embedded_metadata,
Greg,Cocktail Hour/rachelzach-613.jpg,Cocktail Hour,rachelzach-613.jpg,embedded_metadata,
Robbie,Cocktail Hour/rachelzach-613.jpg,Cocktail Hour,rachelzach-613.jpg,embedded_metadata,
Adam Stillman,Cocktail Hour/rachelzach-615.jpg,Cocktail Hour,rachelzach-615.jpg,embedded_metadata,
Emily Stillman,Cocktail Hour/rachelzach-615.jpg,Cocktail Hour,rachelzach-615.jpg,embedded_metadata,
Rachel Casciano,Cocktail Hour/rachelzach-615.jpg,Cocktail Hour,rachelzach-615.jpg,embedded_metadata,
Zach Soskin,Cocktail Hour/rachelzach-615.jpg,Cocktail Hour,rachelzach-615.jpg,embedded_metadata,
Chris N,Cocktail Hour/rachelzach-617.jpg,Cocktail Hour,rachelzach-617.jpg,embedded_metadata,
Kelsey Nuelle,Cocktail Hour/rachelzach-617.jpg,Cocktail Hour,rachelzach-617.jpg,embedded_metadata,
Zach Soskin,Cocktail Hour/rachelzach-618.jpg,Cocktail Hour,rachelzach-618.jpg,embedded_metadata,
Chris,Cocktail Hour/rachelzach-619.jpg,Cocktail Hour,rachelzach-619.jpg,embedded_metadata,
Maura,Cocktail Hour/rachelzach-619.jpg,Cocktail Hour,rachelzach-619.jpg,embedded_metadata,
Dubov,Cocktail Hour/rachelzach-622.jpg,Cocktail Hour,rachelzach-622.jpg,embedded_metadata,
Rachel Casciano,Cocktail Hour/rachelzach-623.jpg,Cocktail Hour,rachelzach-623.jpg,embedded_metadata,
Zach Soskin,Cocktail Hour/rachelzach-623.jpg,Cocktail Hour,rachelzach-623.jpg,embedded_metadata,
Rachel Casciano,Cocktail Hour/rachelzach-624.jpg,Cocktail Hour,rachelzach-624.jpg,embedded_metadata,
Zach Soskin,Cocktail Hour/rachelzach-624.jpg,Cocktail Hour,rachelzach-624.jpg,embedded_metadata,
Rachel Casciano,Cocktail Hour/rachelzach-625.jpg,Cocktail Hour,rachelzach-625.jpg,embedded_metadata,
Zach Soskin,Cocktail Hour/rachelzach-625.jpg,Cocktail Hour,rachelzach-625.jpg,embedded_metadata,
Rachel Casciano,Cocktail Hour/rachelzach-626.jpg,Cocktail Hour,rachelzach-626.jpg,embedded_metadata,
Zach Soskin,Cocktail Hour/rachelzach-626.jpg,Cocktail Hour,rachelzach-626.jpg,embedded_metadata,
Rachel Casciano,Cocktail Hour/rachelzach-627.jpg,Cocktail Hour,rachelzach-627.jpg,embedded_metadata,
Zach Soskin,Cocktail Hour/rachelzach-627.jpg,Cocktail Hour,rachelzach-627.jpg,embedded_metadata,
Rachel Casciano,Cocktail Hour/rachelzach-628.jpg,Cocktail Hour,rachelzach-628.jpg,embedded_metadata,
Tyler,Cocktail Hour/rachelzach-628.jpg,Cocktail Hour,rachelzach-628.jpg,embedded_metadata,
Zach Soskin,Cocktail Hour/rachelzach-628.jpg,Cocktail Hour,rachelzach-628.jpg,embedded_metadata,
Kayla,Cocktail Hour/rachelzach-632.jpg,Cocktail Hour,rachelzach-632.jpg,embedded_metadata,
Kayla,Cocktail Hour/rachelzach-633.jpg,Cocktail Hour,rachelzach-633.jpg,embedded_metadata,
Gisel,Cocktail Hour/rachelzach-634.jpg,Cocktail Hour,rachelzach-634.jpg,embedded_metadata,
Kayla,Cocktail Hour/rachelzach-634.jpg,Cocktail Hour,rachelzach-634.jpg,embedded_metadata,
Spencer Soltman,Cocktail Hour/rachelzach-634.jpg,Cocktail Hour,rachelzach-634.jpg,embedded_metadata,
Gisel,Cocktail Hour/rachelzach-635.jpg,Cocktail Hour,rachelzach-635.jpg,embedded_metadata,
Kayla,Cocktail Hour/rachelzach-635.jpg,Cocktail Hour,rachelzach-635.jpg,embedded_metadata,
Spencer Soltman,Cocktail Hour/rachelzach-635.jpg,Cocktail Hour,rachelzach-635.jpg,embedded_metadata,
Spencer Soltman,Cocktail Hour/rachelzach-638.jpg,Cocktail Hour,rachelzach-638.jpg,embedded_metadata,
Tav,Cocktail Hour/rachelzach-638.jpg,Cocktail Hour,rachelzach-638.jpg,embedded_metadata,
Rod,Cocktail Hour/rachelzach-639.jpg,Cocktail Hour,rachelzach-639.jpg,embedded_metadata,
Natalie,Cocktail Hour/rachelzach-644.jpg,Cocktail Hour,rachelzach-644.jpg,embedded_metadata,
Maddie Slomovitz,Cocktail Hour/rachelzach-648.jpg,Cocktail Hour,rachelzach-648.jpg,embedded_metadata,
Adam Lynn,Cocktail Hour/rachelzach-649.jpg,Cocktail Hour,rachelzach-649.jpg,embedded_metadata,
Zach Soskin,Cocktail Hour/rachelzach-649.jpg,Cocktail Hour,rachelzach-649.jpg,embedded_metadata,
Rachel Casciano,Reception/rachelzach-654.jpg,Reception,rachelzach-654.jpg,embedded_metadata,
Rachel Casciano,Reception/rachelzach-655.jpg,Reception,rachelzach-655.jpg,embedded_metadata,
Zach Soskin,Reception/rachelzach-656.jpg,Reception,rachelzach-656.jpg,embedded_metadata,
Rachel Casciano,Reception/rachelzach-657.jpg,Reception,rachelzach-657.jpg,correction_or_metadata,couple entrance
Zach Soskin,Reception/rachelzach-657.jpg,Reception,rachelzach-657.jpg,correction_or_metadata,couple entrance
Rachel Casciano,Reception/rachelzach-658.jpg,Reception,rachelzach-658.jpg,correction_or_metadata,couple from behind
Zach Soskin,Reception/rachelzach-658.jpg,Reception,rachelzach-658.jpg,correction_or_metadata,couple from behind
Zach Soskin,Reception/rachelzach-659.jpg,Reception,rachelzach-659.jpg,embedded_metadata,
Zach Soskin,Reception/rachelzach-660.jpg,Reception,rachelzach-660.jpg,embedded_metadata,
Rachel Casciano,Reception/rachelzach-661.jpg,Reception,rachelzach-661.jpg,correction_or_metadata,couple from behind
Zach Soskin,Reception/rachelzach-661.jpg,Reception,rachelzach-661.jpg,correction_or_metadata,couple from behind
Zach Soskin,Reception/rachelzach-662.jpg,Reception,rachelzach-662.jpg,embedded_metadata,
Zach Soskin,Reception/rachelzach-663.jpg,Reception,rachelzach-663.jpg,embedded_metadata,
Zach Soskin,Reception/rachelzach-664.jpg,Reception,rachelzach-664.jpg,embedded_metadata,
Rachel Casciano,Reception/rachelzach-665.jpg,Reception,rachelzach-665.jpg,correction_or_metadata,couple from behind
Zach Soskin,Reception/rachelzach-665.jpg,Reception,rachelzach-665.jpg,correction_or_metadata,couple from behind
Rachel Casciano,Reception/rachelzach-666.jpg,Reception,rachelzach-666.jpg,correction_or_metadata,couple dancing
Zach Soskin,Reception/rachelzach-666.jpg,Reception,rachelzach-666.jpg,correction_or_metadata,couple dancing
Zach Soskin,Reception/rachelzach-667.jpg,Reception,rachelzach-667.jpg,embedded_metadata,
Rachel Casciano,Reception/rachelzach-668.jpg,Reception,rachelzach-668.jpg,correction_or_metadata,couple dancing
Zach Soskin,Reception/rachelzach-668.jpg,Reception,rachelzach-668.jpg,correction_or_metadata,couple dancing
Rachel Casciano,Reception/rachelzach-669.jpg,Reception,rachelzach-669.jpg,embedded_metadata,
Zach Soskin,Reception/rachelzach-670.jpg,Reception,rachelzach-670.jpg,embedded_metadata,
Tim J,Reception/rachelzach-671.jpg,Reception,rachelzach-671.jpg,embedded_metadata,
Rachel Casciano,Reception/rachelzach-674.jpg,Reception,rachelzach-674.jpg,correction_or_metadata,couple dancing
Zach Soskin,Reception/rachelzach-674.jpg,Reception,rachelzach-674.jpg,correction_or_metadata,couple dancing
Zach Soskin,Reception/rachelzach-675.jpg,Reception,rachelzach-675.jpg,embedded_metadata,
Rachel Casciano,Reception/rachelzach-676.jpg,Reception,rachelzach-676.jpg,correction_or_metadata,bride dancing
Rachel Casciano,Reception/rachelzach-677.jpg,Reception,rachelzach-677.jpg,correction_or_metadata,bride in dance crowd
Kaitlin Burns,Reception/rachelzach-678.jpg,Reception,rachelzach-678.jpg,embedded_metadata,
Rachel Casciano,Reception/rachelzach-678.jpg,Reception,rachelzach-678.jpg,embedded_metadata,
Rachel Casciano,Reception/rachelzach-679.jpg,Reception,rachelzach-679.jpg,embedded_metadata,
Rachel Casciano,Reception/rachelzach-680.jpg,Reception,rachelzach-680.jpg,embedded_metadata,
Rachel Casciano,Reception/rachelzach-681.jpg,Reception,rachelzach-681.jpg,embedded_metadata,
Keagen,Reception/rachelzach-682.jpg,Reception,rachelzach-682.jpg,embedded_metadata,
Zach Soskin,Reception/rachelzach-682.jpg,Reception,rachelzach-682.jpg,embedded_metadata,
Nate O,Reception/rachelzach-683.jpg,Reception,rachelzach-683.jpg,embedded_metadata,
Keagen,Reception/rachelzach-684.jpg,Reception,rachelzach-684.jpg,embedded_metadata,
Lauren Bond,Reception/rachelzach-684.jpg,Reception,rachelzach-684.jpg,embedded_metadata,
Nick Pugs,Reception/rachelzach-685.jpg,Reception,rachelzach-685.jpg,embedded_metadata,
Rachel Casciano,Reception/rachelzach-685.jpg,Reception,rachelzach-685.jpg,embedded_metadata,
Robbie,Reception/rachelzach-685.jpg,Reception,rachelzach-685.jpg,embedded_metadata,
Chad Slomovitz,Reception/rachelzach-686.jpg,Reception,rachelzach-686.jpg,embedded_metadata,
Nick Pugs,Reception/rachelzach-686.jpg,Reception,rachelzach-686.jpg,embedded_metadata,
Patti,Reception/rachelzach-686.jpg,Reception,rachelzach-686.jpg,embedded_metadata,
Rachel Casciano,Reception/rachelzach-686.jpg,Reception,rachelzach-686.jpg,embedded_metadata,
Jorie,Reception/rachelzach-687.jpg,Reception,rachelzach-687.jpg,embedded_metadata,
Patti,Reception/rachelzach-687.jpg,Reception,rachelzach-687.jpg,embedded_metadata,
Spencer Soltman,Reception/rachelzach-687.jpg,Reception,rachelzach-687.jpg,embedded_metadata,
Bryant,Reception/rachelzach-689.jpg,Reception,rachelzach-689.jpg,embedded_metadata,
Bryant,Reception/rachelzach-690.jpg,Reception,rachelzach-690.jpg,embedded_metadata,
Kayla,Reception/rachelzach-690.jpg,Reception,rachelzach-690.jpg,embedded_metadata,
Spencer Soltman,Reception/rachelzach-690.jpg,Reception,rachelzach-690.jpg,embedded_metadata,
Kayla,Reception/rachelzach-691.jpg,Reception,rachelzach-691.jpg,embedded_metadata,
Chad Slomovitz,Reception/rachelzach-692.jpg,Reception,rachelzach-692.jpg,embedded_metadata,
Cogan,Reception/rachelzach-692.jpg,Reception,rachelzach-692.jpg,embedded_metadata,
pa,Reception/rachelzach-692.jpg,Reception,rachelzach-692.jpg,embedded_metadata,
Stephanie Soskin,Reception/rachelzach-692.jpg,Reception,rachelzach-692.jpg,embedded_metadata,
Riley,Reception/rachelzach-693.jpg,Reception,rachelzach-693.jpg,embedded_metadata,
Meg,Reception/rachelzach-694.jpg,Reception,rachelzach-694.jpg,embedded_metadata,
Bryant,Reception/rachelzach-695.jpg,Reception,rachelzach-695.jpg,embedded_metadata,
Nate O,Reception/rachelzach-695.jpg,Reception,rachelzach-695.jpg,embedded_metadata,
Chris N,Reception/rachelzach-697.jpg,Reception,rachelzach-697.jpg,embedded_metadata,
Frankie B,Reception/rachelzach-697.jpg,Reception,rachelzach-697.jpg,embedded_metadata,
Jake Lurie,Reception/rachelzach-697.jpg,Reception,rachelzach-697.jpg,embedded_metadata,
Jeffry Lurie,Reception/rachelzach-697.jpg,Reception,rachelzach-697.jpg,embedded_metadata,
Lauren Lurie,Reception/rachelzach-697.jpg,Reception,rachelzach-697.jpg,embedded_metadata,
Zach Soskin,Reception/rachelzach-697.jpg,Reception,rachelzach-697.jpg,embedded_metadata,
Zach Soskin,Reception/rachelzach-698.jpg,Reception,rachelzach-698.jpg,embedded_metadata,
Maddie Slomovitz,Reception/rachelzach-699.jpg,Reception,rachelzach-699.jpg,embedded_metadata,
Maddie Slomovitz,Reception/rachelzach-700.jpg,Reception,rachelzach-700.jpg,embedded_metadata,
Patti,Reception/rachelzach-700.jpg,Reception,rachelzach-700.jpg,embedded_metadata,
Zach Soskin,Reception/rachelzach-700.jpg,Reception,rachelzach-700.jpg,embedded_metadata,
Chad Slomovitz,Reception/rachelzach-701.jpg,Reception,rachelzach-701.jpg,embedded_metadata,
Rachel Casciano,Reception/rachelzach-701.jpg,Reception,rachelzach-701.jpg,embedded_metadata,
Maddie Slomovitz,Reception/rachelzach-702.jpg,Reception,rachelzach-702.jpg,embedded_metadata,
Rachel Casciano,Reception/rachelzach-702.jpg,Reception,rachelzach-702.jpg,embedded_metadata,
Robbie,Reception/rachelzach-702.jpg,Reception,rachelzach-702.jpg,embedded_metadata,
Zach Soskin,Reception/rachelzach-702.jpg,Reception,rachelzach-702.jpg,embedded_metadata,
Maddie Slomovitz,Reception/rachelzach-703.jpg,Reception,rachelzach-703.jpg,embedded_metadata,
Patti,Reception/rachelzach-703.jpg,Reception,rachelzach-703.jpg,embedded_metadata,
Zach Soskin,Reception/rachelzach-704.jpg,Reception,rachelzach-704.jpg,embedded_metadata,
Riley,Reception/rachelzach-705.jpg,Reception,rachelzach-705.jpg,embedded_metadata,
Zach Soskin,Reception/rachelzach-706.jpg,Reception,rachelzach-706.jpg,correction_or_metadata,groom dancing
Rachel Casciano,Reception/rachelzach-707.jpg,Reception,rachelzach-707.jpg,embedded_metadata,
Zach Soskin,Reception/rachelzach-709.jpg,Reception,rachelzach-709.jpg,embedded_metadata,
Aly Gilboa,Reception/rachelzach-710.jpg,Reception,rachelzach-710.jpg,embedded_metadata,
Keagen,Reception/rachelzach-710.jpg,Reception,rachelzach-710.jpg,embedded_metadata,
Maddie Slomovitz,Reception/rachelzach-710.jpg,Reception,rachelzach-710.jpg,embedded_metadata,
Jeffry Lurie,Reception/rachelzach-711.jpg,Reception,rachelzach-711.jpg,embedded_metadata,
Riley,Reception/rachelzach-711.jpg,Reception,rachelzach-711.jpg,embedded_metadata,
Jeffry Lurie,Reception/rachelzach-712.jpg,Reception,rachelzach-712.jpg,embedded_metadata,
Maddie Channess,Reception/rachelzach-712.jpg,Reception,rachelzach-712.jpg,embedded_metadata,
Maddie Channess,Reception/rachelzach-713.jpg,Reception,rachelzach-713.jpg,embedded_metadata,
Nate O,Reception/rachelzach-713.jpg,Reception,rachelzach-713.jpg,embedded_metadata,
Keagen,Reception/rachelzach-714.jpg,Reception,rachelzach-714.jpg,embedded_metadata,
Lauren Bond,Reception/rachelzach-714.jpg,Reception,rachelzach-714.jpg,embedded_metadata,
Nate O,Reception/rachelzach-714.jpg,Reception,rachelzach-714.jpg,embedded_metadata,
Adam Lynn,Reception/rachelzach-715.jpg,Reception,rachelzach-715.jpg,embedded_metadata,
Zach Soskin,Reception/rachelzach-716.jpg,Reception,rachelzach-716.jpg,embedded_metadata,
Lindsey Miller,Reception/rachelzach-717.jpg,Reception,rachelzach-717.jpg,embedded_metadata,
Parker,Reception/rachelzach-719.jpg,Reception,rachelzach-719.jpg,embedded_metadata,
Stephanie Soskin,Reception/rachelzach-719.jpg,Reception,rachelzach-719.jpg,embedded_metadata,
Parker,Reception/rachelzach-720.jpg,Reception,rachelzach-720.jpg,embedded_metadata,
Jorie,Reception/rachelzach-721.jpg,Reception,rachelzach-721.jpg,embedded_metadata,
Parker,Reception/rachelzach-721.jpg,Reception,rachelzach-721.jpg,embedded_metadata,
Stephanie Soskin,Reception/rachelzach-721.jpg,Reception,rachelzach-721.jpg,embedded_metadata,
Frankie B,Reception/rachelzach-722.jpg,Reception,rachelzach-722.jpg,embedded_metadata,
Parker,Reception/rachelzach-722.jpg,Reception,rachelzach-722.jpg,embedded_metadata,
Stephanie Soskin,Reception/rachelzach-722.jpg,Reception,rachelzach-722.jpg,embedded_metadata,
Adam Lynn,Reception/rachelzach-723.jpg,Reception,rachelzach-723.jpg,embedded_metadata,
Charlie Weisman,Reception/rachelzach-723.jpg,Reception,rachelzach-723.jpg,embedded_metadata,
Jorie,Reception/rachelzach-723.jpg,Reception,rachelzach-723.jpg,embedded_metadata,
Parker,Reception/rachelzach-723.jpg,Reception,rachelzach-723.jpg,embedded_metadata,
Riley,Reception/rachelzach-723.jpg,Reception,rachelzach-723.jpg,embedded_metadata,
Todd Lurie,Reception/rachelzach-724.jpg,Reception,rachelzach-724.jpg,embedded_metadata,
Charlie Weisman,Reception/rachelzach-725.jpg,Reception,rachelzach-725.jpg,embedded_metadata,
Patti,Reception/rachelzach-725.jpg,Reception,rachelzach-725.jpg,embedded_metadata,
Jeffry Lurie,Reception/rachelzach-726.jpg,Reception,rachelzach-726.jpg,embedded_metadata,
Jorie,Reception/rachelzach-726.jpg,Reception,rachelzach-726.jpg,embedded_metadata,
Parker,Reception/rachelzach-726.jpg,Reception,rachelzach-726.jpg,embedded_metadata,
Adam Lynn,Reception/rachelzach-727.jpg,Reception,rachelzach-727.jpg,embedded_metadata,
Charlie Weisman,Reception/rachelzach-727.jpg,Reception,rachelzach-727.jpg,embedded_metadata,
Frankie B,Reception/rachelzach-727.jpg,Reception,rachelzach-727.jpg,embedded_metadata,
Jorie,Reception/rachelzach-727.jpg,Reception,rachelzach-727.jpg,embedded_metadata,
Nick Pugs,Reception/rachelzach-727.jpg,Reception,rachelzach-727.jpg,embedded_metadata,
Parker,Reception/rachelzach-727.jpg,Reception,rachelzach-727.jpg,embedded_metadata,
Rachel Casciano,Reception/rachelzach-727.jpg,Reception,rachelzach-727.jpg,embedded_metadata,
Adam Lynn,Reception/rachelzach-728.jpg,Reception,rachelzach-728.jpg,embedded_metadata,
Charlie Weisman,Reception/rachelzach-728.jpg,Reception,rachelzach-728.jpg,embedded_metadata,
Jeffry Lurie,Reception/rachelzach-728.jpg,Reception,rachelzach-728.jpg,embedded_metadata,
Jorie,Reception/rachelzach-728.jpg,Reception,rachelzach-728.jpg,embedded_metadata,
Maddie Channess,Reception/rachelzach-728.jpg,Reception,rachelzach-728.jpg,embedded_metadata,
Maddie Slomovitz,Reception/rachelzach-728.jpg,Reception,rachelzach-728.jpg,embedded_metadata,
Nick Pugs,Reception/rachelzach-728.jpg,Reception,rachelzach-728.jpg,embedded_metadata,
Zach Soskin,Reception/rachelzach-728.jpg,Reception,rachelzach-728.jpg,embedded_metadata,
Charlie Weisman,Reception/rachelzach-729.jpg,Reception,rachelzach-729.jpg,embedded_metadata,
Jeffry Lurie,Reception/rachelzach-729.jpg,Reception,rachelzach-729.jpg,embedded_metadata,
Jorie,Reception/rachelzach-729.jpg,Reception,rachelzach-729.jpg,embedded_metadata,
Maddie Channess,Reception/rachelzach-729.jpg,Reception,rachelzach-729.jpg,embedded_metadata,
Parker,Reception/rachelzach-729.jpg,Reception,rachelzach-729.jpg,embedded_metadata,
Zach Soskin,Reception/rachelzach-729.jpg,Reception,rachelzach-729.jpg,embedded_metadata,
Charlie Weisman,Reception/rachelzach-730.jpg,Reception,rachelzach-730.jpg,embedded_metadata,
Jorie,Reception/rachelzach-731.jpg,Reception,rachelzach-731.jpg,embedded_metadata,
Parker,Reception/rachelzach-731.jpg,Reception,rachelzach-731.jpg,embedded_metadata,
Charlie Weisman,Reception/rachelzach-732.jpg,Reception,rachelzach-732.jpg,embedded_metadata,
Parker,Reception/rachelzach-732.jpg,Reception,rachelzach-732.jpg,embedded_metadata,
Rachel Casciano,Reception/rachelzach-732.jpg,Reception,rachelzach-732.jpg,embedded_metadata,
Charlie Weisman,Reception/rachelzach-733.jpg,Reception,rachelzach-733.jpg,embedded_metadata,
Rachel Casciano,Reception/rachelzach-733.jpg,Reception,rachelzach-733.jpg,embedded_metadata,
Tim J,Reception/rachelzach-734.jpg,Reception,rachelzach-734.jpg,embedded_metadata,
Rachel Casciano,Reception/rachelzach-736.jpg,Reception,rachelzach-736.jpg,correction_or_metadata,couple kiss
Zach Soskin,Reception/rachelzach-736.jpg,Reception,rachelzach-736.jpg,correction_or_metadata,couple kiss
Zach Soskin,Reception/rachelzach-737.jpg,Reception,rachelzach-737.jpg,embedded_metadata,
Bryant,Reception/rachelzach-739.jpg,Reception,rachelzach-739.jpg,embedded_metadata,
Cogan,Reception/rachelzach-739.jpg,Reception,rachelzach-739.jpg,embedded_metadata,
Daniel Shin,Reception/rachelzach-739.jpg,Reception,rachelzach-739.jpg,embedded_metadata,
Rachel Casciano,Reception/rachelzach-741.jpg,Reception,rachelzach-741.jpg,embedded_metadata,
Zach Soskin,Reception/rachelzach-741.jpg,Reception,rachelzach-741.jpg,embedded_metadata,
Rachel Casciano,Reception/rachelzach-742.jpg,Reception,rachelzach-742.jpg,embedded_metadata,
Zach Soskin,Reception/rachelzach-742.jpg,Reception,rachelzach-742.jpg,embedded_metadata,
Zach Soskin,Reception/rachelzach-743.jpg,Reception,rachelzach-743.jpg,embedded_metadata,
Rachel Casciano,Reception/rachelzach-744.jpg,Reception,rachelzach-744.jpg,correction_or_metadata,couple at reception
Zach Soskin,Reception/rachelzach-744.jpg,Reception,rachelzach-744.jpg,correction_or_metadata,couple at reception
Rachel Casciano,Reception/rachelzach-745.jpg,Reception,rachelzach-745.jpg,correction_or_metadata,bride from back
Riley,Reception/rachelzach-746.jpg,Reception,rachelzach-746.jpg,embedded_metadata,
Zach Soskin,Reception/rachelzach-748.jpg,Reception,rachelzach-748.jpg,correction_or_metadata,groom with guest turned away
Zach Soskin,Reception/rachelzach-749.jpg,Reception,rachelzach-749.jpg,embedded_metadata,
Kelsey Meyers,Reception/rachelzach-752.jpg,Reception,rachelzach-752.jpg,embedded_metadata,
Taylor Noyer,Reception/rachelzach-754.jpg,Reception,rachelzach-754.jpg,embedded_metadata,
Cogan,Reception/rachelzach-755.jpg,Reception,rachelzach-755.jpg,embedded_metadata,
Abe Burton,Reception/rachelzach-816.jpg,Reception,rachelzach-816.jpg,embedded_metadata,
Parker,Reception/rachelzach-819.jpg,Reception,rachelzach-819.jpg,embedded_metadata,
Erik,Reception/rachelzach-820.jpg,Reception,rachelzach-820.jpg,embedded_metadata,
Morgan,Reception/rachelzach-820.jpg,Reception,rachelzach-820.jpg,embedded_metadata,
Phil C,Reception/rachelzach-821.jpg,Reception,rachelzach-821.jpg,embedded_metadata,
Spencer Soltman,Reception/rachelzach-822.jpg,Reception,rachelzach-822.jpg,embedded_metadata,
Dubov,Reception/rachelzach-823.jpg,Reception,rachelzach-823.jpg,embedded_metadata,
Nick Pugs,Reception/rachelzach-823.jpg,Reception,rachelzach-823.jpg,embedded_metadata,
Parker,Reception/rachelzach-824.jpg,Reception,rachelzach-824.jpg,embedded_metadata,
Matt,Reception/rachelzach-825.jpg,Reception,rachelzach-825.jpg,embedded_metadata,
Matt,Reception/rachelzach-826.jpg,Reception,rachelzach-826.jpg,embedded_metadata,
Zach Soskin,Reception/rachelzach-828.jpg,Reception,rachelzach-828.jpg,embedded_metadata,
Alex Muecke,Reception/rachelzach-829.jpg,Reception,rachelzach-829.jpg,embedded_metadata,
Nate O,Reception/rachelzach-829.jpg,Reception,rachelzach-829.jpg,embedded_metadata,
Zach Soskin,Reception/rachelzach-829.jpg,Reception,rachelzach-829.jpg,embedded_metadata,
Sam Soskin,Reception/rachelzach-830.jpg,Reception,rachelzach-830.jpg,embedded_metadata,
Alex Muecke,Reception/rachelzach-831.jpg,Reception,rachelzach-831.jpg,embedded_metadata,
Erik,Reception/rachelzach-831.jpg,Reception,rachelzach-831.jpg,embedded_metadata,
Zach Soskin,Reception/rachelzach-831.jpg,Reception,rachelzach-831.jpg,embedded_metadata,
Dan Casciano,Reception/rachelzach-832.jpg,Reception,rachelzach-832.jpg,embedded_metadata,
Melanie Casciano,Reception/rachelzach-832.jpg,Reception,rachelzach-832.jpg,embedded_metadata,
Dan Casciano,Reception/rachelzach-834.jpg,Reception,rachelzach-834.jpg,embedded_metadata,
Melanie Casciano,Reception/rachelzach-834.jpg,Reception,rachelzach-834.jpg,embedded_metadata,
Phil Quist,Reception/rachelzach-835.jpg,Reception,rachelzach-835.jpg,embedded_metadata,
Dan Casciano,Reception/rachelzach-836.jpg,Reception,rachelzach-836.jpg,embedded_metadata,
Melanie Casciano,Reception/rachelzach-836.jpg,Reception,rachelzach-836.jpg,embedded_metadata,
Dan Casciano,Reception/rachelzach-838.jpg,Reception,rachelzach-838.jpg,embedded_metadata,
Melanie Casciano,Reception/rachelzach-838.jpg,Reception,rachelzach-838.jpg,embedded_metadata,
Rachel Casciano,Reception/rachelzach-839.jpg,Reception,rachelzach-839.jpg,embedded_metadata,
Zach Soskin,Reception/rachelzach-839.jpg,Reception,rachelzach-839.jpg,embedded_metadata,
Maddie Slomovitz,Reception/rachelzach-841.jpg,Reception,rachelzach-841.jpg,embedded_metadata,
Rachel Casciano,Reception/rachelzach-842.jpg,Reception,rachelzach-842.jpg,embedded_metadata,
Rachel Casciano,Reception/rachelzach-843.jpg,Reception,rachelzach-843.jpg,embedded_metadata,
Lauren Bond,Reception/rachelzach-844.jpg,Reception,rachelzach-844.jpg,embedded_metadata,
Dan Casciano,Reception/rachelzach-845.jpg,Reception,rachelzach-845.jpg,embedded_metadata,
Melanie Casciano,Reception/rachelzach-845.jpg,Reception,rachelzach-845.jpg,embedded_metadata,
Adam Brown,Reception/rachelzach-847.jpg,Reception,rachelzach-847.jpg,embedded_metadata,
Kaitlin Burns,Reception/rachelzach-847.jpg,Reception,rachelzach-847.jpg,embedded_metadata,
SCOTT L,Reception/rachelzach-847.jpg,Reception,rachelzach-847.jpg,embedded_metadata,
Tara,Reception/rachelzach-847.jpg,Reception,rachelzach-847.jpg,embedded_metadata,
Kelsey Meyers,Reception/rachelzach-848.jpg,Reception,rachelzach-848.jpg,embedded_metadata,
Adi,Reception/rachelzach-849.jpg,Reception,rachelzach-849.jpg,embedded_metadata,
Brendan,Reception/rachelzach-849.jpg,Reception,rachelzach-849.jpg,embedded_metadata,
Rachel Casciano,Reception/rachelzach-850.jpg,Reception,rachelzach-850.jpg,embedded_metadata,
Rachel Casciano,Reception/rachelzach-851.jpg,Reception,rachelzach-851.jpg,embedded_metadata,
Zach Soskin,Reception/rachelzach-851.jpg,Reception,rachelzach-851.jpg,embedded_metadata,
Nick Pugs,Reception/rachelzach-853.jpg,Reception,rachelzach-853.jpg,embedded_metadata,
Dan Casciano,Reception/rachelzach-854.jpg,Reception,rachelzach-854.jpg,embedded_metadata,
Melanie Casciano,Reception/rachelzach-854.jpg,Reception,rachelzach-854.jpg,embedded_metadata,
Maddie Channess,Reception/rachelzach-855.jpg,Reception,rachelzach-855.jpg,embedded_metadata,
Tim J,Reception/rachelzach-855.jpg,Reception,rachelzach-855.jpg,embedded_metadata,
Robbie,Reception/rachelzach-856.jpg,Reception,rachelzach-856.jpg,embedded_metadata,
Rachel Casciano,Reception/rachelzach-857.jpg,Reception,rachelzach-857.jpg,embedded_metadata,
Zach Soskin,Reception/rachelzach-857.jpg,Reception,rachelzach-857.jpg,embedded_metadata,
Rachel Casciano,Reception/rachelzach-858.jpg,Reception,rachelzach-858.jpg,embedded_metadata,
Zach Soskin,Reception/rachelzach-858.jpg,Reception,rachelzach-858.jpg,embedded_metadata,
Rachel Casciano,Reception/rachelzach-859.jpg,Reception,rachelzach-859.jpg,embedded_metadata,
Zach Soskin,Reception/rachelzach-859.jpg,Reception,rachelzach-859.jpg,embedded_metadata,
Rachel Casciano,Reception/rachelzach-860.jpg,Reception,rachelzach-860.jpg,embedded_metadata,
Zach Soskin,Reception/rachelzach-860.jpg,Reception,rachelzach-860.jpg,embedded_metadata,
Rachel Casciano,Reception/rachelzach-861.jpg,Reception,rachelzach-861.jpg,embedded_metadata,
Zach Soskin,Reception/rachelzach-861.jpg,Reception,rachelzach-861.jpg,embedded_metadata,
Rachel Casciano,Reception/rachelzach-862.jpg,Reception,rachelzach-862.jpg,correction_or_metadata,couple from behind
Zach Soskin,Reception/rachelzach-862.jpg,Reception,rachelzach-862.jpg,correction_or_metadata,couple from behind
Rachel Casciano,Reception/rachelzach-863.jpg,Reception,rachelzach-863.jpg,correction_or_metadata,couple from behind
Zach Soskin,Reception/rachelzach-863.jpg,Reception,rachelzach-863.jpg,correction_or_metadata,couple from behind
Dan Casciano,Reception/rachelzach-867.jpg,Reception,rachelzach-867.jpg,embedded_metadata,
Melanie Casciano,Reception/rachelzach-867.jpg,Reception,rachelzach-867.jpg,embedded_metadata,
Sean Morse,Reception/rachelzach-868.jpg,Reception,rachelzach-868.jpg,embedded_metadata,
Kayla,Reception/rachelzach-869.jpg,Reception,rachelzach-869.jpg,embedded_metadata,
Sean Morse,Reception/rachelzach-869.jpg,Reception,rachelzach-869.jpg,embedded_metadata,
Parker,Reception/rachelzach-879.jpg,Reception,rachelzach-879.jpg,embedded_metadata,
Bryant,Reception/rachelzach-880.jpg,Reception,rachelzach-880.jpg,embedded_metadata,
Kayla,Reception/rachelzach-880.jpg,Reception,rachelzach-880.jpg,embedded_metadata,
Sean Morse,Reception/rachelzach-880.jpg,Reception,rachelzach-880.jpg,embedded_metadata,
Dan Casciano,Reception/rachelzach-881.jpg,Reception,rachelzach-881.jpg,embedded_metadata,
Melanie Casciano,Reception/rachelzach-881.jpg,Reception,rachelzach-881.jpg,embedded_metadata,
Dubov,Reception/rachelzach-882.jpg,Reception,rachelzach-882.jpg,embedded_metadata,
Kayla,Reception/rachelzach-882.jpg,Reception,rachelzach-882.jpg,embedded_metadata,
Nick Pugs,Reception/rachelzach-882.jpg,Reception,rachelzach-882.jpg,embedded_metadata,
Robbie,Reception/rachelzach-883.jpg,Reception,rachelzach-883.jpg,embedded_metadata,
Patti,Reception/rachelzach-885.jpg,Reception,rachelzach-885.jpg,embedded_metadata,
Adi,Reception/rachelzach-886.jpg,Reception,rachelzach-886.jpg,embedded_metadata,
Dan Casciano,Reception/rachelzach-888.jpg,Reception,rachelzach-888.jpg,embedded_metadata,
Melanie Casciano,Reception/rachelzach-888.jpg,Reception,rachelzach-888.jpg,embedded_metadata,
Rachel Casciano,Reception/rachelzach-889.jpg,Reception,rachelzach-889.jpg,embedded_metadata,
Zach Soskin,Reception/rachelzach-889.jpg,Reception,rachelzach-889.jpg,embedded_metadata,
Kelsey Meyers,Reception/rachelzach-890.jpg,Reception,rachelzach-890.jpg,embedded_metadata,
Patti,Reception/rachelzach-890.jpg,Reception,rachelzach-890.jpg,embedded_metadata,
Robbie,Reception/rachelzach-890.jpg,Reception,rachelzach-890.jpg,embedded_metadata,
Adam Brown,Reception/rachelzach-891.jpg,Reception,rachelzach-891.jpg,embedded_metadata,
Lars,Reception/rachelzach-891.jpg,Reception,rachelzach-891.jpg,embedded_metadata,
Rachel Casciano,Reception/rachelzach-893.jpg,Reception,rachelzach-893.jpg,correction_or_metadata,couple at table
Zach Soskin,Reception/rachelzach-893.jpg,Reception,rachelzach-893.jpg,correction_or_metadata,couple at table
Dan Casciano,Reception/rachelzach-896.jpg,Reception,rachelzach-896.jpg,embedded_metadata,
Dan Casciano,Reception/rachelzach-897.jpg,Reception,rachelzach-897.jpg,embedded_metadata,
Rachel Casciano,Reception/rachelzach-899.jpg,Reception,rachelzach-899.jpg,embedded_metadata,
Zach Soskin,Reception/rachelzach-900.jpg,Reception,rachelzach-900.jpg,embedded_metadata,
Dan Casciano,Reception/rachelzach-901.jpg,Reception,rachelzach-901.jpg,embedded_metadata,
Rachel Casciano,Reception/rachelzach-901.jpg,Reception,rachelzach-901.jpg,embedded_metadata,
Rachel Casciano,Reception/rachelzach-902.jpg,Reception,rachelzach-902.jpg,embedded_metadata,
Zach Soskin,Reception/rachelzach-903.jpg,Reception,rachelzach-903.jpg,embedded_metadata,
Rachel Casciano,Reception/rachelzach-904.jpg,Reception,rachelzach-904.jpg,embedded_metadata,
Rachel Casciano,Reception/rachelzach-905.jpg,Reception,rachelzach-905.jpg,embedded_metadata,
Rachel Casciano,Reception/rachelzach-906.jpg,Reception,rachelzach-906.jpg,embedded_metadata,
Dan Casciano,Reception/rachelzach-907.jpg,Reception,rachelzach-907.jpg,embedded_metadata,
Rachel Casciano,Reception/rachelzach-907.jpg,Reception,rachelzach-907.jpg,embedded_metadata,
Rachel Casciano,Reception/rachelzach-908.jpg,Reception,rachelzach-908.jpg,embedded_metadata,
Rachel Casciano,Reception/rachelzach-909.jpg,Reception,rachelzach-909.jpg,embedded_metadata,
Rachel Casciano,Reception/rachelzach-910.jpg,Reception,rachelzach-910.jpg,embedded_metadata,
Rachel Casciano,Reception/rachelzach-911.jpg,Reception,rachelzach-911.jpg,embedded_metadata,
Rachel Casciano,Reception/rachelzach-912.jpg,Reception,rachelzach-912.jpg,embedded_metadata,
Dan Casciano,Reception/rachelzach-913.jpg,Reception,rachelzach-913.jpg,embedded_metadata,
Dan Casciano,Reception/rachelzach-914.jpg,Reception,rachelzach-914.jpg,embedded_metadata,
Rachel Casciano,Reception/rachelzach-915.jpg,Reception,rachelzach-915.jpg,embedded_metadata,
Dan Casciano,Reception/rachelzach-916.jpg,Reception,rachelzach-916.jpg,embedded_metadata,
Rachel Casciano,Reception/rachelzach-916.jpg,Reception,rachelzach-916.jpg,embedded_metadata,
Rachel Casciano,Reception/rachelzach-917.jpg,Reception,rachelzach-917.jpg,embedded_metadata,
Dan Casciano,Reception/rachelzach-918.jpg,Reception,rachelzach-918.jpg,embedded_metadata,
Rachel Casciano,Reception/rachelzach-919.jpg,Reception,rachelzach-919.jpg,correction_or_metadata,couple embrace
Zach Soskin,Reception/rachelzach-919.jpg,Reception,rachelzach-919.jpg,correction_or_metadata,couple embrace
Rachel Casciano,Reception/rachelzach-920.jpg,Reception,rachelzach-920.jpg,correction_or_metadata,couple from behind
Zach Soskin,Reception/rachelzach-920.jpg,Reception,rachelzach-920.jpg,correction_or_metadata,couple from behind
Zach Soskin,Reception/rachelzach-921.jpg,Reception,rachelzach-921.jpg,embedded_metadata,
Rachel Casciano,Reception/rachelzach-923.jpg,Reception,rachelzach-923.jpg,embedded_metadata,
Zach Soskin,Reception/rachelzach-924.jpg,Reception,rachelzach-924.jpg,embedded_metadata,
Patti,Reception/rachelzach-925.jpg,Reception,rachelzach-925.jpg,embedded_metadata,
Rachel Casciano,Reception/rachelzach-926.jpg,Reception,rachelzach-926.jpg,correction_or_metadata,bride from back
Zach Soskin,Reception/rachelzach-927.jpg,Reception,rachelzach-927.jpg,embedded_metadata,
Patti,Reception/rachelzach-928.jpg,Reception,rachelzach-928.jpg,embedded_metadata,
Zach Soskin,Reception/rachelzach-928.jpg,Reception,rachelzach-928.jpg,embedded_metadata,
Zach Soskin,Reception/rachelzach-930.jpg,Reception,rachelzach-930.jpg,embedded_metadata,
Patti,Reception/rachelzach-931.jpg,Reception,rachelzach-931.jpg,embedded_metadata,
Zach Soskin,Reception/rachelzach-931.jpg,Reception,rachelzach-931.jpg,embedded_metadata,
Zach Soskin,Dancing/rachelzach-932.jpg,Dancing,rachelzach-932.jpg,embedded_metadata,
Sean Morse,Dancing/rachelzach-933.jpg,Dancing,rachelzach-933.jpg,embedded_metadata,
Chad Slomovitz,Dancing/rachelzach-934.jpg,Dancing,rachelzach-934.jpg,embedded_metadata,
Nick Pugs,Dancing/rachelzach-934.jpg,Dancing,rachelzach-934.jpg,embedded_metadata,
Zach Soskin,Dancing/rachelzach-934.jpg,Dancing,rachelzach-934.jpg,embedded_metadata,
Nick Pugs,Dancing/rachelzach-935.jpg,Dancing,rachelzach-935.jpg,embedded_metadata,
Patti,Dancing/rachelzach-935.jpg,Dancing,rachelzach-935.jpg,embedded_metadata,
Nick Pugs,Dancing/rachelzach-936.jpg,Dancing,rachelzach-936.jpg,embedded_metadata,
Patti,Dancing/rachelzach-936.jpg,Dancing,rachelzach-936.jpg,embedded_metadata,
Sean Morse,Dancing/rachelzach-936.jpg,Dancing,rachelzach-936.jpg,embedded_metadata,
Keagen,Dancing/rachelzach-938.jpg,Dancing,rachelzach-938.jpg,embedded_metadata,
Maddie Slomovitz,Dancing/rachelzach-939.jpg,Dancing,rachelzach-939.jpg,embedded_metadata,
Rachel Casciano,Dancing/rachelzach-939.jpg,Dancing,rachelzach-939.jpg,embedded_metadata,
Sean Morse,Dancing/rachelzach-939.jpg,Dancing,rachelzach-939.jpg,embedded_metadata,
Kaitlin Burns,Dancing/rachelzach-940.jpg,Dancing,rachelzach-940.jpg,embedded_metadata,
Nate O,Dancing/rachelzach-940.jpg,Dancing,rachelzach-940.jpg,embedded_metadata,
Pat Burton,Dancing/rachelzach-940.jpg,Dancing,rachelzach-940.jpg,embedded_metadata,
Adam Lynn,Dancing/rachelzach-942.jpg,Dancing,rachelzach-942.jpg,embedded_metadata,
Jacquie,Dancing/rachelzach-943.jpg,Dancing,rachelzach-943.jpg,embedded_metadata,
Kayla,Dancing/rachelzach-943.jpg,Dancing,rachelzach-943.jpg,embedded_metadata,
Pat Burton,Dancing/rachelzach-943.jpg,Dancing,rachelzach-943.jpg,embedded_metadata,
Spencer Soltman,Dancing/rachelzach-943.jpg,Dancing,rachelzach-943.jpg,embedded_metadata,
David Burton,Dancing/rachelzach-944.jpg,Dancing,rachelzach-944.jpg,embedded_metadata,
Jacquie,Dancing/rachelzach-944.jpg,Dancing,rachelzach-944.jpg,embedded_metadata,
Kayla,Dancing/rachelzach-944.jpg,Dancing,rachelzach-944.jpg,embedded_metadata,
SCOTT L,Dancing/rachelzach-944.jpg,Dancing,rachelzach-944.jpg,embedded_metadata,
Spencer Soltman,Dancing/rachelzach-944.jpg,Dancing,rachelzach-944.jpg,embedded_metadata,
Erin,Dancing/rachelzach-945.jpg,Dancing,rachelzach-945.jpg,embedded_metadata,
Sam Ankin,Dancing/rachelzach-945.jpg,Dancing,rachelzach-945.jpg,embedded_metadata,
Chad Slomovitz,Dancing/rachelzach-946.jpg,Dancing,rachelzach-946.jpg,embedded_metadata,
Rachel Casciano,Dancing/rachelzach-946.jpg,Dancing,rachelzach-946.jpg,embedded_metadata,
Zach Soskin,Dancing/rachelzach-946.jpg,Dancing,rachelzach-946.jpg,embedded_metadata,
Chad Slomovitz,Dancing/rachelzach-947.jpg,Dancing,rachelzach-947.jpg,embedded_metadata,
Frankie B,Dancing/rachelzach-947.jpg,Dancing,rachelzach-947.jpg,embedded_metadata,
Zach Soskin,Dancing/rachelzach-947.jpg,Dancing,rachelzach-947.jpg,embedded_metadata,
Dan Casciano,Dancing/rachelzach-948.jpg,Dancing,rachelzach-948.jpg,embedded_metadata,
Melanie Casciano,Dancing/rachelzach-949.jpg,Dancing,rachelzach-949.jpg,embedded_metadata,
Dan Casciano,Dancing/rachelzach-950.jpg,Dancing,rachelzach-950.jpg,embedded_metadata,
Dave Gilboa,Dancing/rachelzach-950.jpg,Dancing,rachelzach-950.jpg,embedded_metadata,
Keagen,Dancing/rachelzach-950.jpg,Dancing,rachelzach-950.jpg,embedded_metadata,
Chad Slomovitz,Dancing/rachelzach-951.jpg,Dancing,rachelzach-951.jpg,embedded_metadata,
Dan Casciano,Dancing/rachelzach-951.jpg,Dancing,rachelzach-951.jpg,embedded_metadata,
Melanie Casciano,Dancing/rachelzach-951.jpg,Dancing,rachelzach-951.jpg,embedded_metadata,
Robbie,Dancing/rachelzach-951.jpg,Dancing,rachelzach-951.jpg,embedded_metadata,
Siri,Dancing/rachelzach-951.jpg,Dancing,rachelzach-951.jpg,embedded_metadata,
Kaitlin Burns,Dancing/rachelzach-952.jpg,Dancing,rachelzach-952.jpg,embedded_metadata,
SCOTT L,Dancing/rachelzach-952.jpg,Dancing,rachelzach-952.jpg,embedded_metadata,
Sean Morse,Dancing/rachelzach-952.jpg,Dancing,rachelzach-952.jpg,embedded_metadata,
Steve M,Dancing/rachelzach-952.jpg,Dancing,rachelzach-952.jpg,embedded_metadata,
Adam Brown,Dancing/rachelzach-953.jpg,Dancing,rachelzach-953.jpg,embedded_metadata,
Lars,Dancing/rachelzach-953.jpg,Dancing,rachelzach-953.jpg,embedded_metadata,
Siri,Dancing/rachelzach-953.jpg,Dancing,rachelzach-953.jpg,embedded_metadata,
Mohr,Dancing/rachelzach-954.jpg,Dancing,rachelzach-954.jpg,embedded_metadata,
Siri,Dancing/rachelzach-954.jpg,Dancing,rachelzach-954.jpg,embedded_metadata,
Keagen,Dancing/rachelzach-955.jpg,Dancing,rachelzach-955.jpg,embedded_metadata,
Robbie,Dancing/rachelzach-955.jpg,Dancing,rachelzach-955.jpg,embedded_metadata,
Zach Soskin,Dancing/rachelzach-955.jpg,Dancing,rachelzach-955.jpg,embedded_metadata,
Dubov,Dancing/rachelzach-956.jpg,Dancing,rachelzach-956.jpg,embedded_metadata,
Maddie Channess,Dancing/rachelzach-956.jpg,Dancing,rachelzach-956.jpg,embedded_metadata,
Maddie Slomovitz,Dancing/rachelzach-956.jpg,Dancing,rachelzach-956.jpg,embedded_metadata,
Rachel Casciano,Dancing/rachelzach-956.jpg,Dancing,rachelzach-956.jpg,embedded_metadata,
Rachel Casciano,Dancing/rachelzach-957.jpg,Dancing,rachelzach-957.jpg,embedded_metadata,
Ronald Harris,Dancing/rachelzach-957.jpg,Dancing,rachelzach-957.jpg,embedded_metadata,
Siri,Dancing/rachelzach-957.jpg,Dancing,rachelzach-957.jpg,embedded_metadata,
Brendan,Dancing/rachelzach-958.jpg,Dancing,rachelzach-958.jpg,embedded_metadata,
Greg,Dancing/rachelzach-958.jpg,Dancing,rachelzach-958.jpg,embedded_metadata,
Ronald Harris,Dancing/rachelzach-958.jpg,Dancing,rachelzach-958.jpg,embedded_metadata,
Siri,Dancing/rachelzach-958.jpg,Dancing,rachelzach-958.jpg,embedded_metadata,
Dubov,Dancing/rachelzach-959.jpg,Dancing,rachelzach-959.jpg,embedded_metadata,
Frankie B,Dancing/rachelzach-959.jpg,Dancing,rachelzach-959.jpg,embedded_metadata,
Maddie Channess,Dancing/rachelzach-959.jpg,Dancing,rachelzach-959.jpg,embedded_metadata,
Maddie Slomovitz,Dancing/rachelzach-959.jpg,Dancing,rachelzach-959.jpg,embedded_metadata,
Brendan,Dancing/rachelzach-960.jpg,Dancing,rachelzach-960.jpg,embedded_metadata,
Meg,Dancing/rachelzach-960.jpg,Dancing,rachelzach-960.jpg,embedded_metadata,
Ronald Harris,Dancing/rachelzach-960.jpg,Dancing,rachelzach-960.jpg,embedded_metadata,
Siri,Dancing/rachelzach-960.jpg,Dancing,rachelzach-960.jpg,embedded_metadata,
Taylor Noyer,Dancing/rachelzach-960.jpg,Dancing,rachelzach-960.jpg,embedded_metadata,
Zach Soskin,Dancing/rachelzach-960.jpg,Dancing,rachelzach-960.jpg,embedded_metadata,
Charlie Weisman,Dancing/rachelzach-961.jpg,Dancing,rachelzach-961.jpg,embedded_metadata,
Jeffry Lurie,Dancing/rachelzach-961.jpg,Dancing,rachelzach-961.jpg,embedded_metadata,
Maddie Channess,Dancing/rachelzach-961.jpg,Dancing,rachelzach-961.jpg,embedded_metadata,
Rachel Casciano,Dancing/rachelzach-961.jpg,Dancing,rachelzach-961.jpg,embedded_metadata,
Bryant,Dancing/rachelzach-962.jpg,Dancing,rachelzach-962.jpg,embedded_metadata,
Jeffry Lurie,Dancing/rachelzach-962.jpg,Dancing,rachelzach-962.jpg,embedded_metadata,
Maddie Channess,Dancing/rachelzach-962.jpg,Dancing,rachelzach-962.jpg,embedded_metadata,
Maddie Slomovitz,Dancing/rachelzach-962.jpg,Dancing,rachelzach-962.jpg,embedded_metadata,
Steve M,Dancing/rachelzach-962.jpg,Dancing,rachelzach-962.jpg,embedded_metadata,
Taylor Noyer,Dancing/rachelzach-962.jpg,Dancing,rachelzach-962.jpg,embedded_metadata,
Charlie Weisman,Dancing/rachelzach-963.jpg,Dancing,rachelzach-963.jpg,embedded_metadata,
Jeffry Lurie,Dancing/rachelzach-963.jpg,Dancing,rachelzach-963.jpg,embedded_metadata,
Maddie Channess,Dancing/rachelzach-963.jpg,Dancing,rachelzach-963.jpg,embedded_metadata,
Rachel Casciano,Dancing/rachelzach-963.jpg,Dancing,rachelzach-963.jpg,embedded_metadata,
Siri,Dancing/rachelzach-963.jpg,Dancing,rachelzach-963.jpg,embedded_metadata,
Taylor Noyer,Dancing/rachelzach-963.jpg,Dancing,rachelzach-963.jpg,embedded_metadata,
Jorie,Dancing/rachelzach-966.jpg,Dancing,rachelzach-966.jpg,embedded_metadata,
Parker,Dancing/rachelzach-966.jpg,Dancing,rachelzach-966.jpg,embedded_metadata,
Stephanie Soskin,Dancing/rachelzach-966.jpg,Dancing,rachelzach-966.jpg,embedded_metadata,
Zach Soskin,Dancing/rachelzach-966.jpg,Dancing,rachelzach-966.jpg,embedded_metadata,
Jody Post,Dancing/rachelzach-967.jpg,Dancing,rachelzach-967.jpg,embedded_metadata,
Lisa Caplan,Dancing/rachelzach-967.jpg,Dancing,rachelzach-967.jpg,embedded_metadata,
Patti,Dancing/rachelzach-967.jpg,Dancing,rachelzach-967.jpg,embedded_metadata,
Ronald Harris,Dancing/rachelzach-967.jpg,Dancing,rachelzach-967.jpg,embedded_metadata,
Gisel,Dancing/rachelzach-968.jpg,Dancing,rachelzach-968.jpg,embedded_metadata,
Kayla,Dancing/rachelzach-968.jpg,Dancing,rachelzach-968.jpg,embedded_metadata,
Nate waldron,Dancing/rachelzach-968.jpg,Dancing,rachelzach-968.jpg,embedded_metadata,
Phil C,Dancing/rachelzach-968.jpg,Dancing,rachelzach-968.jpg,embedded_metadata,
Zach Soskin,Dancing/rachelzach-969.jpg,Dancing,rachelzach-969.jpg,embedded_metadata,
Jeremy Burton Burton,Dancing/rachelzach-970.jpg,Dancing,rachelzach-970.jpg,embedded_metadata,
Keagen,Dancing/rachelzach-970.jpg,Dancing,rachelzach-970.jpg,embedded_metadata,
Phil C,Dancing/rachelzach-970.jpg,Dancing,rachelzach-970.jpg,embedded_metadata,
Zach Soskin,Dancing/rachelzach-970.jpg,Dancing,rachelzach-970.jpg,embedded_metadata,
Jorie,Dancing/rachelzach-971.jpg,Dancing,rachelzach-971.jpg,embedded_metadata,
Riley,Dancing/rachelzach-971.jpg,Dancing,rachelzach-971.jpg,embedded_metadata,
Taylor Noyer,Dancing/rachelzach-972.jpg,Dancing,rachelzach-972.jpg,embedded_metadata,
Lauren Lurie,Dancing/rachelzach-973.jpg,Dancing,rachelzach-973.jpg,embedded_metadata,
Jake Lurie,Dancing/rachelzach-974.jpg,Dancing,rachelzach-974.jpg,embedded_metadata,
Maddie Channess,Dancing/rachelzach-975.jpg,Dancing,rachelzach-975.jpg,embedded_metadata,
Rachel Casciano,Dancing/rachelzach-975.jpg,Dancing,rachelzach-975.jpg,embedded_metadata,
Chad Slomovitz,Dancing/rachelzach-982.jpg,Dancing,rachelzach-982.jpg,embedded_metadata,
Adam Brown,Dancing/rachelzach-983.jpg,Dancing,rachelzach-983.jpg,embedded_metadata,
Chris N,Dancing/rachelzach-983.jpg,Dancing,rachelzach-983.jpg,embedded_metadata,
Kaitlin Burns,Dancing/rachelzach-983.jpg,Dancing,rachelzach-983.jpg,embedded_metadata,
Pat Burton,Dancing/rachelzach-983.jpg,Dancing,rachelzach-983.jpg,embedded_metadata,
Taylor Noyer,Dancing/rachelzach-983.jpg,Dancing,rachelzach-983.jpg,embedded_metadata,
Chris N,Dancing/rachelzach-984.jpg,Dancing,rachelzach-984.jpg,embedded_metadata,
Kelsey Nuelle,Dancing/rachelzach-984.jpg,Dancing,rachelzach-984.jpg,embedded_metadata,
Pat Burton,Dancing/rachelzach-984.jpg,Dancing,rachelzach-984.jpg,embedded_metadata,
Zach Soskin,Dancing/rachelzach-984.jpg,Dancing,rachelzach-984.jpg,embedded_metadata,
Bryant,Dancing/rachelzach-985.jpg,Dancing,rachelzach-985.jpg,embedded_metadata,
Rachel Casciano,Dancing/rachelzach-985.jpg,Dancing,rachelzach-985.jpg,embedded_metadata,
Sean Morse,Dancing/rachelzach-985.jpg,Dancing,rachelzach-985.jpg,embedded_metadata,
Chris N,Dancing/rachelzach-986.jpg,Dancing,rachelzach-986.jpg,embedded_metadata,
Taylor Noyer,Dancing/rachelzach-986.jpg,Dancing,rachelzach-986.jpg,embedded_metadata,
Chad Slomovitz,Dancing/rachelzach-989.jpg,Dancing,rachelzach-989.jpg,embedded_metadata,
Rachel Casciano,Dancing/rachelzach-990.jpg,Dancing,rachelzach-990.jpg,correction_or_metadata,bride and groom in crowd
Zach Soskin,Dancing/rachelzach-990.jpg,Dancing,rachelzach-990.jpg,correction_or_metadata,bride and groom in crowd
Alex Muecke,Dancing/rachelzach-991.jpg,Dancing,rachelzach-991.jpg,embedded_metadata,
Melanie Casciano,Dancing/rachelzach-993.jpg,Dancing,rachelzach-993.jpg,embedded_metadata,
Robbie,Dancing/rachelzach-993.jpg,Dancing,rachelzach-993.jpg,embedded_metadata,
Lauren Lurie,Dancing/rachelzach-995.jpg,Dancing,rachelzach-995.jpg,embedded_metadata,
Maddie Slomovitz,Dancing/rachelzach-996.jpg,Dancing,rachelzach-996.jpg,embedded_metadata,
Nate waldron,Dancing/rachelzach-996.jpg,Dancing,rachelzach-996.jpg,embedded_metadata,
Alex Muecke,Dancing/rachelzach-997.jpg,Dancing,rachelzach-997.jpg,embedded_metadata,
Zach Soskin,Dancing/rachelzach-997.jpg,Dancing,rachelzach-997.jpg,embedded_metadata,
Alex Muecke,Dancing/rachelzach-998.jpg,Dancing,rachelzach-998.jpg,embedded_metadata,
Nate waldron,Dancing/rachelzach-999.jpg,Dancing,rachelzach-999.jpg,embedded_metadata,
Trelawny,Dancing/rachelzach-1000.jpg,Dancing,rachelzach-1000.jpg,embedded_metadata,
Maddie Slomovitz,Dancing/rachelzach-1001.jpg,Dancing,rachelzach-1001.jpg,embedded_metadata,
Robbie,Dancing/rachelzach-1001.jpg,Dancing,rachelzach-1001.jpg,embedded_metadata,
Spencer Soltman,Dancing/rachelzach-1001.jpg,Dancing,rachelzach-1001.jpg,embedded_metadata,
Jeffry Lurie,Dancing/rachelzach-1002.jpg,Dancing,rachelzach-1002.jpg,embedded_metadata,
Maddie Slomovitz,Dancing/rachelzach-1002.jpg,Dancing,rachelzach-1002.jpg,embedded_metadata,
Nancy Lurie,Dancing/rachelzach-1002.jpg,Dancing,rachelzach-1002.jpg,embedded_metadata,
Rachel Casciano,Dancing/rachelzach-1002.jpg,Dancing,rachelzach-1002.jpg,embedded_metadata,
Spencer Soltman,Dancing/rachelzach-1002.jpg,Dancing,rachelzach-1002.jpg,embedded_metadata,
Jeffry Lurie,Dancing/rachelzach-1003.jpg,Dancing,rachelzach-1003.jpg,embedded_metadata,
Maddie Slomovitz,Dancing/rachelzach-1003.jpg,Dancing,rachelzach-1003.jpg,embedded_metadata,
Nancy Lurie,Dancing/rachelzach-1003.jpg,Dancing,rachelzach-1003.jpg,embedded_metadata,
Spencer Soltman,Dancing/rachelzach-1003.jpg,Dancing,rachelzach-1003.jpg,embedded_metadata,
Jake Lurie,Dancing/rachelzach-1006.jpg,Dancing,rachelzach-1006.jpg,embedded_metadata,
Lauren Lurie,Dancing/rachelzach-1006.jpg,Dancing,rachelzach-1006.jpg,embedded_metadata,
Kayla,Dancing/rachelzach-1010.jpg,Dancing,rachelzach-1010.jpg,embedded_metadata,
Phil C,Dancing/rachelzach-1010.jpg,Dancing,rachelzach-1010.jpg,embedded_metadata,
Sally,Dancing/rachelzach-1010.jpg,Dancing,rachelzach-1010.jpg,embedded_metadata,
Phil C,Dancing/rachelzach-1011.jpg,Dancing,rachelzach-1011.jpg,embedded_metadata,
Sally,Dancing/rachelzach-1011.jpg,Dancing,rachelzach-1011.jpg,embedded_metadata,
Zach Soskin,Dancing/rachelzach-1011.jpg,Dancing,rachelzach-1011.jpg,embedded_metadata,
Abe Burton,Dancing/rachelzach-1012.jpg,Dancing,rachelzach-1012.jpg,embedded_metadata,
Rachel Casciano,Dancing/rachelzach-1013.jpg,Dancing,rachelzach-1013.jpg,embedded_metadata,
Zach Soskin,Dancing/rachelzach-1013.jpg,Dancing,rachelzach-1013.jpg,embedded_metadata,
Zach Soskin,Dancing/rachelzach-1014.jpg,Dancing,rachelzach-1014.jpg,embedded_metadata,
Zach Soskin,Dancing/rachelzach-1015.jpg,Dancing,rachelzach-1015.jpg,embedded_metadata,
Rachel Casciano,Dancing/rachelzach-1016.jpg,Dancing,rachelzach-1016.jpg,embedded_metadata,
Robbie,Dancing/rachelzach-1016.jpg,Dancing,rachelzach-1016.jpg,embedded_metadata,
Carter,Dancing/rachelzach-1018.jpg,Dancing,rachelzach-1018.jpg,embedded_metadata,
Cogan,Dancing/rachelzach-1018.jpg,Dancing,rachelzach-1018.jpg,embedded_metadata,
Dubov,Dancing/rachelzach-1019.jpg,Dancing,rachelzach-1019.jpg,embedded_metadata,
Nate waldron,Dancing/rachelzach-1019.jpg,Dancing,rachelzach-1019.jpg,embedded_metadata,
Spencer Soltman,Dancing/rachelzach-1019.jpg,Dancing,rachelzach-1019.jpg,embedded_metadata,
Keagen,Dancing/rachelzach-1020.jpg,Dancing,rachelzach-1020.jpg,embedded_metadata,
Lauren Bond,Dancing/rachelzach-1020.jpg,Dancing,rachelzach-1020.jpg,embedded_metadata,
Phil Quist,Dancing/rachelzach-1020.jpg,Dancing,rachelzach-1020.jpg,embedded_metadata,
Rachel Casciano,Dancing/rachelzach-1020.jpg,Dancing,rachelzach-1020.jpg,embedded_metadata,
Trelawny,Dancing/rachelzach-1020.jpg,Dancing,rachelzach-1020.jpg,embedded_metadata,
Zach Soskin,Dancing/rachelzach-1020.jpg,Dancing,rachelzach-1020.jpg,embedded_metadata,
Sean Morse,Dancing/rachelzach-1021.jpg,Dancing,rachelzach-1021.jpg,embedded_metadata,
Nate waldron,Dancing/rachelzach-1024.jpg,Dancing,rachelzach-1024.jpg,embedded_metadata,
Sean Morse,Dancing/rachelzach-1024.jpg,Dancing,rachelzach-1024.jpg,embedded_metadata,
Zach Soskin,Dancing/rachelzach-1024.jpg,Dancing,rachelzach-1024.jpg,embedded_metadata,
Bryant,Dancing/rachelzach-1025.jpg,Dancing,rachelzach-1025.jpg,embedded_metadata,
Frankie B,Dancing/rachelzach-1025.jpg,Dancing,rachelzach-1025.jpg,embedded_metadata,
Chad Slomovitz,Dancing/rachelzach-1026.jpg,Dancing,rachelzach-1026.jpg,embedded_metadata,
Jeffry Lurie,Dancing/rachelzach-1026.jpg,Dancing,rachelzach-1026.jpg,embedded_metadata,
Jorie,Dancing/rachelzach-1026.jpg,Dancing,rachelzach-1026.jpg,embedded_metadata,
Rachel Casciano,Dancing/rachelzach-1026.jpg,Dancing,rachelzach-1026.jpg,embedded_metadata,
Taylor Noyer,Dancing/rachelzach-1026.jpg,Dancing,rachelzach-1026.jpg,embedded_metadata,
Adam Brown,Dancing/rachelzach-1027.jpg,Dancing,rachelzach-1027.jpg,embedded_metadata,
Bryant,Dancing/rachelzach-1027.jpg,Dancing,rachelzach-1027.jpg,embedded_metadata,
Erik,Dancing/rachelzach-1027.jpg,Dancing,rachelzach-1027.jpg,embedded_metadata,
Jeffry Lurie,Dancing/rachelzach-1027.jpg,Dancing,rachelzach-1027.jpg,embedded_metadata,
Keagen,Dancing/rachelzach-1027.jpg,Dancing,rachelzach-1027.jpg,embedded_metadata,
Lauren Bond,Dancing/rachelzach-1027.jpg,Dancing,rachelzach-1027.jpg,embedded_metadata,
Maddie Slomovitz,Dancing/rachelzach-1027.jpg,Dancing,rachelzach-1027.jpg,embedded_metadata,
Rachel Casciano,Dancing/rachelzach-1027.jpg,Dancing,rachelzach-1027.jpg,embedded_metadata,
Taylor Noyer,Dancing/rachelzach-1027.jpg,Dancing,rachelzach-1027.jpg,embedded_metadata,
Zach Soskin,Dancing/rachelzach-1027.jpg,Dancing,rachelzach-1027.jpg,embedded_metadata,
Erik,Dancing/rachelzach-1028.jpg,Dancing,rachelzach-1028.jpg,embedded_metadata,
Zach Soskin,Dancing/rachelzach-1028.jpg,Dancing,rachelzach-1028.jpg,embedded_metadata,
Jake Lurie,Dancing/rachelzach-1029.jpg,Dancing,rachelzach-1029.jpg,embedded_metadata,
Jeffry Lurie,Dancing/rachelzach-1029.jpg,Dancing,rachelzach-1029.jpg,embedded_metadata,
Jorie,Dancing/rachelzach-1029.jpg,Dancing,rachelzach-1029.jpg,embedded_metadata,
Lauren Bond,Dancing/rachelzach-1029.jpg,Dancing,rachelzach-1029.jpg,embedded_metadata,
Zach Soskin,Dancing/rachelzach-1029.jpg,Dancing,rachelzach-1029.jpg,embedded_metadata,
Adam Brown,Dancing/rachelzach-1030.jpg,Dancing,rachelzach-1030.jpg,embedded_metadata,
Jeffry Lurie,Dancing/rachelzach-1030.jpg,Dancing,rachelzach-1030.jpg,embedded_metadata,
Keagen,Dancing/rachelzach-1030.jpg,Dancing,rachelzach-1030.jpg,embedded_metadata,
Nate O,Dancing/rachelzach-1030.jpg,Dancing,rachelzach-1030.jpg,embedded_metadata,
Phil Quist,Dancing/rachelzach-1030.jpg,Dancing,rachelzach-1030.jpg,embedded_metadata,
Rachel Casciano,Dancing/rachelzach-1030.jpg,Dancing,rachelzach-1030.jpg,embedded_metadata,
Zach Soskin,Dancing/rachelzach-1030.jpg,Dancing,rachelzach-1030.jpg,embedded_metadata,
Keagen,Dancing/rachelzach-1031.jpg,Dancing,rachelzach-1031.jpg,embedded_metadata,
Zach Soskin,Dancing/rachelzach-1031.jpg,Dancing,rachelzach-1031.jpg,embedded_metadata,
Frankie B,Dancing/rachelzach-1034.jpg,Dancing,rachelzach-1034.jpg,embedded_metadata,
Phil Quist,Dancing/rachelzach-1034.jpg,Dancing,rachelzach-1034.jpg,embedded_metadata,
Chris N,Dancing/rachelzach-1035.jpg,Dancing,rachelzach-1035.jpg,embedded_metadata,
Frankie B,Dancing/rachelzach-1035.jpg,Dancing,rachelzach-1035.jpg,embedded_metadata,
Jules,Dancing/rachelzach-1035.jpg,Dancing,rachelzach-1035.jpg,embedded_metadata,
Tim J,Dancing/rachelzach-1036.jpg,Dancing,rachelzach-1036.jpg,embedded_metadata,
Meg,Dancing/rachelzach-1037.jpg,Dancing,rachelzach-1037.jpg,embedded_metadata,
Mohr,Dancing/rachelzach-1037.jpg,Dancing,rachelzach-1037.jpg,embedded_metadata,
Pasha,Dancing/rachelzach-1038.jpg,Dancing,rachelzach-1038.jpg,embedded_metadata,
Nate O,Dancing/rachelzach-1039.jpg,Dancing,rachelzach-1039.jpg,embedded_metadata,
Phil Quist,Dancing/rachelzach-1039.jpg,Dancing,rachelzach-1039.jpg,embedded_metadata,
Patti,Dancing/rachelzach-1040.jpg,Dancing,rachelzach-1040.jpg,embedded_metadata,
Robbie,Dancing/rachelzach-1040.jpg,Dancing,rachelzach-1040.jpg,embedded_metadata,
Patti,Dancing/rachelzach-1041.jpg,Dancing,rachelzach-1041.jpg,embedded_metadata,
Robbie,Dancing/rachelzach-1041.jpg,Dancing,rachelzach-1041.jpg,embedded_metadata,
Bryant,Dancing/rachelzach-1042.jpg,Dancing,rachelzach-1042.jpg,embedded_metadata,
Daniel Shin,Dancing/rachelzach-1042.jpg,Dancing,rachelzach-1042.jpg,embedded_metadata,
Zach Soskin,Dancing/rachelzach-1042.jpg,Dancing,rachelzach-1042.jpg,embedded_metadata,
Daniel Shin,Dancing/rachelzach-1043.jpg,Dancing,rachelzach-1043.jpg,embedded_metadata,
Daniel Shin,Dancing/rachelzach-1044.jpg,Dancing,rachelzach-1044.jpg,embedded_metadata,
Robbie,Dancing/rachelzach-1044.jpg,Dancing,rachelzach-1044.jpg,embedded_metadata,
Kelsey Nuelle,Dancing/rachelzach-1045.jpg,Dancing,rachelzach-1045.jpg,embedded_metadata,
Jake Lurie,Dancing/rachelzach-1046.jpg,Dancing,rachelzach-1046.jpg,embedded_metadata,
Erik,Dancing/rachelzach-1047.jpg,Dancing,rachelzach-1047.jpg,embedded_metadata,
Melanie Casciano,Dancing/rachelzach-1050.jpg,Dancing,rachelzach-1050.jpg,embedded_metadata,
Melanie Casciano,Dancing/rachelzach-1051.jpg,Dancing,rachelzach-1051.jpg,embedded_metadata,
Spencer Soltman,Dancing/rachelzach-1051.jpg,Dancing,rachelzach-1051.jpg,embedded_metadata,
Kelsey Nuelle,Dancing/rachelzach-1052.jpg,Dancing,rachelzach-1052.jpg,embedded_metadata,
Spencer Soltman,Dancing/rachelzach-1052.jpg,Dancing,rachelzach-1052.jpg,embedded_metadata,
Kelsey Nuelle,Dancing/rachelzach-1053.jpg,Dancing,rachelzach-1053.jpg,embedded_metadata,
Nate waldron,Dancing/rachelzach-1053.jpg,Dancing,rachelzach-1053.jpg,embedded_metadata,
Zach Soskin,Dancing/rachelzach-1053.jpg,Dancing,rachelzach-1053.jpg,embedded_metadata,
Bryant,Dancing/rachelzach-1054.jpg,Dancing,rachelzach-1054.jpg,embedded_metadata,
Bryant,Dancing/rachelzach-1055.jpg,Dancing,rachelzach-1055.jpg,embedded_metadata,
Steve M,Dancing/rachelzach-1056.jpg,Dancing,rachelzach-1056.jpg,embedded_metadata,
Bryant,Dancing/rachelzach-1057.jpg,Dancing,rachelzach-1057.jpg,embedded_metadata,
Daniel Shin,Dancing/rachelzach-1057.jpg,Dancing,rachelzach-1057.jpg,embedded_metadata,
Pasha,Dancing/rachelzach-1057.jpg,Dancing,rachelzach-1057.jpg,embedded_metadata,
Spencer Soltman,Dancing/rachelzach-1057.jpg,Dancing,rachelzach-1057.jpg,embedded_metadata,
Steve M,Dancing/rachelzach-1057.jpg,Dancing,rachelzach-1057.jpg,embedded_metadata,
Bryant,Dancing/rachelzach-1058.jpg,Dancing,rachelzach-1058.jpg,embedded_metadata,
Daniel Shin,Dancing/rachelzach-1058.jpg,Dancing,rachelzach-1058.jpg,embedded_metadata,
Phil C,Dancing/rachelzach-1059.jpg,Dancing,rachelzach-1059.jpg,embedded_metadata,
Spencer Soltman,Dancing/rachelzach-1059.jpg,Dancing,rachelzach-1059.jpg,embedded_metadata,
Brendan,Dancing/rachelzach-1060.jpg,Dancing,rachelzach-1060.jpg,embedded_metadata,
Daniel Shin,Dancing/rachelzach-1060.jpg,Dancing,rachelzach-1060.jpg,embedded_metadata,
Lars,Dancing/rachelzach-1061.jpg,Dancing,rachelzach-1061.jpg,embedded_metadata,
Tara,Dancing/rachelzach-1061.jpg,Dancing,rachelzach-1061.jpg,embedded_metadata,
Chad Slomovitz,Dancing/rachelzach-1069.jpg,Dancing,rachelzach-1069.jpg,embedded_metadata,
Rachel Casciano,Dancing/rachelzach-1069.jpg,Dancing,rachelzach-1069.jpg,embedded_metadata,
Adam Brown,Dancing/rachelzach-1071.jpg,Dancing,rachelzach-1071.jpg,embedded_metadata,
Kelsey Nuelle,Dancing/rachelzach-1071.jpg,Dancing,rachelzach-1071.jpg,embedded_metadata,
Rachel Casciano,Dancing/rachelzach-1071.jpg,Dancing,rachelzach-1071.jpg,embedded_metadata,
Rachel Casciano,Dancing/rachelzach-1072.jpg,Dancing,rachelzach-1072.jpg,embedded_metadata,
Rick Soskin,Dancing/rachelzach-1072.jpg,Dancing,rachelzach-1072.jpg,embedded_metadata,
Kelsey Meyers,Dancing/rachelzach-1073.jpg,Dancing,rachelzach-1073.jpg,embedded_metadata,
Rachel Casciano,Dancing/rachelzach-1073.jpg,Dancing,rachelzach-1073.jpg,embedded_metadata,
Rachel Casciano,Dancing/rachelzach-1075.jpg,Dancing,rachelzach-1075.jpg,embedded_metadata,
Zach Soskin,Dancing/rachelzach-1075.jpg,Dancing,rachelzach-1075.jpg,embedded_metadata,
Charlie Weisman,Dancing/rachelzach-1077.jpg,Dancing,rachelzach-1077.jpg,embedded_metadata,
Charlie Weisman,Dancing/rachelzach-1078.jpg,Dancing,rachelzach-1078.jpg,embedded_metadata,
Rachel Casciano,Dancing/rachelzach-1078.jpg,Dancing,rachelzach-1078.jpg,embedded_metadata,
Charlie Weisman,Dancing/rachelzach-1079.jpg,Dancing,rachelzach-1079.jpg,embedded_metadata,
Rachel Casciano,Dancing/rachelzach-1079.jpg,Dancing,rachelzach-1079.jpg,embedded_metadata,
Zach Soskin,Dancing/rachelzach-1079.jpg,Dancing,rachelzach-1079.jpg,embedded_metadata,
Charlie Weisman,Dancing/rachelzach-1080.jpg,Dancing,rachelzach-1080.jpg,embedded_metadata,
Rachel Casciano,Dancing/rachelzach-1080.jpg,Dancing,rachelzach-1080.jpg,embedded_metadata,
Zach Soskin,Dancing/rachelzach-1080.jpg,Dancing,rachelzach-1080.jpg,embedded_metadata,
Charlie Weisman,Dancing/rachelzach-1081.jpg,Dancing,rachelzach-1081.jpg,embedded_metadata,
Joan Soskin,Dancing/rachelzach-1081.jpg,Dancing,rachelzach-1081.jpg,embedded_metadata,
Rachel Casciano,Dancing/rachelzach-1081.jpg,Dancing,rachelzach-1081.jpg,embedded_metadata,
Rachel Casciano,Dancing/rachelzach-1082.jpg,Dancing,rachelzach-1082.jpg,embedded_metadata,
Dan Casciano,Dancing/rachelzach-1084.jpg,Dancing,rachelzach-1084.jpg,embedded_metadata,
Rachel Casciano,Dancing/rachelzach-1084.jpg,Dancing,rachelzach-1084.jpg,embedded_metadata,
Rachel Casciano,Dancing/rachelzach-1085.jpg,Dancing,rachelzach-1085.jpg,embedded_metadata,
Tim J,Dancing/rachelzach-1085.jpg,Dancing,rachelzach-1085.jpg,embedded_metadata,
Keagen,Dancing/rachelzach-1086.jpg,Dancing,rachelzach-1086.jpg,embedded_metadata,
Jake Lurie,Dancing/rachelzach-1087.jpg,Dancing,rachelzach-1087.jpg,embedded_metadata,
Nate O,Dancing/rachelzach-1087.jpg,Dancing,rachelzach-1087.jpg,embedded_metadata,
Nick Pugs,Dancing/rachelzach-1087.jpg,Dancing,rachelzach-1087.jpg,embedded_metadata,
Alex Muecke,Dancing/rachelzach-1088.jpg,Dancing,rachelzach-1088.jpg,embedded_metadata,
Meg,Dancing/rachelzach-1088.jpg,Dancing,rachelzach-1088.jpg,embedded_metadata,
Nick Adam,Dancing/rachelzach-1088.jpg,Dancing,rachelzach-1088.jpg,embedded_metadata,
Kelsey Meyers,Dancing/rachelzach-1089.jpg,Dancing,rachelzach-1089.jpg,embedded_metadata,
Chris N,Dancing/rachelzach-1091.jpg,Dancing,rachelzach-1091.jpg,embedded_metadata,
Dan Casciano,Dancing/rachelzach-1091.jpg,Dancing,rachelzach-1091.jpg,embedded_metadata,
Jason Howarth,Dancing/rachelzach-1091.jpg,Dancing,rachelzach-1091.jpg,embedded_metadata,
Melanie Casciano,Dancing/rachelzach-1091.jpg,Dancing,rachelzach-1091.jpg,embedded_metadata,
Zach Soskin,Dancing/rachelzach-1091.jpg,Dancing,rachelzach-1091.jpg,embedded_metadata,
Rachel Casciano,Dancing/rachelzach-1092.jpg,Dancing,rachelzach-1092.jpg,embedded_metadata,
Jeffry Lurie,Dancing/rachelzach-1093.jpg,Dancing,rachelzach-1093.jpg,embedded_metadata,
Maddie Slomovitz,Dancing/rachelzach-1093.jpg,Dancing,rachelzach-1093.jpg,embedded_metadata,
Jeffry Lurie,Dancing/rachelzach-1094.jpg,Dancing,rachelzach-1094.jpg,embedded_metadata,
Maddie Slomovitz,Dancing/rachelzach-1094.jpg,Dancing,rachelzach-1094.jpg,embedded_metadata,
Keagen,Dancing/rachelzach-1095.jpg,Dancing,rachelzach-1095.jpg,embedded_metadata,
Nate O,Dancing/rachelzach-1095.jpg,Dancing,rachelzach-1095.jpg,embedded_metadata,
Siri,Dancing/rachelzach-1095.jpg,Dancing,rachelzach-1095.jpg,embedded_metadata,
Ty Damon,Dancing/rachelzach-1095.jpg,Dancing,rachelzach-1095.jpg,embedded_metadata,
Nate O,Dancing/rachelzach-1096.jpg,Dancing,rachelzach-1096.jpg,embedded_metadata,
Ty Damon,Dancing/rachelzach-1096.jpg,Dancing,rachelzach-1096.jpg,embedded_metadata,
Zach Soskin,Dancing/rachelzach-1096.jpg,Dancing,rachelzach-1096.jpg,embedded_metadata,
Nate O,Dancing/rachelzach-1097.jpg,Dancing,rachelzach-1097.jpg,embedded_metadata,
Nate O,Dancing/rachelzach-1098.jpg,Dancing,rachelzach-1098.jpg,embedded_metadata,
Phil Quist,Dancing/rachelzach-1098.jpg,Dancing,rachelzach-1098.jpg,embedded_metadata,
Siri,Dancing/rachelzach-1098.jpg,Dancing,rachelzach-1098.jpg,embedded_metadata,
Ty Damon,Dancing/rachelzach-1098.jpg,Dancing,rachelzach-1098.jpg,embedded_metadata,
Zach Soskin,Dancing/rachelzach-1098.jpg,Dancing,rachelzach-1098.jpg,embedded_metadata,
Keagen,Dancing/rachelzach-1099.jpg,Dancing,rachelzach-1099.jpg,embedded_metadata,
Nate O,Dancing/rachelzach-1099.jpg,Dancing,rachelzach-1099.jpg,embedded_metadata,
Siri,Dancing/rachelzach-1099.jpg,Dancing,rachelzach-1099.jpg,embedded_metadata,
Ty Damon,Dancing/rachelzach-1099.jpg,Dancing,rachelzach-1099.jpg,embedded_metadata,
Zach Soskin,Dancing/rachelzach-1099.jpg,Dancing,rachelzach-1099.jpg,embedded_metadata,
Rachel Casciano,Sunset/rachelzach-759.jpg,Sunset,rachelzach-759.jpg,correction_or_metadata,couple at sunset
Zach Soskin,Sunset/rachelzach-759.jpg,Sunset,rachelzach-759.jpg,correction_or_metadata,couple at sunset
Zach Soskin,Sunset/rachelzach-760.jpg,Sunset,rachelzach-760.jpg,embedded_metadata,
Zach Soskin,Sunset/rachelzach-761.jpg,Sunset,rachelzach-761.jpg,embedded_metadata,
Rachel Casciano,Sunset/rachelzach-762.jpg,Sunset,rachelzach-762.jpg,correction_or_metadata,couple from behind
Zach Soskin,Sunset/rachelzach-762.jpg,Sunset,rachelzach-762.jpg,correction_or_metadata,couple from behind
Rachel Casciano,Sunset/rachelzach-763.jpg,Sunset,rachelzach-763.jpg,correction_or_metadata,couple from behind
Zach Soskin,Sunset/rachelzach-763.jpg,Sunset,rachelzach-763.jpg,correction_or_metadata,couple from behind
Rachel Casciano,Sunset/rachelzach-764.jpg,Sunset,rachelzach-764.jpg,correction_or_metadata,couple from behind
Zach Soskin,Sunset/rachelzach-764.jpg,Sunset,rachelzach-764.jpg,correction_or_metadata,couple from behind
Rachel Casciano,Sunset/rachelzach-765.jpg,Sunset,rachelzach-765.jpg,embedded_metadata,
Zach Soskin,Sunset/rachelzach-765.jpg,Sunset,rachelzach-765.jpg,embedded_metadata,
Rachel Casciano,Sunset/rachelzach-766.jpg,Sunset,rachelzach-766.jpg,embedded_metadata,
Zach Soskin,Sunset/rachelzach-766.jpg,Sunset,rachelzach-766.jpg,embedded_metadata,
Rachel Casciano,Sunset/rachelzach-767.jpg,Sunset,rachelzach-767.jpg,embedded_metadata,
Zach Soskin,Sunset/rachelzach-767.jpg,Sunset,rachelzach-767.jpg,embedded_metadata,
Rachel Casciano,Sunset/rachelzach-768.jpg,Sunset,rachelzach-768.jpg,embedded_metadata,
Zach Soskin,Sunset/rachelzach-768.jpg,Sunset,rachelzach-768.jpg,embedded_metadata,
Rachel Casciano,Sunset/rachelzach-769.jpg,Sunset,rachelzach-769.jpg,embedded_metadata,
Zach Soskin,Sunset/rachelzach-769.jpg,Sunset,rachelzach-769.jpg,embedded_metadata,
Rachel Casciano,Sunset/rachelzach-770.jpg,Sunset,rachelzach-770.jpg,embedded_metadata,
Zach Soskin,Sunset/rachelzach-770.jpg,Sunset,rachelzach-770.jpg,embedded_metadata,
Rachel Casciano,Sunset/rachelzach-771.jpg,Sunset,rachelzach-771.jpg,correction_or_metadata,couple from behind
Zach Soskin,Sunset/rachelzach-771.jpg,Sunset,rachelzach-771.jpg,correction_or_metadata,couple from behind
Zach Soskin,Sunset/rachelzach-772.jpg,Sunset,rachelzach-772.jpg,embedded_metadata,
Rachel Casciano,Sunset/rachelzach-773.jpg,Sunset,rachelzach-773.jpg,correction_or_metadata,couple portrait
Zach Soskin,Sunset/rachelzach-773.jpg,Sunset,rachelzach-773.jpg,correction_or_metadata,couple portrait
Zach Soskin,Sunset/rachelzach-774.jpg,Sunset,rachelzach-774.jpg,embedded_metadata,
Rachel Casciano,Sunset/rachelzach-775.jpg,Sunset,rachelzach-775.jpg,correction_or_metadata,couple portrait
Zach Soskin,Sunset/rachelzach-775.jpg,Sunset,rachelzach-775.jpg,correction_or_metadata,couple portrait
Rachel Casciano,Sunset/rachelzach-776.jpg,Sunset,rachelzach-776.jpg,correction_or_metadata,couple portrait
Zach Soskin,Sunset/rachelzach-776.jpg,Sunset,rachelzach-776.jpg,correction_or_metadata,couple portrait
Rachel Casciano,Sunset/rachelzach-777.jpg,Sunset,rachelzach-777.jpg,correction_or_metadata,couple portrait
Zach Soskin,Sunset/rachelzach-777.jpg,Sunset,rachelzach-777.jpg,correction_or_metadata,couple portrait
Rachel Casciano,Sunset/rachelzach-778.jpg,Sunset,rachelzach-778.jpg,correction_or_metadata,couple portrait
Zach Soskin,Sunset/rachelzach-778.jpg,Sunset,rachelzach-778.jpg,correction_or_metadata,couple portrait
Rachel Casciano,Sunset/rachelzach-779.jpg,Sunset,rachelzach-779.jpg,embedded_metadata,
Zach Soskin,Sunset/rachelzach-779.jpg,Sunset,rachelzach-779.jpg,embedded_metadata,
Rachel Casciano,Sunset/rachelzach-780.jpg,Sunset,rachelzach-780.jpg,embedded_metadata,
Zach Soskin,Sunset/rachelzach-780.jpg,Sunset,rachelzach-780.jpg,embedded_metadata,
Zach Soskin,Sunset/rachelzach-781.jpg,Sunset,rachelzach-781.jpg,embedded_metadata,
Rachel Casciano,Sunset/rachelzach-782.jpg,Sunset,rachelzach-782.jpg,embedded_metadata,
Rachel Casciano,Sunset/rachelzach-783.jpg,Sunset,rachelzach-783.jpg,embedded_metadata,
Zach Soskin,Sunset/rachelzach-783.jpg,Sunset,rachelzach-783.jpg,embedded_metadata,
Rachel Casciano,Sunset/rachelzach-784.jpg,Sunset,rachelzach-784.jpg,embedded_metadata,
Zach Soskin,Sunset/rachelzach-784.jpg,Sunset,rachelzach-784.jpg,embedded_metadata,
Rachel Casciano,Sunset/rachelzach-785.jpg,Sunset,rachelzach-785.jpg,embedded_metadata,
Zach Soskin,Sunset/rachelzach-785.jpg,Sunset,rachelzach-785.jpg,embedded_metadata,
Rachel Casciano,Sunset/rachelzach-786.jpg,Sunset,rachelzach-786.jpg,embedded_metadata,
Zach Soskin,Sunset/rachelzach-786.jpg,Sunset,rachelzach-786.jpg,embedded_metadata,
Rachel Casciano,Sunset/rachelzach-787.jpg,Sunset,rachelzach-787.jpg,embedded_metadata,
Zach Soskin,Sunset/rachelzach-787.jpg,Sunset,rachelzach-787.jpg,embedded_metadata,
Rachel Casciano,Sunset/rachelzach-788.jpg,Sunset,rachelzach-788.jpg,embedded_metadata,
Rachel Casciano,Sunset/rachelzach-789.jpg,Sunset,rachelzach-789.jpg,correction_or_metadata,couple from behind
Zach Soskin,Sunset/rachelzach-789.jpg,Sunset,rachelzach-789.jpg,correction_or_metadata,couple from behind
Chad Slomovitz,Sunset/rachelzach-790.jpg,Sunset,rachelzach-790.jpg,embedded_metadata,
Rachel Casciano,Sunset/rachelzach-790.jpg,Sunset,rachelzach-790.jpg,embedded_metadata,
Chad Slomovitz,Sunset/rachelzach-791.jpg,Sunset,rachelzach-791.jpg,embedded_metadata,
Rachel Casciano,Sunset/rachelzach-792.jpg,Sunset,rachelzach-792.jpg,embedded_metadata,
Rachel Casciano,Sunset/rachelzach-793.jpg,Sunset,rachelzach-793.jpg,embedded_metadata,
Zach Soskin,Sunset/rachelzach-793.jpg,Sunset,rachelzach-793.jpg,embedded_metadata,
Rachel Casciano,Sunset/rachelzach-794.jpg,Sunset,rachelzach-794.jpg,embedded_metadata,
Zach Soskin,Sunset/rachelzach-794.jpg,Sunset,rachelzach-794.jpg,embedded_metadata,
Rachel Casciano,Sunset/rachelzach-795.jpg,Sunset,rachelzach-795.jpg,embedded_metadata,
Zach Soskin,Sunset/rachelzach-795.jpg,Sunset,rachelzach-795.jpg,embedded_metadata,
Zach Soskin,Sunset/rachelzach-796.jpg,Sunset,rachelzach-796.jpg,embedded_metadata,
Rachel Casciano,Sunset/rachelzach-797.jpg,Sunset,rachelzach-797.jpg,correction_or_metadata,couple portrait
Zach Soskin,Sunset/rachelzach-797.jpg,Sunset,rachelzach-797.jpg,correction_or_metadata,couple portrait
Rachel Casciano,Sunset/rachelzach-798.jpg,Sunset,rachelzach-798.jpg,correction_or_metadata,couple portrait
Zach Soskin,Sunset/rachelzach-798.jpg,Sunset,rachelzach-798.jpg,correction_or_metadata,couple portrait
Rachel Casciano,Sunset/rachelzach-799.jpg,Sunset,rachelzach-799.jpg,correction_or_metadata,couple detail
Zach Soskin,Sunset/rachelzach-799.jpg,Sunset,rachelzach-799.jpg,correction_or_metadata,couple detail
Rachel Casciano,Sunset/rachelzach-800.jpg,Sunset,rachelzach-800.jpg,correction_or_metadata,couple from behind
Zach Soskin,Sunset/rachelzach-800.jpg,Sunset,rachelzach-800.jpg,correction_or_metadata,couple from behind
Rachel Casciano,Sunset/rachelzach-801.jpg,Sunset,rachelzach-801.jpg,correction_or_metadata,couple from behind
Zach Soskin,Sunset/rachelzach-801.jpg,Sunset,rachelzach-801.jpg,correction_or_metadata,couple from behind
Rachel Casciano,Sunset/rachelzach-802.jpg,Sunset,rachelzach-802.jpg,embedded_metadata,
Rachel Casciano,Sunset/rachelzach-803.jpg,Sunset,rachelzach-803.jpg,correction_or_metadata,couple portrait
Zach Soskin,Sunset/rachelzach-803.jpg,Sunset,rachelzach-803.jpg,correction_or_metadata,couple portrait
Rachel Casciano,Sunset/rachelzach-804.jpg,Sunset,rachelzach-804.jpg,correction_or_metadata,couple portrait
Zach Soskin,Sunset/rachelzach-804.jpg,Sunset,rachelzach-804.jpg,correction_or_metadata,couple portrait
Zach Soskin,Sunset/rachelzach-805.jpg,Sunset,rachelzach-805.jpg,embedded_metadata,
Zach Soskin,Sunset/rachelzach-806.jpg,Sunset,rachelzach-806.jpg,embedded_metadata,
Zach Soskin,Sunset/rachelzach-807.jpg,Sunset,rachelzach-807.jpg,embedded_metadata,
Rachel Casciano,Sunset/rachelzach-808.jpg,Sunset,rachelzach-808.jpg,embedded_metadata,
Zach Soskin,Sunset/rachelzach-808.jpg,Sunset,rachelzach-808.jpg,embedded_metadata,
Rachel Casciano,Sunset/rachelzach-809.jpg,Sunset,rachelzach-809.jpg,embedded_metadata,
Zach Soskin,Sunset/rachelzach-809.jpg,Sunset,rachelzach-809.jpg,embedded_metadata,
Zach Soskin,Sunset/rachelzach-810.jpg,Sunset,rachelzach-810.jpg,embedded_metadata,
Rachel Casciano,Sunset/rachelzach-811.jpg,Sunset,rachelzach-811.jpg,correction_or_metadata,couple from behind
Zach Soskin,Sunset/rachelzach-811.jpg,Sunset,rachelzach-811.jpg,correction_or_metadata,couple from behind
Rachel Casciano,Sunset/rachelzach-812.jpg,Sunset,rachelzach-812.jpg,correction_or_metadata,bride from back
Meg,After Party/rachelzach-1100.jpg,After Party,rachelzach-1100.jpg,embedded_metadata,
Rachel Casciano,After Party/rachelzach-1101.jpg,After Party,rachelzach-1101.jpg,embedded_metadata,
Steve M,After Party/rachelzach-1101.jpg,After Party,rachelzach-1101.jpg,embedded_metadata,
Meg,After Party/rachelzach-1102.jpg,After Party,rachelzach-1102.jpg,embedded_metadata,
Chad Slomovitz,After Party/rachelzach-1103.jpg,After Party,rachelzach-1103.jpg,embedded_metadata,
Jake Lurie,After Party/rachelzach-1103.jpg,After Party,rachelzach-1103.jpg,embedded_metadata,
Lauren Lurie,After Party/rachelzach-1103.jpg,After Party,rachelzach-1103.jpg,embedded_metadata,
Charlie Weisman,After Party/rachelzach-1104.jpg,After Party,rachelzach-1104.jpg,embedded_metadata,
Debi,After Party/rachelzach-1104.jpg,After Party,rachelzach-1104.jpg,embedded_metadata,
LAURA WEISMAN,After Party/rachelzach-1104.jpg,After Party,rachelzach-1104.jpg,embedded_metadata,
Brendan,After Party/rachelzach-1105.jpg,After Party,rachelzach-1105.jpg,embedded_metadata,
J Til,After Party/rachelzach-1107.jpg,After Party,rachelzach-1107.jpg,embedded_metadata,
Nick Pugs,After Party/rachelzach-1107.jpg,After Party,rachelzach-1107.jpg,embedded_metadata,
Cogan,After Party/rachelzach-1108.jpg,After Party,rachelzach-1108.jpg,embedded_metadata,
Nate O,After Party/rachelzach-1108.jpg,After Party,rachelzach-1108.jpg,embedded_metadata,
Trelawny,After Party/rachelzach-1108.jpg,After Party,rachelzach-1108.jpg,embedded_metadata,
Gisel,After Party/rachelzach-1109.jpg,After Party,rachelzach-1109.jpg,embedded_metadata,
J Til,After Party/rachelzach-1109.jpg,After Party,rachelzach-1109.jpg,embedded_metadata,
Gisel,After Party/rachelzach-1110.jpg,After Party,rachelzach-1110.jpg,embedded_metadata,
J Til,After Party/rachelzach-1110.jpg,After Party,rachelzach-1110.jpg,embedded_metadata,
Jody Post,After Party/rachelzach-1111.jpg,After Party,rachelzach-1111.jpg,embedded_metadata,
Jeffry Lurie,After Party/rachelzach-1112.jpg,After Party,rachelzach-1112.jpg,embedded_metadata,
Maddie Channess,After Party/rachelzach-1112.jpg,After Party,rachelzach-1112.jpg,embedded_metadata,
Meg,After Party/rachelzach-1114.jpg,After Party,rachelzach-1114.jpg,embedded_metadata,
Pasha,After Party/rachelzach-1115.jpg,After Party,rachelzach-1115.jpg,embedded_metadata,
Siri,After Party/rachelzach-1116.jpg,After Party,rachelzach-1116.jpg,embedded_metadata,
Pat Burton,After Party/rachelzach-1117.jpg,After Party,rachelzach-1117.jpg,embedded_metadata,
Spencer Soltman,After Party/rachelzach-1117.jpg,After Party,rachelzach-1117.jpg,embedded_metadata,
Dubov,After Party/rachelzach-1119.jpg,After Party,rachelzach-1119.jpg,embedded_metadata,
Ty Damon,After Party/rachelzach-1119.jpg,After Party,rachelzach-1119.jpg,embedded_metadata,
Norris,After Party/rachelzach-1120.jpg,After Party,rachelzach-1120.jpg,embedded_metadata,
Norris,After Party/rachelzach-1121.jpg,After Party,rachelzach-1121.jpg,embedded_metadata,
Rob A,After Party/rachelzach-1121.jpg,After Party,rachelzach-1121.jpg,embedded_metadata,
Rob A,After Party/rachelzach-1123.jpg,After Party,rachelzach-1123.jpg,embedded_metadata,
Zach Soskin,After Party/rachelzach-1124.jpg,After Party,rachelzach-1124.jpg,embedded_metadata,
Phil C,After Party/rachelzach-1126.jpg,After Party,rachelzach-1126.jpg,embedded_metadata,
SCOTT L,After Party/rachelzach-1126.jpg,After Party,rachelzach-1126.jpg,embedded_metadata,
Rick Soskin,After Party/rachelzach-1127.jpg,After Party,rachelzach-1127.jpg,embedded_metadata,
Zach Soskin,After Party/rachelzach-1127.jpg,After Party,rachelzach-1127.jpg,embedded_metadata,
Steve M,After Party/rachelzach-1128.jpg,After Party,rachelzach-1128.jpg,embedded_metadata,
Abe Burton,After Party/rachelzach-1131.jpg,After Party,rachelzach-1131.jpg,embedded_metadata,
Ellie Soskin,After Party/rachelzach-1131.jpg,After Party,rachelzach-1131.jpg,embedded_metadata,
Zach Soskin,After Party/rachelzach-1131.jpg,After Party,rachelzach-1131.jpg,embedded_metadata,
Ellie Soskin,After Party/rachelzach-1132.jpg,After Party,rachelzach-1132.jpg,embedded_metadata,
Lars,After Party/rachelzach-1132.jpg,After Party,rachelzach-1132.jpg,embedded_metadata,
Zach Soskin,After Party/rachelzach-1132.jpg,After Party,rachelzach-1132.jpg,embedded_metadata,
Melanie Casciano,After Party/rachelzach-1133.jpg,After Party,rachelzach-1133.jpg,embedded_metadata,
Rachel Casciano,After Party/rachelzach-1133.jpg,After Party,rachelzach-1133.jpg,embedded_metadata,
Jorie,After Party/rachelzach-1134.jpg,After Party,rachelzach-1134.jpg,embedded_metadata,
Jorie,After Party/rachelzach-1135.jpg,After Party,rachelzach-1135.jpg,embedded_metadata,
Zach Soskin,After Party/rachelzach-1135.jpg,After Party,rachelzach-1135.jpg,embedded_metadata,
Robbie,After Party/rachelzach-1136.jpg,After Party,rachelzach-1136.jpg,embedded_metadata,
Bryant,After Party/rachelzach-1137.jpg,After Party,rachelzach-1137.jpg,embedded_metadata,
Daniel Shin,After Party/rachelzach-1137.jpg,After Party,rachelzach-1137.jpg,embedded_metadata,
Bryant,After Party/rachelzach-1138.jpg,After Party,rachelzach-1138.jpg,embedded_metadata,
Nate O,After Party/rachelzach-1138.jpg,After Party,rachelzach-1138.jpg,embedded_metadata,
Dan Casciano,After Party/rachelzach-1141.jpg,After Party,rachelzach-1141.jpg,embedded_metadata,
Ellie Soskin,After Party/rachelzach-1143.jpg,After Party,rachelzach-1143.jpg,embedded_metadata,
Jeffry Lurie,After Party/rachelzach-1143.jpg,After Party,rachelzach-1143.jpg,embedded_metadata,
Zach Soskin,After Party/rachelzach-1143.jpg,After Party,rachelzach-1143.jpg,embedded_metadata,
Chad Slomovitz,After Party/rachelzach-1144.jpg,After Party,rachelzach-1144.jpg,embedded_metadata,
Maddie Slomovitz,After Party/rachelzach-1144.jpg,After Party,rachelzach-1144.jpg,embedded_metadata,
Rachel Casciano,After Party/rachelzach-1144.jpg,After Party,rachelzach-1144.jpg,embedded_metadata,
Zach Soskin,After Party/rachelzach-1144.jpg,After Party,rachelzach-1144.jpg,embedded_metadata,
Maddie Channess,After Party/rachelzach-1146.jpg,After Party,rachelzach-1146.jpg,embedded_metadata,
Adam Brown,After Party/rachelzach-1147.jpg,After Party,rachelzach-1147.jpg,embedded_metadata,
Lars,After Party/rachelzach-1147.jpg,After Party,rachelzach-1147.jpg,embedded_metadata,
SCOTT L,After Party/rachelzach-1147.jpg,After Party,rachelzach-1147.jpg,embedded_metadata,
Tara,After Party/rachelzach-1147.jpg,After Party,rachelzach-1147.jpg,embedded_metadata,
Adam Lynn,After Party/rachelzach-1148.jpg,After Party,rachelzach-1148.jpg,embedded_metadata,
Phil Quist,After Party/rachelzach-1148.jpg,After Party,rachelzach-1148.jpg,embedded_metadata,
Rachel Casciano,After Party/rachelzach-1148.jpg,After Party,rachelzach-1148.jpg,embedded_metadata,
Pasha,After Party/rachelzach-1149.jpg,After Party,rachelzach-1149.jpg,embedded_metadata,
Steve M,After Party/rachelzach-1149.jpg,After Party,rachelzach-1149.jpg,embedded_metadata,
Pasha,After Party/rachelzach-1150.jpg,After Party,rachelzach-1150.jpg,embedded_metadata,
Steve M,After Party/rachelzach-1150.jpg,After Party,rachelzach-1150.jpg,embedded_metadata,
Spencer Soltman,After Party/rachelzach-1151.jpg,After Party,rachelzach-1151.jpg,embedded_metadata,
Adam Brown,After Party/rachelzach-1152.jpg,After Party,rachelzach-1152.jpg,embedded_metadata,
Cogan,After Party/rachelzach-1152.jpg,After Party,rachelzach-1152.jpg,embedded_metadata,
Spencer Soltman,After Party/rachelzach-1152.jpg,After Party,rachelzach-1152.jpg,embedded_metadata,
Tim J,After Party/rachelzach-1152.jpg,After Party,rachelzach-1152.jpg,embedded_metadata,
Adam Brown,After Party/rachelzach-1153.jpg,After Party,rachelzach-1153.jpg,embedded_metadata,
Spencer Soltman,After Party/rachelzach-1153.jpg,After Party,rachelzach-1153.jpg,embedded_metadata,
Adam Brown,After Party/rachelzach-1154.jpg,After Party,rachelzach-1154.jpg,embedded_metadata,
Cogan,After Party/rachelzach-1154.jpg,After Party,rachelzach-1154.jpg,embedded_metadata,
Rachel Casciano,After Party/rachelzach-1154.jpg,After Party,rachelzach-1154.jpg,embedded_metadata,
Taylor Noyer,After Party/rachelzach-1155.jpg,After Party,rachelzach-1155.jpg,embedded_metadata,
Norris,After Party/rachelzach-1156.jpg,After Party,rachelzach-1156.jpg,embedded_metadata,
Rachel Casciano,After Party/rachelzach-1156.jpg,After Party,rachelzach-1156.jpg,embedded_metadata,
Rob A,After Party/rachelzach-1156.jpg,After Party,rachelzach-1156.jpg,embedded_metadata,
Zach Soskin,After Party/rachelzach-1156.jpg,After Party,rachelzach-1156.jpg,embedded_metadata,
Norris,After Party/rachelzach-1157.jpg,After Party,rachelzach-1157.jpg,embedded_metadata,
Rachel Casciano,After Party/rachelzach-1157.jpg,After Party,rachelzach-1157.jpg,embedded_metadata,
Rob A,After Party/rachelzach-1157.jpg,After Party,rachelzach-1157.jpg,embedded_metadata,
Norris,After Party/rachelzach-1158.jpg,After Party,rachelzach-1158.jpg,embedded_metadata,
Rachel Casciano,After Party/rachelzach-1158.jpg,After Party,rachelzach-1158.jpg,embedded_metadata,
Rob A,After Party/rachelzach-1158.jpg,After Party,rachelzach-1158.jpg,embedded_metadata,
Rachel Casciano,After Party/rachelzach-1159.jpg,After Party,rachelzach-1159.jpg,embedded_metadata,
Zach Soskin,After Party/rachelzach-1160.jpg,After Party,rachelzach-1160.jpg,embedded_metadata,
Adam Lynn,After Party/rachelzach-1161.jpg,After Party,rachelzach-1161.jpg,embedded_metadata,
Rachel Casciano,After Party/rachelzach-1161.jpg,After Party,rachelzach-1161.jpg,embedded_metadata,
Zach Soskin,After Party/rachelzach-1161.jpg,After Party,rachelzach-1161.jpg,embedded_metadata,
Adam Lynn,After Party/rachelzach-1162.jpg,After Party,rachelzach-1162.jpg,embedded_metadata,
Rachel Casciano,After Party/rachelzach-1162.jpg,After Party,rachelzach-1162.jpg,embedded_metadata,
Greg,After Party/rachelzach-1163.jpg,After Party,rachelzach-1163.jpg,embedded_metadata,
Janice,After Party/rachelzach-1163.jpg,After Party,rachelzach-1163.jpg,embedded_metadata,
Marty,After Party/rachelzach-1163.jpg,After Party,rachelzach-1163.jpg,embedded_metadata,
Patti,After Party/rachelzach-1163.jpg,After Party,rachelzach-1163.jpg,embedded_metadata,
Robbie,After Party/rachelzach-1163.jpg,After Party,rachelzach-1163.jpg,embedded_metadata,
Melanie Casciano,After Party/rachelzach-1164.jpg,After Party,rachelzach-1164.jpg,embedded_metadata,
Taylor Noyer,After Party/rachelzach-1165.jpg,After Party,rachelzach-1165.jpg,embedded_metadata,
Kaitlin Burns,Sneak Peek/1. RachelZach-2.jpg,Sneak Peek,1. RachelZach-2.jpg,embedded_metadata,
Kelsey Meyers,Sneak Peek/1. RachelZach-2.jpg,Sneak Peek,1. RachelZach-2.jpg,embedded_metadata,
Rachel Casciano,Sneak Peek/1. RachelZach-2.jpg,Sneak Peek,1. RachelZach-2.jpg,embedded_metadata,
Stephanie Soskin,Sneak Peek/1. RachelZach-2.jpg,Sneak Peek,1. RachelZach-2.jpg,embedded_metadata,
Kayla,Sneak Peek/RachelZach-2.jpg,Sneak Peek,RachelZach-2.jpg,embedded_metadata,
Rachel Casciano,Sneak Peek/RachelZach-2.jpg,Sneak Peek,RachelZach-2.jpg,embedded_metadata,
Charlie Weisman,Sneak Peek/Sneak-2.jpg,Sneak Peek,Sneak-2.jpg,embedded_metadata,
Rachel Casciano,Sneak Peek/Sneak-2.jpg,Sneak Peek,Sneak-2.jpg,embedded_metadata,
Zach Soskin,Sneak Peek/Sneak-2.jpg,Sneak Peek,Sneak-2.jpg,embedded_metadata,
Rachel Casciano,Sneak Peek/1. RachelZach-3.jpg,Sneak Peek,1. RachelZach-3.jpg,embedded_metadata,
Zach Soskin,Sneak Peek/1. RachelZach-3.jpg,Sneak Peek,1. RachelZach-3.jpg,embedded_metadata,
Kaitlin Burns,Sneak Peek/RachelZach-3.jpg,Sneak Peek,RachelZach-3.jpg,embedded_metadata,
Kayla,Sneak Peek/RachelZach-3.jpg,Sneak Peek,RachelZach-3.jpg,embedded_metadata,
Kelsey Meyers,Sneak Peek/RachelZach-3.jpg,Sneak Peek,RachelZach-3.jpg,embedded_metadata,
Lauren Bond,Sneak Peek/RachelZach-3.jpg,Sneak Peek,RachelZach-3.jpg,embedded_metadata,
Rachel Casciano,Sneak Peek/RachelZach-3.jpg,Sneak Peek,RachelZach-3.jpg,embedded_metadata,
Sally,Sneak Peek/RachelZach-3.jpg,Sneak Peek,RachelZach-3.jpg,embedded_metadata,
Tara,Sneak Peek/RachelZach-3.jpg,Sneak Peek,RachelZach-3.jpg,embedded_metadata,
Trelawny,Sneak Peek/RachelZach-3.jpg,Sneak Peek,RachelZach-3.jpg,embedded_metadata,
Nate O,Sneak Peek/Sneak-3.jpg,Sneak Peek,Sneak-3.jpg,embedded_metadata,
Zach Soskin,Sneak Peek/1. RachelZach-4.jpg,Sneak Peek,1. RachelZach-4.jpg,embedded_metadata,
Melanie Casciano,Sneak Peek/RachelZach-4.jpg,Sneak Peek,RachelZach-4.jpg,embedded_metadata,
Rachel Casciano,Sneak Peek/RachelZach-4.jpg,Sneak Peek,RachelZach-4.jpg,embedded_metadata,
Meg,Sneak Peek/Sneak-4.jpg,Sneak Peek,Sneak-4.jpg,embedded_metadata,
Rachel Casciano,Sneak Peek/1. RachelZach-5.jpg,Sneak Peek,1. RachelZach-5.jpg,correction_or_metadata,couple portrait
Zach Soskin,Sneak Peek/1. RachelZach-5.jpg,Sneak Peek,1. RachelZach-5.jpg,correction_or_metadata,couple portrait
Rachel Casciano,Sneak Peek/RachelZach-5.jpg,Sneak Peek,RachelZach-5.jpg,embedded_metadata,
Jeffry Lurie,Sneak Peek/Sneak-5.jpg,Sneak Peek,Sneak-5.jpg,embedded_metadata,
Zach Soskin,Sneak Peek/Sneak-5.jpg,Sneak Peek,Sneak-5.jpg,embedded_metadata,
Adam Stillman,Sneak Peek/1. RachelZach-6.jpg,Sneak Peek,1. RachelZach-6.jpg,embedded_metadata,
Maddie Channess,Sneak Peek/1. RachelZach-6.jpg,Sneak Peek,1. RachelZach-6.jpg,embedded_metadata,
Maddie Slomovitz,Sneak Peek/1. RachelZach-6.jpg,Sneak Peek,1. RachelZach-6.jpg,embedded_metadata,
Rachel Casciano,Sneak Peek/RachelZach-6.jpg,Sneak Peek,RachelZach-6.jpg,embedded_metadata,
Pasha,Sneak Peek/Sneak-6.jpg,Sneak Peek,Sneak-6.jpg,embedded_metadata,
Steve M,Sneak Peek/Sneak-6.jpg,Sneak Peek,Sneak-6.jpg,embedded_metadata,
Rachel Casciano,Sneak Peek/1. RachelZach-7.jpg,Sneak Peek,1. RachelZach-7.jpg,embedded_metadata,
Kelsey Meyers,Sneak Peek/RachelZach-7.jpg,Sneak Peek,RachelZach-7.jpg,embedded_metadata,
Melanie Casciano,Sneak Peek/RachelZach-7.jpg,Sneak Peek,RachelZach-7.jpg,embedded_metadata,
Rachel Casciano,Sneak Peek/RachelZach-7.jpg,Sneak Peek,RachelZach-7.jpg,embedded_metadata,
Norris,Sneak Peek/Sneak-7.jpg,Sneak Peek,Sneak-7.jpg,embedded_metadata,
Rachel Casciano,Sneak Peek/Sneak-7.jpg,Sneak Peek,Sneak-7.jpg,embedded_metadata,
Rob A,Sneak Peek/Sneak-7.jpg,Sneak Peek,Sneak-7.jpg,embedded_metadata,
Cogan,Sneak Peek/1. RachelZach-8.jpg,Sneak Peek,1. RachelZach-8.jpg,embedded_metadata,
Rachel Casciano,Sneak Peek/RachelZach-8.jpg,Sneak Peek,RachelZach-8.jpg,correction_or_metadata,bridal portrait crop
Rachel Casciano,Sneak Peek/Sneak-8.jpg,Sneak Peek,Sneak-8.jpg,embedded_metadata,
Adi,Sneak Peek/1. RachelZach-9.jpg,Sneak Peek,1. RachelZach-9.jpg,embedded_metadata,
Jake Lurie,Sneak Peek/1. RachelZach-9.jpg,Sneak Peek,1. RachelZach-9.jpg,embedded_metadata,
Jeffry Lurie,Sneak Peek/1. RachelZach-9.jpg,Sneak Peek,1. RachelZach-9.jpg,embedded_metadata,
Lauren Lurie,Sneak Peek/1. RachelZach-9.jpg,Sneak Peek,1. RachelZach-9.jpg,embedded_metadata,
Maddie Channess,Sneak Peek/1. RachelZach-9.jpg,Sneak Peek,1. RachelZach-9.jpg,embedded_metadata,
Morgan,Sneak Peek/1. RachelZach-9.jpg,Sneak Peek,1. RachelZach-9.jpg,embedded_metadata,
Rachel Casciano,Sneak Peek/RachelZach-9.jpg,Sneak Peek,RachelZach-9.jpg,embedded_metadata,
Kaitlin Burns,Sneak Peek/RachelZach-10.jpg,Sneak Peek,RachelZach-10.jpg,embedded_metadata,
Kayla,Sneak Peek/RachelZach-10.jpg,Sneak Peek,RachelZach-10.jpg,embedded_metadata,
Kelsey Meyers,Sneak Peek/RachelZach-10.jpg,Sneak Peek,RachelZach-10.jpg,embedded_metadata,
Maddie Slomovitz,Sneak Peek/RachelZach-10.jpg,Sneak Peek,RachelZach-10.jpg,embedded_metadata,
Sally,Sneak Peek/RachelZach-10.jpg,Sneak Peek,RachelZach-10.jpg,embedded_metadata,
Stephanie Soskin,Sneak Peek/RachelZach-10.jpg,Sneak Peek,RachelZach-10.jpg,embedded_metadata,
Tara,Sneak Peek/RachelZach-10.jpg,Sneak Peek,RachelZach-10.jpg,embedded_metadata,
Trelawny,Sneak Peek/RachelZach-10.jpg,Sneak Peek,RachelZach-10.jpg,embedded_metadata,
Kaitlin Burns,Sneak Peek/RachelZach-11.jpg,Sneak Peek,RachelZach-11.jpg,embedded_metadata,
Kayla,Sneak Peek/RachelZach-11.jpg,Sneak Peek,RachelZach-11.jpg,embedded_metadata,
Kelsey Meyers,Sneak Peek/RachelZach-11.jpg,Sneak Peek,RachelZach-11.jpg,embedded_metadata,
Rachel Casciano,Sneak Peek/RachelZach-11.jpg,Sneak Peek,RachelZach-11.jpg,embedded_metadata,
Tara,Sneak Peek/RachelZach-11.jpg,Sneak Peek,RachelZach-11.jpg,embedded_metadata,
Trelawny,Sneak Peek/RachelZach-11.jpg,Sneak Peek,RachelZach-11.jpg,embedded_metadata,
Adam Brown,Sneak Peek/1. RachelZach-12.jpg,Sneak Peek,1. RachelZach-12.jpg,embedded_metadata,
Zach Soskin,Sneak Peek/RachelZach-12.jpg,Sneak Peek,RachelZach-12.jpg,embedded_metadata,
Patti,Sneak Peek/RachelZach-13.jpg,Sneak Peek,RachelZach-13.jpg,embedded_metadata,
Robbie,Sneak Peek/RachelZach-13.jpg,Sneak Peek,RachelZach-13.jpg,embedded_metadata,
Debi,Sneak Peek/1. RachelZach-14.jpg,Sneak Peek,1. RachelZach-14.jpg,embedded_metadata,
Nancy Lurie,Sneak Peek/1. RachelZach-14.jpg,Sneak Peek,1. RachelZach-14.jpg,embedded_metadata,
Patti,Sneak Peek/1. RachelZach-14.jpg,Sneak Peek,1. RachelZach-14.jpg,embedded_metadata,
Patti,Sneak Peek/RachelZach-14.jpg,Sneak Peek,RachelZach-14.jpg,embedded_metadata,
Frankie B,Sneak Peek/1. RachelZach-15.jpg,Sneak Peek,1. RachelZach-15.jpg,embedded_metadata,
Zach Soskin,Sneak Peek/RachelZach-15.jpg,Sneak Peek,RachelZach-15.jpg,embedded_metadata,
Dave Gilboa,Sneak Peek/1. RachelZach-16.jpg,Sneak Peek,1. RachelZach-16.jpg,embedded_metadata,
Zach Soskin,Sneak Peek/RachelZach-16.jpg,Sneak Peek,RachelZach-16.jpg,embedded_metadata,
Leah M,Sneak Peek/1. RachelZach-17.jpg,Sneak Peek,1. RachelZach-17.jpg,embedded_metadata,
Taylor Noyer,Sneak Peek/1. RachelZach-17.jpg,Sneak Peek,1. RachelZach-17.jpg,embedded_metadata,
Zach Soskin,Sneak Peek/RachelZach-17.jpg,Sneak Peek,RachelZach-17.jpg,embedded_metadata,
Cogan,Sneak Peek/1. RachelZach-18.jpg,Sneak Peek,1. RachelZach-18.jpg,embedded_metadata,
J Til,Sneak Peek/1. RachelZach-18.jpg,Sneak Peek,1. RachelZach-18.jpg,embedded_metadata,
Zach Soskin,Sneak Peek/RachelZach-18.jpg,Sneak Peek,RachelZach-18.jpg,embedded_metadata,
David Post,Sneak Peek/1. RachelZach-19.jpg,Sneak Peek,1. RachelZach-19.jpg,embedded_metadata,
Melanie Casciano,Sneak Peek/1. RachelZach-19.jpg,Sneak Peek,1. RachelZach-19.jpg,embedded_metadata,
Rachel Casciano,Sneak Peek/1. RachelZach-19.jpg,Sneak Peek,1. RachelZach-19.jpg,embedded_metadata,
Zach Soskin,Sneak Peek/RachelZach-19.jpg,Sneak Peek,RachelZach-19.jpg,embedded_metadata,
Rachel Casciano,Sneak Peek/1. RachelZach-20.jpg,Sneak Peek,1. RachelZach-20.jpg,embedded_metadata,
Robbie,Sneak Peek/1. RachelZach-20.jpg,Sneak Peek,1. RachelZach-20.jpg,embedded_metadata,
Zach Soskin,Sneak Peek/RachelZach-20.jpg,Sneak Peek,RachelZach-20.jpg,embedded_metadata,
Rachel Casciano,Sneak Peek/RachelZach-21.jpg,Sneak Peek,RachelZach-21.jpg,correction_or_metadata,couple portrait
Zach Soskin,Sneak Peek/RachelZach-21.jpg,Sneak Peek,RachelZach-21.jpg,correction_or_metadata,couple portrait
Melanie Casciano,Sneak Peek/1. RachelZach-22.jpg,Sneak Peek,1. RachelZach-22.jpg,embedded_metadata,
Rachel Casciano,Sneak Peek/1. RachelZach-22.jpg,Sneak Peek,1. RachelZach-22.jpg,embedded_metadata,
Zach Soskin,Sneak Peek/RachelZach-22.jpg,Sneak Peek,RachelZach-22.jpg,embedded_metadata,
Maura,Sneak Peek/1. RachelZach-23.jpg,Sneak Peek,1. RachelZach-23.jpg,embedded_metadata,
Rachel Casciano,Sneak Peek/RachelZach-23.jpg,Sneak Peek,RachelZach-23.jpg,embedded_metadata,
Zach Soskin,Sneak Peek/RachelZach-23.jpg,Sneak Peek,RachelZach-23.jpg,embedded_metadata,
Joan Soskin,Sneak Peek/1. RachelZach-24.jpg,Sneak Peek,1. RachelZach-24.jpg,embedded_metadata,
Zach Soskin,Sneak Peek/RachelZach-24.jpg,Sneak Peek,RachelZach-24.jpg,embedded_metadata,
Sean Morse,Sneak Peek/1. RachelZach-25.jpg,Sneak Peek,1. RachelZach-25.jpg,embedded_metadata,
Rachel Casciano,Sneak Peek/RachelZach-25.jpg,Sneak Peek,RachelZach-25.jpg,embedded_metadata,
Zach Soskin,Sneak Peek/RachelZach-25.jpg,Sneak Peek,RachelZach-25.jpg,embedded_metadata,
Carter,Sneak Peek/1. RachelZach-26.jpg,Sneak Peek,1. RachelZach-26.jpg,embedded_metadata,
Rachel Casciano,Sneak Peek/RachelZach-26.jpg,Sneak Peek,RachelZach-26.jpg,embedded_metadata,
Zach Soskin,Sneak Peek/RachelZach-26.jpg,Sneak Peek,RachelZach-26.jpg,embedded_metadata,
Rachel Casciano,Sneak Peek/RachelZach-27.jpg,Sneak Peek,RachelZach-27.jpg,embedded_metadata,
Zach Soskin,Sneak Peek/RachelZach-27.jpg,Sneak Peek,RachelZach-27.jpg,embedded_metadata,
David Burton,Sneak Peek/1. RachelZach-28.jpg,Sneak Peek,1. RachelZach-28.jpg,embedded_metadata,
Rachel Casciano,Sneak Peek/RachelZach-28.jpg,Sneak Peek,RachelZach-28.jpg,correction_or_metadata,couple detail
Zach Soskin,Sneak Peek/RachelZach-28.jpg,Sneak Peek,RachelZach-28.jpg,correction_or_metadata,couple detail
Rachel Casciano,Sneak Peek/RachelZach-29.jpg,Sneak Peek,RachelZach-29.jpg,correction_or_metadata,couple portrait
Zach Soskin,Sneak Peek/RachelZach-29.jpg,Sneak Peek,RachelZach-29.jpg,correction_or_metadata,couple portrait
Meg,Sneak Peek/1. RachelZach-30.jpg,Sneak Peek,1. RachelZach-30.jpg,embedded_metadata,
Rachel Casciano,Sneak Peek/RachelZach-30.jpg,Sneak Peek,RachelZach-30.jpg,embedded_metadata,
Zach Soskin,Sneak Peek/RachelZach-30.jpg,Sneak Peek,RachelZach-30.jpg,embedded_metadata,
Patti,Sneak Peek/1. RachelZach-31.jpg,Sneak Peek,1. RachelZach-31.jpg,embedded_metadata,
Zach Soskin,Sneak Peek/1. RachelZach-31.jpg,Sneak Peek,1. RachelZach-31.jpg,embedded_metadata,
Rachel Casciano,Sneak Peek/RachelZach-31.jpg,Sneak Peek,RachelZach-31.jpg,embedded_metadata,
Zach Soskin,Sneak Peek/RachelZach-31.jpg,Sneak Peek,RachelZach-31.jpg,embedded_metadata,
Dan Casciano,Sneak Peek/RachelZach-32.jpg,Sneak Peek,RachelZach-32.jpg,embedded_metadata,
Dan Casciano,Sneak Peek/RachelZach-33.jpg,Sneak Peek,RachelZach-33.jpg,embedded_metadata,
Kelsey Meyers,Sneak Peek/1. RachelZach-34.jpg,Sneak Peek,1. RachelZach-34.jpg,embedded_metadata,
Rachel Casciano,Sneak Peek/RachelZach-34.jpg,Sneak Peek,RachelZach-34.jpg,embedded_metadata,
Rachel Casciano,Sneak Peek/1. RachelZach-35.jpg,Sneak Peek,1. RachelZach-35.jpg,embedded_metadata,
Tara,Sneak Peek/1. RachelZach-35.jpg,Sneak Peek,1. RachelZach-35.jpg,embedded_metadata,
Rachel Casciano,Sneak Peek/RachelZach-35.jpg,Sneak Peek,RachelZach-35.jpg,embedded_metadata,
Rachel Casciano,Sneak Peek/RachelZach-36.jpg,Sneak Peek,RachelZach-36.jpg,correction_or_metadata,bridal portrait crop
Rachel Casciano,Sneak Peek/RachelZach-37.jpg,Sneak Peek,RachelZach-37.jpg,embedded_metadata,
Rachel Casciano,Sneak Peek/RachelZach-38.jpg,Sneak Peek,RachelZach-38.jpg,embedded_metadata,
Trelawny,Sneak Peek/1. RachelZach-39.jpg,Sneak Peek,1. RachelZach-39.jpg,embedded_metadata,
Rachel Casciano,Sneak Peek/RachelZach-39.jpg,Sneak Peek,RachelZach-39.jpg,embedded_metadata,
Zach Soskin,Sneak Peek/RachelZach-39.jpg,Sneak Peek,RachelZach-39.jpg,embedded_metadata,
Matt,Sneak Peek/1. RachelZach-40.jpg,Sneak Peek,1. RachelZach-40.jpg,embedded_metadata,
Rachel Casciano,Sneak Peek/RachelZach-40.jpg,Sneak Peek,RachelZach-40.jpg,embedded_metadata,
Zach Soskin,Sneak Peek/RachelZach-40.jpg,Sneak Peek,RachelZach-40.jpg,embedded_metadata,
Rachel Casciano,Sneak Peek/1. RachelZach-41.jpg,Sneak Peek,1. RachelZach-41.jpg,embedded_metadata,
Riley,Sneak Peek/1. RachelZach-41.jpg,Sneak Peek,1. RachelZach-41.jpg,embedded_metadata,
Robbie,Sneak Peek/1. RachelZach-41.jpg,Sneak Peek,1. RachelZach-41.jpg,embedded_metadata,
Tim J,Sneak Peek/1. RachelZach-41.jpg,Sneak Peek,1. RachelZach-41.jpg,embedded_metadata,
Zach Soskin,Sneak Peek/1. RachelZach-41.jpg,Sneak Peek,1. RachelZach-41.jpg,embedded_metadata,
Zach Soskin,Sneak Peek/RachelZach-41.jpg,Sneak Peek,RachelZach-41.jpg,embedded_metadata,
J Mohr,Sneak Peek/1. RachelZach-42.jpg,Sneak Peek,1. RachelZach-42.jpg,embedded_metadata,
Rachel Casciano,Sneak Peek/1. RachelZach-42.jpg,Sneak Peek,1. RachelZach-42.jpg,embedded_metadata,
Robbie,Sneak Peek/1. RachelZach-42.jpg,Sneak Peek,1. RachelZach-42.jpg,embedded_metadata,
Tim J,Sneak Peek/1. RachelZach-42.jpg,Sneak Peek,1. RachelZach-42.jpg,embedded_metadata,
Zach Soskin,Sneak Peek/1. RachelZach-42.jpg,Sneak Peek,1. RachelZach-42.jpg,embedded_metadata,
HECKLIN,Sneak Peek/RachelZach-42.jpg,Sneak Peek,RachelZach-42.jpg,embedded_metadata,
SANDRA,Sneak Peek/RachelZach-42.jpg,Sneak Peek,RachelZach-42.jpg,embedded_metadata,
Patti,Sneak Peek/1. RachelZach-43.jpg,Sneak Peek,1. RachelZach-43.jpg,embedded_metadata,
Rachel Casciano,Sneak Peek/1. RachelZach-43.jpg,Sneak Peek,1. RachelZach-43.jpg,embedded_metadata,
Zach Soskin,Sneak Peek/1. RachelZach-43.jpg,Sneak Peek,1. RachelZach-43.jpg,embedded_metadata,
Patti,Sneak Peek/1. RachelZach-44.jpg,Sneak Peek,1. RachelZach-44.jpg,embedded_metadata,
Rachel Casciano,Sneak Peek/1. RachelZach-44.jpg,Sneak Peek,1. RachelZach-44.jpg,embedded_metadata,
Zach Soskin,Sneak Peek/1. RachelZach-44.jpg,Sneak Peek,1. RachelZach-44.jpg,embedded_metadata,
Rachel Casciano,Sneak Peek/1. RachelZach-45.jpg,Sneak Peek,1. RachelZach-45.jpg,embedded_metadata,
Zach Soskin,Sneak Peek/1. RachelZach-45.jpg,Sneak Peek,1. RachelZach-45.jpg,embedded_metadata,
Parker,Sneak Peek/1. RachelZach-46.jpg,Sneak Peek,1. RachelZach-46.jpg,embedded_metadata,
Chad Slomovitz,Sneak Peek/1. RachelZach-48.jpg,Sneak Peek,1. RachelZach-48.jpg,embedded_metadata,
Maddie Slomovitz,Sneak Peek/1. RachelZach-48.jpg,Sneak Peek,1. RachelZach-48.jpg,embedded_metadata,
Melanie Casciano,Sneak Peek/1. RachelZach-48.jpg,Sneak Peek,1. RachelZach-48.jpg,embedded_metadata,
Patti,Sneak Peek/1. RachelZach-48.jpg,Sneak Peek,1. RachelZach-48.jpg,embedded_metadata,
Rachel Casciano,Sneak Peek/1. RachelZach-48.jpg,Sneak Peek,1. RachelZach-48.jpg,embedded_metadata,
Robbie,Sneak Peek/1. RachelZach-48.jpg,Sneak Peek,1. RachelZach-48.jpg,embedded_metadata,
Zach Soskin,Sneak Peek/1. RachelZach-48.jpg,Sneak Peek,1. RachelZach-48.jpg,embedded_metadata,
Riley,Sneak Peek/1. RachelZach-49.jpg,Sneak Peek,1. RachelZach-49.jpg,embedded_metadata,
Zach Soskin,Sneak Peek/1. RachelZach-49.jpg,Sneak Peek,1. RachelZach-49.jpg,embedded_metadata,
Chad Slomovitz,Sneak Peek/1. RachelZach-50.jpg,Sneak Peek,1. RachelZach-50.jpg,embedded_metadata,
Patti,Sneak Peek/1. RachelZach-50.jpg,Sneak Peek,1. RachelZach-50.jpg,embedded_metadata,
Zach Soskin,Sneak Peek/1. RachelZach-50.jpg,Sneak Peek,1. RachelZach-50.jpg,embedded_metadata,
Chad Slomovitz,Sneak Peek/1. RachelZach-51.jpg,Sneak Peek,1. RachelZach-51.jpg,embedded_metadata,
Maddie Slomovitz,Sneak Peek/1. RachelZach-51.jpg,Sneak Peek,1. RachelZach-51.jpg,embedded_metadata,
Zach Soskin,Sneak Peek/1. RachelZach-51.jpg,Sneak Peek,1. RachelZach-51.jpg,embedded_metadata,
Kelsey Meyers,Sneak Peek/1. RachelZach-52.jpg,Sneak Peek,1. RachelZach-52.jpg,embedded_metadata,
ASHLEY,Sneak Peek/1. RachelZach-53.jpg,Sneak Peek,1. RachelZach-53.jpg,embedded_metadata,
Debi,Sneak Peek/1. RachelZach-53.jpg,Sneak Peek,1. RachelZach-53.jpg,embedded_metadata,
Dee Burton,Sneak Peek/1. RachelZach-53.jpg,Sneak Peek,1. RachelZach-53.jpg,embedded_metadata,
Nancy Lurie,Sneak Peek/1. RachelZach-53.jpg,Sneak Peek,1. RachelZach-53.jpg,embedded_metadata,
Pat Burton,Sneak Peek/1. RachelZach-53.jpg,Sneak Peek,1. RachelZach-53.jpg,embedded_metadata,
Todd Lurie,Sneak Peek/1. RachelZach-53.jpg,Sneak Peek,1. RachelZach-53.jpg,embedded_metadata,
Phil Quist,Sneak Peek/RachelZach-53.jpg,Sneak Peek,RachelZach-53.jpg,embedded_metadata,
Jeffry Lurie,Sneak Peek/1. RachelZach-54.jpg,Sneak Peek,1. RachelZach-54.jpg,embedded_metadata,
Maddie Channess,Sneak Peek/1. RachelZach-54.jpg,Sneak Peek,1. RachelZach-54.jpg,embedded_metadata,
J Til,Sneak Peek/1. RachelZach-55.jpg,Sneak Peek,1. RachelZach-55.jpg,embedded_metadata,
Maddie Slomovitz,Sneak Peek/1. RachelZach-55.jpg,Sneak Peek,1. RachelZach-55.jpg,embedded_metadata,
Rush,Sneak Peek/RachelZach-55.jpg,Sneak Peek,RachelZach-55.jpg,embedded_metadata,
Chad Slomovitz,Sneak Peek/1. RachelZach-56.jpg,Sneak Peek,1. RachelZach-56.jpg,embedded_metadata,
Charlie Weisman,Sneak Peek/1. RachelZach-56.jpg,Sneak Peek,1. RachelZach-56.jpg,embedded_metadata,
Maddie Slomovitz,Sneak Peek/1. RachelZach-56.jpg,Sneak Peek,1. RachelZach-56.jpg,embedded_metadata,
Zach Soskin,Sneak Peek/1. RachelZach-56.jpg,Sneak Peek,1. RachelZach-56.jpg,embedded_metadata,
Chris,Sneak Peek/1. RachelZach-57.jpg,Sneak Peek,1. RachelZach-57.jpg,embedded_metadata,
Jorie,Sneak Peek/1. RachelZach-57.jpg,Sneak Peek,1. RachelZach-57.jpg,embedded_metadata,
Matt,Sneak Peek/1. RachelZach-57.jpg,Sneak Peek,1. RachelZach-57.jpg,embedded_metadata,
Debi,Sneak Peek/RachelZach-57.jpg,Sneak Peek,RachelZach-57.jpg,embedded_metadata,
Phil C,Sneak Peek/RachelZach-57.jpg,Sneak Peek,RachelZach-57.jpg,embedded_metadata,
Robbie,Sneak Peek/RachelZach-58.jpg,Sneak Peek,RachelZach-58.jpg,embedded_metadata,
Zach Soskin,Sneak Peek/RachelZach-58.jpg,Sneak Peek,RachelZach-58.jpg,embedded_metadata,
Patti,Sneak Peek/1. RachelZach-59.jpg,Sneak Peek,1. RachelZach-59.jpg,embedded_metadata,
Rachel Casciano,Sneak Peek/RachelZach-59.jpg,Sneak Peek,RachelZach-59.jpg,correction_or_metadata,couple embrace
Zach Soskin,Sneak Peek/RachelZach-59.jpg,Sneak Peek,RachelZach-59.jpg,correction_or_metadata,couple embrace
J Til,Sneak Peek/RachelZach-60.jpg,Sneak Peek,RachelZach-60.jpg,embedded_metadata,
Jake Lurie,Sneak Peek/RachelZach-60.jpg,Sneak Peek,RachelZach-60.jpg,embedded_metadata,
Jeffry Lurie,Sneak Peek/RachelZach-60.jpg,Sneak Peek,RachelZach-60.jpg,embedded_metadata,
Keagen,Sneak Peek/RachelZach-60.jpg,Sneak Peek,RachelZach-60.jpg,embedded_metadata,
Patti,Sneak Peek/RachelZach-60.jpg,Sneak Peek,RachelZach-60.jpg,embedded_metadata,
Robbie,Sneak Peek/RachelZach-60.jpg,Sneak Peek,RachelZach-60.jpg,embedded_metadata,
Dan Casciano,Sneak Peek/RachelZach-61.jpg,Sneak Peek,RachelZach-61.jpg,embedded_metadata,
Debi,Sneak Peek/RachelZach-61.jpg,Sneak Peek,RachelZach-61.jpg,embedded_metadata,
Erik,Sneak Peek/RachelZach-61.jpg,Sneak Peek,RachelZach-61.jpg,embedded_metadata,
Keagen,Sneak Peek/RachelZach-61.jpg,Sneak Peek,RachelZach-61.jpg,embedded_metadata,
Melanie Casciano,Sneak Peek/RachelZach-61.jpg,Sneak Peek,RachelZach-61.jpg,embedded_metadata,
Rachel Casciano,Sneak Peek/RachelZach-61.jpg,Sneak Peek,RachelZach-61.jpg,embedded_metadata,
Tim J,Sneak Peek/RachelZach-61.jpg,Sneak Peek,RachelZach-61.jpg,embedded_metadata,
Rachel Casciano,Sneak Peek/RachelZach-62.jpg,Sneak Peek,RachelZach-62.jpg,correction_or_metadata,ceremony couple
Zach Soskin,Sneak Peek/RachelZach-62.jpg,Sneak Peek,RachelZach-62.jpg,correction_or_metadata,ceremony couple
Rachel Casciano,Sneak Peek/RachelZach-63.jpg,Sneak Peek,RachelZach-63.jpg,embedded_metadata,
Phil C,Sneak Peek/RachelZach-64.jpg,Sneak Peek,RachelZach-64.jpg,embedded_metadata,
Zach Soskin,Sneak Peek/RachelZach-64.jpg,Sneak Peek,RachelZach-64.jpg,embedded_metadata,
Zach Soskin,Sneak Peek/RachelZach-65.jpg,Sneak Peek,RachelZach-65.jpg,embedded_metadata,
Phil C,Sneak Peek/RachelZach-66.jpg,Sneak Peek,RachelZach-66.jpg,embedded_metadata,
Rachel Casciano,Sneak Peek/RachelZach-66.jpg,Sneak Peek,RachelZach-66.jpg,embedded_metadata,
Zach Soskin,Sneak Peek/RachelZach-66.jpg,Sneak Peek,RachelZach-66.jpg,embedded_metadata,
Zach Soskin,Sneak Peek/RachelZach-67.jpg,Sneak Peek,RachelZach-67.jpg,embedded_metadata,
Maddie Slomovitz,Sneak Peek/RachelZach-68.jpg,Sneak Peek,RachelZach-68.jpg,embedded_metadata,
Rachel Casciano,Sneak Peek/RachelZach-68.jpg,Sneak Peek,RachelZach-68.jpg,embedded_metadata,
Stephanie Soskin,Sneak Peek/RachelZach-68.jpg,Sneak Peek,RachelZach-68.jpg,embedded_metadata,
Rachel Casciano,Sneak Peek/RachelZach-69.jpg,Sneak Peek,RachelZach-69.jpg,correction_or_metadata,couple portrait
Zach Soskin,Sneak Peek/RachelZach-69.jpg,Sneak Peek,RachelZach-69.jpg,correction_or_metadata,couple portrait
Rachel Casciano,Sneak Peek/RachelZach-70.jpg,Sneak Peek,RachelZach-70.jpg,embedded_metadata,
Keagen,Sneak Peek/RachelZach-71.jpg,Sneak Peek,RachelZach-71.jpg,embedded_metadata,
Phil Quist,Sneak Peek/RachelZach-71.jpg,Sneak Peek,RachelZach-71.jpg,embedded_metadata,
Rachel Casciano,Sneak Peek/RachelZach-71.jpg,Sneak Peek,RachelZach-71.jpg,embedded_metadata,
Zach Soskin,Sneak Peek/RachelZach-71.jpg,Sneak Peek,RachelZach-71.jpg,embedded_metadata,
Keagen,Sneak Peek/RachelZach-72.jpg,Sneak Peek,RachelZach-72.jpg,embedded_metadata,
Rachel Casciano,Sneak Peek/RachelZach-72.jpg,Sneak Peek,RachelZach-72.jpg,embedded_metadata,
Zach Soskin,Sneak Peek/RachelZach-72.jpg,Sneak Peek,RachelZach-72.jpg,embedded_metadata,
Keagen,Sneak Peek/RachelZach-73.jpg,Sneak Peek,RachelZach-73.jpg,embedded_metadata,
SCOTT L,Sneak Peek/RachelZach-73.jpg,Sneak Peek,RachelZach-73.jpg,embedded_metadata,
Rachel Casciano,Sneak Peek/RachelZach-74.jpg,Sneak Peek,RachelZach-74.jpg,embedded_metadata,
Zach Soskin,Sneak Peek/RachelZach-74.jpg,Sneak Peek,RachelZach-74.jpg,embedded_metadata,
Rachel Casciano,Sneak Peek/RachelZach-75.jpg,Sneak Peek,RachelZach-75.jpg,embedded_metadata,
Dan Casciano,Sneak Peek/RachelZach-76.jpg,Sneak Peek,RachelZach-76.jpg,embedded_metadata,
Melanie Casciano,Sneak Peek/RachelZach-76.jpg,Sneak Peek,RachelZach-76.jpg,embedded_metadata,
Rachel Casciano,Sneak Peek/RachelZach-76.jpg,Sneak Peek,RachelZach-76.jpg,embedded_metadata,
Zach Soskin,Sneak Peek/RachelZach-76.jpg,Sneak Peek,RachelZach-76.jpg,embedded_metadata,
Chad Slomovitz,Sneak Peek/RachelZach-77.jpg,Sneak Peek,RachelZach-77.jpg,embedded_metadata,
Jorie,Sneak Peek/RachelZach-77.jpg,Sneak Peek,RachelZach-77.jpg,embedded_metadata,
Maddie Slomovitz,Sneak Peek/RachelZach-77.jpg,Sneak Peek,RachelZach-77.jpg,embedded_metadata,
Parker,Sneak Peek/RachelZach-77.jpg,Sneak Peek,RachelZach-77.jpg,embedded_metadata,
Patti,Sneak Peek/RachelZach-77.jpg,Sneak Peek,RachelZach-77.jpg,embedded_metadata,
Rachel Casciano,Sneak Peek/RachelZach-77.jpg,Sneak Peek,RachelZach-77.jpg,embedded_metadata,
Robbie,Sneak Peek/RachelZach-77.jpg,Sneak Peek,RachelZach-77.jpg,embedded_metadata,
Rylie,Sneak Peek/RachelZach-77.jpg,Sneak Peek,RachelZach-77.jpg,embedded_metadata,
Stephanie Soskin,Sneak Peek/RachelZach-77.jpg,Sneak Peek,RachelZach-77.jpg,embedded_metadata,
Zach Soskin,Sneak Peek/RachelZach-77.jpg,Sneak Peek,RachelZach-77.jpg,embedded_metadata,
Chad Slomovitz,Sneak Peek/RachelZach-78.jpg,Sneak Peek,RachelZach-78.jpg,embedded_metadata,
Jorie,Sneak Peek/RachelZach-78.jpg,Sneak Peek,RachelZach-78.jpg,embedded_metadata,
Maddie Slomovitz,Sneak Peek/RachelZach-78.jpg,Sneak Peek,RachelZach-78.jpg,embedded_metadata,
Rachel Casciano,Sneak Peek/RachelZach-78.jpg,Sneak Peek,RachelZach-78.jpg,embedded_metadata,
Riley,Sneak Peek/RachelZach-78.jpg,Sneak Peek,RachelZach-78.jpg,embedded_metadata,
Stephanie Soskin,Sneak Peek/RachelZach-78.jpg,Sneak Peek,RachelZach-78.jpg,embedded_metadata,
Zach Soskin,Sneak Peek/RachelZach-78.jpg,Sneak Peek,RachelZach-78.jpg,embedded_metadata,
Dan Casciano,Sneak Peek/RachelZach-79.jpg,Sneak Peek,RachelZach-79.jpg,embedded_metadata,
Ronald Harris,Sneak Peek/RachelZach-80.jpg,Sneak Peek,RachelZach-80.jpg,embedded_metadata,
Lauren Bond,Sneak Peek/RachelZach-81.jpg,Sneak Peek,RachelZach-81.jpg,embedded_metadata,
Maddie Slomovitz,Sneak Peek/RachelZach-81.jpg,Sneak Peek,RachelZach-81.jpg,embedded_metadata,
Rachel Casciano,Sneak Peek/RachelZach-81.jpg,Sneak Peek,RachelZach-81.jpg,embedded_metadata,
Sally,Sneak Peek/RachelZach-81.jpg,Sneak Peek,RachelZach-81.jpg,embedded_metadata,
Kelsey Meyers,Sneak Peek/RachelZach-82.jpg,Sneak Peek,RachelZach-82.jpg,embedded_metadata,
Lauren Bond,Sneak Peek/RachelZach-82.jpg,Sneak Peek,RachelZach-82.jpg,embedded_metadata,
Rachel Casciano,Sneak Peek/RachelZach-82.jpg,Sneak Peek,RachelZach-82.jpg,embedded_metadata,
Sally,Sneak Peek/RachelZach-82.jpg,Sneak Peek,RachelZach-82.jpg,embedded_metadata,
Trelawny,Sneak Peek/RachelZach-82.jpg,Sneak Peek,RachelZach-82.jpg,embedded_metadata,
Meg,Sneak Peek/RachelZach-83.jpg,Sneak Peek,RachelZach-83.jpg,embedded_metadata,
Adi,Sneak Peek/RachelZach-84.jpg,Sneak Peek,RachelZach-84.jpg,embedded_metadata,
Jake Lurie,Sneak Peek/RachelZach-86.jpg,Sneak Peek,RachelZach-86.jpg,embedded_metadata,
Kayla,Sneak Peek/RachelZach-86.jpg,Sneak Peek,RachelZach-86.jpg,embedded_metadata,
Kelsey Meyers,Sneak Peek/RachelZach-86.jpg,Sneak Peek,RachelZach-86.jpg,embedded_metadata,
Maddie Slomovitz,Sneak Peek/RachelZach-86.jpg,Sneak Peek,RachelZach-86.jpg,embedded_metadata,
Phil C,Sneak Peek/RachelZach-86.jpg,Sneak Peek,RachelZach-86.jpg,embedded_metadata,
Rachel Casciano,Sneak Peek/RachelZach-86.jpg,Sneak Peek,RachelZach-86.jpg,embedded_metadata,
Sally,Sneak Peek/RachelZach-86.jpg,Sneak Peek,RachelZach-86.jpg,embedded_metadata,
Tim J,Sneak Peek/RachelZach-86.jpg,Sneak Peek,RachelZach-86.jpg,embedded_metadata,
Rachel Casciano,Sneak Peek/RachelZach-87.jpg,Sneak Peek,RachelZach-87.jpg,correction_or_metadata,couple embrace
Zach Soskin,Sneak Peek/RachelZach-87.jpg,Sneak Peek,RachelZach-87.jpg,correction_or_metadata,couple embrace
Rachel Casciano,Sneak Peek/RachelZach-88.jpg,Sneak Peek,RachelZach-88.jpg,embedded_metadata,
Zach Soskin,Sneak Peek/RachelZach-88.jpg,Sneak Peek,RachelZach-88.jpg,embedded_metadata,
Rachel Casciano,Sneak Peek/RachelZach-89.jpg,Sneak Peek,RachelZach-89.jpg,correction_or_metadata,couple portrait
Zach Soskin,Sneak Peek/RachelZach-89.jpg,Sneak Peek,RachelZach-89.jpg,correction_or_metadata,couple portrait
Harris,Sneak Peek/RachelZach-90.jpg,Sneak Peek,RachelZach-90.jpg,embedded_metadata,
Riley,Sneak Peek/RachelZach-90.jpg,Sneak Peek,RachelZach-90.jpg,embedded_metadata,
Lauren Bond,Sneak Peek/RachelZach-102.jpg,Sneak Peek,RachelZach-102.jpg,embedded_metadata,
Aly Gilboa,Sneak Peek/RachelZach-103.jpg,Sneak Peek,RachelZach-103.jpg,embedded_metadata,
Dubov,Sneak Peek/RachelZach-105.jpg,Sneak Peek,RachelZach-105.jpg,embedded_metadata,
Spencer Soltman,Sneak Peek/RachelZach-105.jpg,Sneak Peek,RachelZach-105.jpg,embedded_metadata,
Tav,Sneak Peek/RachelZach-105.jpg,Sneak Peek,RachelZach-105.jpg,embedded_metadata,
HECKLIN,Sneak Peek/RachelZach-106.jpg,Sneak Peek,RachelZach-106.jpg,embedded_metadata,
Parker,Sneak Peek/RachelZach-106.jpg,Sneak Peek,RachelZach-106.jpg,embedded_metadata,
Kayla,Sneak Peek/RachelZach-109.jpg,Sneak Peek,RachelZach-109.jpg,embedded_metadata,
Gisel,Sneak Peek/RachelZach-110.jpg,Sneak Peek,RachelZach-110.jpg,embedded_metadata,
Kayla,Sneak Peek/RachelZach-110.jpg,Sneak Peek,RachelZach-110.jpg,embedded_metadata,
Spencer Soltman,Sneak Peek/RachelZach-110.jpg,Sneak Peek,RachelZach-110.jpg,embedded_metadata,
Zach Soskin,Sneak Peek/RachelZach-111.jpg,Sneak Peek,RachelZach-111.jpg,embedded_metadata,
Zach Soskin,Sneak Peek/RachelZach-112.jpg,Sneak Peek,RachelZach-112.jpg,embedded_metadata,
Rachel Casciano,Sneak Peek/RachelZach-113.jpg,Sneak Peek,RachelZach-113.jpg,correction_or_metadata,bride from back
Rachel Casciano,Sneak Peek/RachelZach-114.jpg,Sneak Peek,RachelZach-114.jpg,embedded_metadata,
Rachel Casciano,Sneak Peek/RachelZach-116.jpg,Sneak Peek,RachelZach-116.jpg,embedded_metadata,
Rachel Casciano,Sneak Peek/RachelZach-117.jpg,Sneak Peek,RachelZach-117.jpg,embedded_metadata,
Nate O,Sneak Peek/RachelZach-118.jpg,Sneak Peek,RachelZach-118.jpg,embedded_metadata,
Chad Slomovitz,Sneak Peek/RachelZach-119.jpg,Sneak Peek,RachelZach-119.jpg,embedded_metadata,
Nick Pugs,Sneak Peek/RachelZach-119.jpg,Sneak Peek,RachelZach-119.jpg,embedded_metadata,
Patti,Sneak Peek/RachelZach-119.jpg,Sneak Peek,RachelZach-119.jpg,embedded_metadata,
Rachel Casciano,Sneak Peek/RachelZach-119.jpg,Sneak Peek,RachelZach-119.jpg,embedded_metadata,
Meg,Sneak Peek/RachelZach-120.jpg,Sneak Peek,RachelZach-120.jpg,embedded_metadata,
Maddie Slomovitz,Sneak Peek/RachelZach-121.jpg,Sneak Peek,RachelZach-121.jpg,embedded_metadata,
Chad Slomovitz,Sneak Peek/RachelZach-122.jpg,Sneak Peek,RachelZach-122.jpg,embedded_metadata,
Rachel Casciano,Sneak Peek/RachelZach-122.jpg,Sneak Peek,RachelZach-122.jpg,embedded_metadata,
Rachel Casciano,Sneak Peek/RachelZach-123.jpg,Sneak Peek,RachelZach-123.jpg,embedded_metadata,
Parker,Sneak Peek/RachelZach-124.jpg,Sneak Peek,RachelZach-124.jpg,embedded_metadata,
Frankie B,Sneak Peek/RachelZach-125.jpg,Sneak Peek,RachelZach-125.jpg,embedded_metadata,
Parker,Sneak Peek/RachelZach-125.jpg,Sneak Peek,RachelZach-125.jpg,embedded_metadata,
Stephanie Soskin,Sneak Peek/RachelZach-125.jpg,Sneak Peek,RachelZach-125.jpg,embedded_metadata,
Parker,Sneak Peek/RachelZach-126.jpg,Sneak Peek,RachelZach-126.jpg,embedded_metadata,
Riley,Sneak Peek/RachelZach-126.jpg,Sneak Peek,RachelZach-126.jpg,embedded_metadata,
Todd Lurie,Sneak Peek/RachelZach-126.jpg,Sneak Peek,RachelZach-126.jpg,embedded_metadata,
Zach Soskin,Sneak Peek/RachelZach-127.jpg,Sneak Peek,RachelZach-127.jpg,embedded_metadata,
Spencer Soltman,Sneak Peek/RachelZach-129.jpg,Sneak Peek,RachelZach-129.jpg,embedded_metadata,
Zach Soskin,Sneak Peek/RachelZach-130.jpg,Sneak Peek,RachelZach-130.jpg,embedded_metadata,
Rachel Casciano,Sneak Peek/RachelZach-131.jpg,Sneak Peek,RachelZach-131.jpg,correction_or_metadata,couple from behind
Zach Soskin,Sneak Peek/RachelZach-131.jpg,Sneak Peek,RachelZach-131.jpg,correction_or_metadata,couple from behind
Rachel Casciano,Sneak Peek/RachelZach-132.jpg,Sneak Peek,RachelZach-132.jpg,embedded_metadata,
Zach Soskin,Sneak Peek/RachelZach-132.jpg,Sneak Peek,RachelZach-132.jpg,embedded_metadata,
Rachel Casciano,Sneak Peek/RachelZach-133.jpg,Sneak Peek,RachelZach-133.jpg,embedded_metadata,
Zach Soskin,Sneak Peek/RachelZach-133.jpg,Sneak Peek,RachelZach-133.jpg,embedded_metadata,
Zach Soskin,Sneak Peek/RachelZach-134.jpg,Sneak Peek,RachelZach-134.jpg,embedded_metadata,
Rachel Casciano,Sneak Peek/RachelZach-135.jpg,Sneak Peek,RachelZach-135.jpg,correction_or_metadata,couple portrait
Zach Soskin,Sneak Peek/RachelZach-135.jpg,Sneak Peek,RachelZach-135.jpg,correction_or_metadata,couple portrait
Rachel Casciano,Sneak Peek/RachelZach-136.jpg,Sneak Peek,RachelZach-136.jpg,embedded_metadata,
Zach Soskin,Sneak Peek/RachelZach-136.jpg,Sneak Peek,RachelZach-136.jpg,embedded_metadata,
Rachel Casciano,Sneak Peek/RachelZach-137.jpg,Sneak Peek,RachelZach-137.jpg,embedded_metadata,
Zach Soskin,Sneak Peek/RachelZach-137.jpg,Sneak Peek,RachelZach-137.jpg,embedded_metadata,
Zach Soskin,Sneak Peek/RachelZach-138.jpg,Sneak Peek,RachelZach-138.jpg,embedded_metadata,
Rachel Casciano,Sneak Peek/RachelZach-139.jpg,Sneak Peek,RachelZach-139.jpg,correction_or_metadata,couple portrait
Zach Soskin,Sneak Peek/RachelZach-139.jpg,Sneak Peek,RachelZach-139.jpg,correction_or_metadata,couple portrait
Rachel Casciano,Sneak Peek/RachelZach-140.jpg,Sneak Peek,RachelZach-140.jpg,correction_or_metadata,bride from back
Parker,Sneak Peek/RachelZach-141.jpg,Sneak Peek,RachelZach-141.jpg,embedded_metadata,
Dan Casciano,Sneak Peek/RachelZach-142.jpg,Sneak Peek,RachelZach-142.jpg,embedded_metadata,
Melanie Casciano,Sneak Peek/RachelZach-142.jpg,Sneak Peek,RachelZach-142.jpg,embedded_metadata,
Maddie Slomovitz,Sneak Peek/RachelZach-143.jpg,Sneak Peek,RachelZach-143.jpg,embedded_metadata,
Rachel Casciano,Sneak Peek/RachelZach-144.jpg,Sneak Peek,RachelZach-144.jpg,embedded_metadata,
Rachel Casciano,Sneak Peek/RachelZach-145.jpg,Sneak Peek,RachelZach-145.jpg,correction_or_metadata,couple from behind
Zach Soskin,Sneak Peek/RachelZach-145.jpg,Sneak Peek,RachelZach-145.jpg,correction_or_metadata,couple from behind
Kayla,Sneak Peek/RachelZach-147.jpg,Sneak Peek,RachelZach-147.jpg,embedded_metadata,
Sean Morse,Sneak Peek/RachelZach-147.jpg,Sneak Peek,RachelZach-147.jpg,embedded_metadata,
Dan Casciano,Sneak Peek/RachelZach-149.jpg,Sneak Peek,RachelZach-149.jpg,embedded_metadata,
Rachel Casciano,Sneak Peek/RachelZach-150.jpg,Sneak Peek,RachelZach-150.jpg,embedded_metadata,
Rachel Casciano,Sneak Peek/RachelZach-151.jpg,Sneak Peek,RachelZach-151.jpg,embedded_metadata,
Patti,Sneak Peek/RachelZach-152.jpg,Sneak Peek,RachelZach-152.jpg,embedded_metadata,
Chad Slomovitz,Sneak Peek/RachelZach-153.jpg,Sneak Peek,RachelZach-153.jpg,embedded_metadata,
Rachel Casciano,Sneak Peek/RachelZach-153.jpg,Sneak Peek,RachelZach-153.jpg,embedded_metadata,
Zach Soskin,Sneak Peek/RachelZach-153.jpg,Sneak Peek,RachelZach-153.jpg,embedded_metadata,
Jacquie,Sneak Peek/Sneak.jpg,Sneak Peek,Sneak.jpg,embedded_metadata,
Kayla,Sneak Peek/Sneak.jpg,Sneak Peek,Sneak.jpg,embedded_metadata,
Pat Burton,Sneak Peek/Sneak.jpg,Sneak Peek,Sneak.jpg,embedded_metadata,
Spencer Soltman,Sneak Peek/Sneak.jpg,Sneak Peek,Sneak.jpg,embedded_metadata,
Rachel Casciano,Film/rachelzachfilm-2.jpg,Film,rachelzachfilm-2.jpg,correction_or_metadata,bride and groom portrait
Zach Soskin,Film/rachelzachfilm-2.jpg,Film,rachelzachfilm-2.jpg,correction_or_metadata,bride and groom portrait
Rachel Casciano,Film/rachelzachfilm-3.jpg,Film,rachelzachfilm-3.jpg,embedded_metadata,
Zach Soskin,Film/rachelzachfilm-3.jpg,Film,rachelzachfilm-3.jpg,embedded_metadata,
Rachel Casciano,Film/rachelzachfilm-4.jpg,Film,rachelzachfilm-4.jpg,correction_or_metadata,bride and groom portrait
Zach Soskin,Film/rachelzachfilm-4.jpg,Film,rachelzachfilm-4.jpg,correction_or_metadata,bride and groom portrait
Rachel Casciano,Film/rachelzachfilm-5.jpg,Film,rachelzachfilm-5.jpg,embedded_metadata,
Zach Soskin,Film/rachelzachfilm-5.jpg,Film,rachelzachfilm-5.jpg,embedded_metadata,
Rachel Casciano,Film/rachelzachfilm-6.jpg,Film,rachelzachfilm-6.jpg,embedded_metadata,
Zach Soskin,Film/rachelzachfilm-6.jpg,Film,rachelzachfilm-6.jpg,embedded_metadata,
Rachel Casciano,Film/rachelzachfilm-7.jpg,Film,rachelzachfilm-7.jpg,embedded_metadata,
Zach Soskin,Film/rachelzachfilm-8.jpg,Film,rachelzachfilm-8.jpg,embedded_metadata,
Rachel Casciano,Film/rachelzachfilm-9.jpg,Film,rachelzachfilm-9.jpg,correction_or_metadata,bride and groom portrait
Zach Soskin,Film/rachelzachfilm-9.jpg,Film,rachelzachfilm-9.jpg,correction_or_metadata,bride and groom portrait
Zach Soskin,Film/rachelzachfilm-10.jpg,Film,rachelzachfilm-10.jpg,embedded_metadata,
Rachel Casciano,Film/rachelzachfilm-11.jpg,Film,rachelzachfilm-11.jpg,embedded_metadata,
Zach Soskin,Film/rachelzachfilm-11.jpg,Film,rachelzachfilm-11.jpg,embedded_metadata,
Rachel Casciano,Film/rachelzachfilm-12.jpg,Film,rachelzachfilm-12.jpg,embedded_metadata,
Rachel Casciano,Film/rachelzachfilm-13.jpg,Film,rachelzachfilm-13.jpg,embedded_metadata,
Zach Soskin,Film/rachelzachfilm-13.jpg,Film,rachelzachfilm-13.jpg,embedded_metadata,
Rachel Casciano,Film/rachelzachfilm-14.jpg,Film,rachelzachfilm-14.jpg,embedded_metadata,
Rachel Casciano,Film/rachelzachfilm-15.jpg,Film,rachelzachfilm-15.jpg,embedded_metadata,
Zach Soskin,Film/rachelzachfilm-15.jpg,Film,rachelzachfilm-15.jpg,embedded_metadata,
Rachel Casciano,Film/rachelzachfilm-16.jpg,Film,rachelzachfilm-16.jpg,embedded_metadata,
Zach Soskin,Film/rachelzachfilm-16.jpg,Film,rachelzachfilm-16.jpg,embedded_metadata,
Rachel Casciano,Film/rachelzachfilm-17.jpg,Film,rachelzachfilm-17.jpg,correction_or_metadata,bride and groom on stairs
Zach Soskin,Film/rachelzachfilm-17.jpg,Film,rachelzachfilm-17.jpg,correction_or_metadata,bride and groom on stairs
Rachel Casciano,Film/rachelzachfilm-18.jpg,Film,rachelzachfilm-18.jpg,embedded_metadata,
Zach Soskin,Film/rachelzachfilm-18.jpg,Film,rachelzachfilm-18.jpg,embedded_metadata,
Rachel Casciano,Film/rachelzachfilm-19.jpg,Film,rachelzachfilm-19.jpg,embedded_metadata,
Zach Soskin,Film/rachelzachfilm-19.jpg,Film,rachelzachfilm-19.jpg,embedded_metadata,
Rachel Casciano,Film/rachelzachfilm-20.jpg,Film,rachelzachfilm-20.jpg,embedded_metadata,
Zach Soskin,Film/rachelzachfilm-20.jpg,Film,rachelzachfilm-20.jpg,embedded_metadata,
Rachel Casciano,Film/rachelzachfilm-21.jpg,Film,rachelzachfilm-21.jpg,embedded_metadata,
Zach Soskin,Film/rachelzachfilm-21.jpg,Film,rachelzachfilm-21.jpg,embedded_metadata,
Rachel Casciano,Film/rachelzachfilm-22.jpg,Film,rachelzachfilm-22.jpg,embedded_metadata,
Zach Soskin,Film/rachelzachfilm-22.jpg,Film,rachelzachfilm-22.jpg,embedded_metadata,
Rachel Casciano,Film/rachelzachfilm-23.jpg,Film,rachelzachfilm-23.jpg,correction_or_metadata,bride and groom from behind
Zach Soskin,Film/rachelzachfilm-23.jpg,Film,rachelzachfilm-23.jpg,correction_or_metadata,bride and groom from behind
Zach Soskin,Film/rachelzachfilm-24.jpg,Film,rachelzachfilm-24.jpg,embedded_metadata,
Zach Soskin,Film/rachelzachfilm-25.jpg,Film,rachelzachfilm-25.jpg,embedded_metadata,
Zach Soskin,Film/rachelzachfilm-26.jpg,Film,rachelzachfilm-26.jpg,embedded_metadata,
Rachel Casciano,Film/rachelzachfilm-27.jpg,Film,rachelzachfilm-27.jpg,embedded_metadata,
Rachel Casciano,Film/rachelzachfilm-28.jpg,Film,rachelzachfilm-28.jpg,embedded_metadata,
Zach Soskin,Film/rachelzachfilm-28.jpg,Film,rachelzachfilm-28.jpg,embedded_metadata,
Rachel Casciano,Film/rachelzachfilm-29.jpg,Film,rachelzachfilm-29.jpg,embedded_metadata,
Zach Soskin,Film/rachelzachfilm-29.jpg,Film,rachelzachfilm-29.jpg,embedded_metadata,
Rachel Casciano,Film/rachelzachfilm-30.jpg,Film,rachelzachfilm-30.jpg,embedded_metadata,
Zach Soskin,Film/rachelzachfilm-30.jpg,Film,rachelzachfilm-30.jpg,embedded_metadata,
Rachel Casciano,Film/rachelzachfilm-31.jpg,Film,rachelzachfilm-31.jpg,correction_or_metadata,bride and groom from behind
Zach Soskin,Film/rachelzachfilm-31.jpg,Film,rachelzachfilm-31.jpg,correction_or_metadata,bride and groom from behind
Rachel Casciano,Film/rachelzachfilm-32.jpg,Film,rachelzachfilm-32.jpg,correction_or_metadata,bride and groom from behind
Zach Soskin,Film/rachelzachfilm-32.jpg,Film,rachelzachfilm-32.jpg,correction_or_metadata,bride and groom from behind
Rachel Casciano,Film/rachelzachfilm-33.jpg,Film,rachelzachfilm-33.jpg,correction_or_metadata,bride and groom from behind
Zach Soskin,Film/rachelzachfilm-33.jpg,Film,rachelzachfilm-33.jpg,correction_or_metadata,bride and groom from behind
Rachel Casciano,Film/rachelzachfilm-34.jpg,Film,rachelzachfilm-34.jpg,correction_or_metadata,bride and groom from behind
Zach Soskin,Film/rachelzachfilm-34.jpg,Film,rachelzachfilm-34.jpg,correction_or_metadata,bride and groom from behind
Rachel Casciano,Film/rachelzachfilm-35.jpg,Film,rachelzachfilm-35.jpg,correction_or_metadata,bride and groom from behind
Zach Soskin,Film/rachelzachfilm-35.jpg,Film,rachelzachfilm-35.jpg,correction_or_metadata,bride and groom from behind
Parker,Film/rachelzachfilm-40.jpg,Film,rachelzachfilm-40.jpg,embedded_metadata,
Ronald Harris,Film/rachelzachfilm-40.jpg,Film,rachelzachfilm-40.jpg,embedded_metadata,
Ivan Licon,Film/rachelzachfilm-42.jpg,Film,rachelzachfilm-42.jpg,embedded_metadata,
Kayla,Film/rachelzachfilm-42.jpg,Film,rachelzachfilm-42.jpg,embedded_metadata,
Spencer Soltman,Film/rachelzachfilm-43.jpg,Film,rachelzachfilm-43.jpg,embedded_metadata,
Tim J,Film/rachelzachfilm-43.jpg,Film,rachelzachfilm-43.jpg,embedded_metadata,
Bryant,Film/rachelzachfilm-46.jpg,Film,rachelzachfilm-46.jpg,embedded_metadata,
Spencer Soltman,Film/rachelzachfilm-46.jpg,Film,rachelzachfilm-46.jpg,embedded_metadata,
Bryant,Film/rachelzachfilm-47.jpg,Film,rachelzachfilm-47.jpg,embedded_metadata,
David Post,Film/rachelzachfilm-48.jpg,Film,rachelzachfilm-48.jpg,embedded_metadata,
Nate O,Film/rachelzachfilm-49.jpg,Film,rachelzachfilm-49.jpg,embedded_metadata,
J Til,Film/rachelzachfilm-50.jpg,Film,rachelzachfilm-50.jpg,embedded_metadata,
Trelawny,Film/rachelzachfilm-50.jpg,Film,rachelzachfilm-50.jpg,embedded_metadata,
Carter,Film/rachelzachfilm-51.jpg,Film,rachelzachfilm-51.jpg,embedded_metadata,
Parker,Film/rachelzachfilm-52.jpg,Film,rachelzachfilm-52.jpg,embedded_metadata,
Stephanie Soskin,Film/rachelzachfilm-52.jpg,Film,rachelzachfilm-52.jpg,embedded_metadata,
Parker,Film/rachelzachfilm-53.jpg,Film,rachelzachfilm-53.jpg,embedded_metadata,
Parker,Film/rachelzachfilm-54.jpg,Film,rachelzachfilm-54.jpg,embedded_metadata,
Jorie,Film/rachelzachfilm-55.jpg,Film,rachelzachfilm-55.jpg,embedded_metadata,
Parker,Film/rachelzachfilm-55.jpg,Film,rachelzachfilm-55.jpg,embedded_metadata,
Parker,Film/rachelzachfilm-56.jpg,Film,rachelzachfilm-56.jpg,embedded_metadata,
Parker,Film/rachelzachfilm-59.jpg,Film,rachelzachfilm-59.jpg,embedded_metadata,
Parker,Film/rachelzachfilm-61.jpg,Film,rachelzachfilm-61.jpg,embedded_metadata,
Stephanie Soskin,Film/rachelzachfilm-63.jpg,Film,rachelzachfilm-63.jpg,embedded_metadata,
Jake Lurie,Film/rachelzachfilm-64.jpg,Film,rachelzachfilm-64.jpg,embedded_metadata,
Abe Burton,Film/rachelzachfilm-65.jpg,Film,rachelzachfilm-65.jpg,embedded_metadata,
Zach Soskin,Film/rachelzachfilm-66.jpg,Film,rachelzachfilm-66.jpg,embedded_metadata,
Zach Soskin,Film/rachelzachfilm-67.jpg,Film,rachelzachfilm-67.jpg,embedded_metadata,
Rachel Casciano,Film/rachelzachfilm-68.jpg,Film,rachelzachfilm-68.jpg,correction_or_metadata,bride and groom by pool
Zach Soskin,Film/rachelzachfilm-68.jpg,Film,rachelzachfilm-68.jpg,correction_or_metadata,bride and groom by pool
Rachel Casciano,Film/rachelzachfilm-69.jpg,Film,rachelzachfilm-69.jpg,embedded_metadata,
Rachel Casciano,Film/rachelzachfilm-70.jpg,Film,rachelzachfilm-70.jpg,embedded_metadata,
Rachel Casciano,Film/rachelzachfilm-71.jpg,Film,rachelzachfilm-71.jpg,correction_or_metadata,bridal portrait crop
Rachel Casciano,Film/rachelzachfilm-72.jpg,Film,rachelzachfilm-72.jpg,embedded_metadata,
Rachel Casciano,Film/rachelzachfilm-73.jpg,Film,rachelzachfilm-73.jpg,embedded_metadata,
Rachel Casciano,Film/rachelzachfilm-74.jpg,Film,rachelzachfilm-74.jpg,embedded_metadata,
Rachel Casciano,Film/rachelzachfilm-75.jpg,Film,rachelzachfilm-75.jpg,embedded_metadata,
Rachel Casciano,Film/rachelzachfilm-76.jpg,Film,rachelzachfilm-76.jpg,embedded_metadata,
Zach Soskin,Film/rachelzachfilm-76.jpg,Film,rachelzachfilm-76.jpg,embedded_metadata,
Rachel Casciano,Film/rachelzachfilm-77.jpg,Film,rachelzachfilm-77.jpg,embedded_metadata,
Zach Soskin,Film/rachelzachfilm-77.jpg,Film,rachelzachfilm-77.jpg,embedded_metadata,
Rachel Casciano,Film/rachelzachfilm-78.jpg,Film,rachelzachfilm-78.jpg,embedded_metadata,
Zach Soskin,Film/rachelzachfilm-78.jpg,Film,rachelzachfilm-78.jpg,embedded_metadata,
Zach Soskin,Film/rachelzachfilm-79.jpg,Film,rachelzachfilm-79.jpg,embedded_metadata,
Rachel Casciano,Film/rachelzachfilm-80.jpg,Film,rachelzachfilm-80.jpg,embedded_metadata,
Zach Soskin,Film/rachelzachfilm-80.jpg,Film,rachelzachfilm-80.jpg,embedded_metadata,
Rachel Casciano,Film/rachelzachfilm-81.jpg,Film,rachelzachfilm-81.jpg,embedded_metadata,
Zach Soskin,Film/rachelzachfilm-81.jpg,Film,rachelzachfilm-81.jpg,embedded_metadata,
Rachel Casciano,Film/rachelzachfilm-82.jpg,Film,rachelzachfilm-82.jpg,embedded_metadata,
Zach Soskin,Film/rachelzachfilm-82.jpg,Film,rachelzachfilm-82.jpg,embedded_metadata,
Rachel Casciano,Film/rachelzachfilm-83.jpg,Film,rachelzachfilm-83.jpg,embedded_metadata,
Zach Soskin,Film/rachelzachfilm-83.jpg,Film,rachelzachfilm-83.jpg,embedded_metadata,
Rachel Casciano,Film/rachelzachfilm-84.jpg,Film,rachelzachfilm-84.jpg,embedded_metadata,
Zach Soskin,Film/rachelzachfilm-84.jpg,Film,rachelzachfilm-84.jpg,embedded_metadata,
Rachel Casciano,Film/rachelzachfilm-85.jpg,Film,rachelzachfilm-85.jpg,embedded_metadata,
Zach Soskin,Film/rachelzachfilm-85.jpg,Film,rachelzachfilm-85.jpg,embedded_metadata,
Rachel Casciano,Film/rachelzachfilm-86.jpg,Film,rachelzachfilm-86.jpg,embedded_metadata,
Zach Soskin,Film/rachelzachfilm-86.jpg,Film,rachelzachfilm-86.jpg,embedded_metadata,
Zach Soskin,Film/rachelzachfilm-87.jpg,Film,rachelzachfilm-87.jpg,embedded_metadata,
Rachel Casciano,Film/rachelzachfilm-88.jpg,Film,rachelzachfilm-88.jpg,embedded_metadata,
Zach Soskin,Film/rachelzachfilm-88.jpg,Film,rachelzachfilm-88.jpg,embedded_metadata,
Rachel Casciano,Film/rachelzachfilm-89.jpg,Film,rachelzachfilm-89.jpg,embedded_metadata,
Zach Soskin,Film/rachelzachfilm-89.jpg,Film,rachelzachfilm-89.jpg,embedded_metadata,
Rachel Casciano,Film/rachelzachfilm-90.jpg,Film,rachelzachfilm-90.jpg,embedded_metadata,
Zach Soskin,Film/rachelzachfilm-90.jpg,Film,rachelzachfilm-90.jpg,embedded_metadata,
Rachel Casciano,Film/rachelzachfilm-91.jpg,Film,rachelzachfilm-91.jpg,embedded_metadata,
Zach Soskin,Film/rachelzachfilm-91.jpg,Film,rachelzachfilm-91.jpg,embedded_metadata,
Rachel Casciano,Film/rachelzachfilm-92.jpg,Film,rachelzachfilm-92.jpg,embedded_metadata,
Zach Soskin,Film/rachelzachfilm-92.jpg,Film,rachelzachfilm-92.jpg,embedded_metadata,
Rachel Casciano,Film/rachelzachfilm-93.jpg,Film,rachelzachfilm-93.jpg,embedded_metadata,
Zach Soskin,Film/rachelzachfilm-93.jpg,Film,rachelzachfilm-93.jpg,embedded_metadata,
Rachel Casciano,Film/rachelzachfilm-94.jpg,Film,rachelzachfilm-94.jpg,embedded_metadata,
Zach Soskin,Film/rachelzachfilm-94.jpg,Film,rachelzachfilm-94.jpg,embedded_metadata,
Rachel Casciano,Film/rachelzachfilm-95.jpg,Film,rachelzachfilm-95.jpg,embedded_metadata,
Zach Soskin,Film/rachelzachfilm-95.jpg,Film,rachelzachfilm-95.jpg,embedded_metadata,
Rachel Casciano,Film/rachelzachfilm-96.jpg,Film,rachelzachfilm-96.jpg,correction_or_metadata,bride and groom kiss
Zach Soskin,Film/rachelzachfilm-96.jpg,Film,rachelzachfilm-96.jpg,correction_or_metadata,bride and groom kiss
Zach Soskin,Film/rachelzachfilm-97.jpg,Film,rachelzachfilm-97.jpg,embedded_metadata,
Rachel Casciano,Film/rachelzachfilm-100.jpg,Film,rachelzachfilm-100.jpg,correction_or_metadata,bridal portrait
Rachel Casciano,Film/rachelzachfilm-101.jpg,Film,rachelzachfilm-101.jpg,embedded_metadata,
David Post,Film/rachelzachfilm-109.jpg,Film,rachelzachfilm-109.jpg,embedded_metadata,
Adam Lynn,Film/rachelzachfilm-111.jpg,Film,rachelzachfilm-111.jpg,embedded_metadata,
Zach Soskin,Film/rachelzachfilm-119.jpg,Film,rachelzachfilm-119.jpg,embedded_metadata,
Zach Soskin,Film/rachelzachfilm-120.jpg,Film,rachelzachfilm-120.jpg,embedded_metadata,
Jorie,Film/rachelzachfilm-121.jpg,Film,rachelzachfilm-121.jpg,embedded_metadata,
Parker,Film/rachelzachfilm-121.jpg,Film,rachelzachfilm-121.jpg,embedded_metadata,
Riley,Film/rachelzachfilm-121.jpg,Film,rachelzachfilm-121.jpg,embedded_metadata,
Robbie,Film/rachelzachfilm-121.jpg,Film,rachelzachfilm-121.jpg,embedded_metadata,
Jorie,Film/rachelzachfilm-122.jpg,Film,rachelzachfilm-122.jpg,embedded_metadata,
Parker,Film/rachelzachfilm-122.jpg,Film,rachelzachfilm-122.jpg,embedded_metadata,
Riley,Film/rachelzachfilm-122.jpg,Film,rachelzachfilm-122.jpg,embedded_metadata,
Robbie,Film/rachelzachfilm-122.jpg,Film,rachelzachfilm-122.jpg,embedded_metadata,
Dan Casciano,Film/rachelzachfilm-123.jpg,Film,rachelzachfilm-123.jpg,embedded_metadata,
Melanie Casciano,Film/rachelzachfilm-123.jpg,Film,rachelzachfilm-123.jpg,embedded_metadata,
Rachel Casciano,Film/rachelzachfilm-123.jpg,Film,rachelzachfilm-123.jpg,embedded_metadata,
Dan Casciano,Film/rachelzachfilm-124.jpg,Film,rachelzachfilm-124.jpg,embedded_metadata,
Melanie Casciano,Film/rachelzachfilm-124.jpg,Film,rachelzachfilm-124.jpg,embedded_metadata,
Rachel Casciano,Film/rachelzachfilm-124.jpg,Film,rachelzachfilm-124.jpg,embedded_metadata,
Rachel Casciano,Film/rachelzachfilm-125.jpg,Film,rachelzachfilm-125.jpg,correction_or_metadata,distant ceremony couple
Zach Soskin,Film/rachelzachfilm-125.jpg,Film,rachelzachfilm-125.jpg,correction_or_metadata,distant ceremony couple
Rachel Casciano,Film/rachelzachfilm-126.jpg,Film,rachelzachfilm-126.jpg,correction_or_metadata,distant ceremony couple
Zach Soskin,Film/rachelzachfilm-126.jpg,Film,rachelzachfilm-126.jpg,correction_or_metadata,distant ceremony couple
Rachel Casciano,Film/rachelzachfilm-127.jpg,Film,rachelzachfilm-127.jpg,correction_or_metadata,bride and groom ceremony
Zach Soskin,Film/rachelzachfilm-127.jpg,Film,rachelzachfilm-127.jpg,correction_or_metadata,bride and groom ceremony
Rachel Casciano,Film/rachelzachfilm-128.jpg,Film,rachelzachfilm-128.jpg,correction_or_metadata,bride and groom ceremony
Zach Soskin,Film/rachelzachfilm-128.jpg,Film,rachelzachfilm-128.jpg,correction_or_metadata,bride and groom ceremony
J Til,Film/rachelzachfilm-129.jpg,Film,rachelzachfilm-129.jpg,embedded_metadata,
Jake Lurie,Film/rachelzachfilm-129.jpg,Film,rachelzachfilm-129.jpg,embedded_metadata,
Jeffry Lurie,Film/rachelzachfilm-129.jpg,Film,rachelzachfilm-129.jpg,embedded_metadata,
Jorie,Film/rachelzachfilm-129.jpg,Film,rachelzachfilm-129.jpg,embedded_metadata,
Keagen,Film/rachelzachfilm-129.jpg,Film,rachelzachfilm-129.jpg,embedded_metadata,
Patti,Film/rachelzachfilm-129.jpg,Film,rachelzachfilm-129.jpg,embedded_metadata,
Robbie,Film/rachelzachfilm-129.jpg,Film,rachelzachfilm-129.jpg,embedded_metadata,
Ronald Harris,Film/rachelzachfilm-129.jpg,Film,rachelzachfilm-129.jpg,embedded_metadata,
Tim J,Film/rachelzachfilm-129.jpg,Film,rachelzachfilm-129.jpg,embedded_metadata,
Chad Slomovitz,Film/rachelzachfilm-130.jpg,Film,rachelzachfilm-130.jpg,embedded_metadata,
J Til,Film/rachelzachfilm-130.jpg,Film,rachelzachfilm-130.jpg,embedded_metadata,
Jake Lurie,Film/rachelzachfilm-130.jpg,Film,rachelzachfilm-130.jpg,embedded_metadata,
Jorie,Film/rachelzachfilm-130.jpg,Film,rachelzachfilm-130.jpg,embedded_metadata,
Parker,Film/rachelzachfilm-130.jpg,Film,rachelzachfilm-130.jpg,embedded_metadata,
Patti,Film/rachelzachfilm-130.jpg,Film,rachelzachfilm-130.jpg,embedded_metadata,
Robbie,Film/rachelzachfilm-130.jpg,Film,rachelzachfilm-130.jpg,embedded_metadata,
Ronald Harris,Film/rachelzachfilm-130.jpg,Film,rachelzachfilm-130.jpg,embedded_metadata,
Tim J,Film/rachelzachfilm-130.jpg,Film,rachelzachfilm-130.jpg,embedded_metadata,
Zach Soskin,Film/rachelzachfilm-130.jpg,Film,rachelzachfilm-130.jpg,embedded_metadata,
Chad Slomovitz,Film/rachelzachfilm-132.jpg,Film,rachelzachfilm-132.jpg,embedded_metadata,
Ronald Harris,Film/rachelzachfilm-132.jpg,Film,rachelzachfilm-132.jpg,embedded_metadata,
Keagen,Film/rachelzachfilm-133.jpg,Film,rachelzachfilm-133.jpg,embedded_metadata,
Tim J,Film/rachelzachfilm-133.jpg,Film,rachelzachfilm-133.jpg,embedded_metadata,
Zach Soskin,Film/rachelzachfilm-133.jpg,Film,rachelzachfilm-133.jpg,embedded_metadata,
Keagen,Film/rachelzachfilm-134.jpg,Film,rachelzachfilm-134.jpg,embedded_metadata,
Tim J,Film/rachelzachfilm-134.jpg,Film,rachelzachfilm-134.jpg,embedded_metadata,
Zach Soskin,Film/rachelzachfilm-134.jpg,Film,rachelzachfilm-134.jpg,embedded_metadata,
Phil C,Film/rachelzachfilm-136.jpg,Film,rachelzachfilm-136.jpg,embedded_metadata,
Rachel Casciano,Film/rachelzachfilm-136.jpg,Film,rachelzachfilm-136.jpg,embedded_metadata,
Zach Soskin,Film/rachelzachfilm-136.jpg,Film,rachelzachfilm-136.jpg,embedded_metadata,
Phil C,Film/rachelzachfilm-137.jpg,Film,rachelzachfilm-137.jpg,embedded_metadata,
Rachel Casciano,Film/rachelzachfilm-137.jpg,Film,rachelzachfilm-137.jpg,embedded_metadata,
Zach Soskin,Film/rachelzachfilm-137.jpg,Film,rachelzachfilm-137.jpg,embedded_metadata,
Phil C,Film/rachelzachfilm-138.jpg,Film,rachelzachfilm-138.jpg,embedded_metadata,
Rachel Casciano,Film/rachelzachfilm-138.jpg,Film,rachelzachfilm-138.jpg,embedded_metadata,
Zach Soskin,Film/rachelzachfilm-138.jpg,Film,rachelzachfilm-138.jpg,embedded_metadata,
Rachel Casciano,Film/rachelzachfilm-139.jpg,Film,rachelzachfilm-139.jpg,embedded_metadata,
Zach Soskin,Film/rachelzachfilm-139.jpg,Film,rachelzachfilm-139.jpg,embedded_metadata,
Phil C,Film/rachelzachfilm-140.jpg,Film,rachelzachfilm-140.jpg,embedded_metadata,
Rachel Casciano,Film/rachelzachfilm-140.jpg,Film,rachelzachfilm-140.jpg,embedded_metadata,
Zach Soskin,Film/rachelzachfilm-140.jpg,Film,rachelzachfilm-140.jpg,embedded_metadata,
Phil C,Film/rachelzachfilm-141.jpg,Film,rachelzachfilm-141.jpg,embedded_metadata,
Zach Soskin,Film/rachelzachfilm-141.jpg,Film,rachelzachfilm-141.jpg,embedded_metadata,
Phil C,Film/rachelzachfilm-142.jpg,Film,rachelzachfilm-142.jpg,embedded_metadata,
Zach Soskin,Film/rachelzachfilm-142.jpg,Film,rachelzachfilm-142.jpg,embedded_metadata,
Phil C,Film/rachelzachfilm-143.jpg,Film,rachelzachfilm-143.jpg,embedded_metadata,
Zach Soskin,Film/rachelzachfilm-143.jpg,Film,rachelzachfilm-143.jpg,embedded_metadata,
Phil C,Film/rachelzachfilm-144.jpg,Film,rachelzachfilm-144.jpg,embedded_metadata,
Rachel Casciano,Film/rachelzachfilm-144.jpg,Film,rachelzachfilm-144.jpg,embedded_metadata,
Zach Soskin,Film/rachelzachfilm-144.jpg,Film,rachelzachfilm-144.jpg,embedded_metadata,
Phil C,Film/rachelzachfilm-145.jpg,Film,rachelzachfilm-145.jpg,embedded_metadata,
Rachel Casciano,Film/rachelzachfilm-145.jpg,Film,rachelzachfilm-145.jpg,embedded_metadata,
Zach Soskin,Film/rachelzachfilm-145.jpg,Film,rachelzachfilm-145.jpg,embedded_metadata,
Phil C,Film/rachelzachfilm-146.jpg,Film,rachelzachfilm-146.jpg,embedded_metadata,
Rachel Casciano,Film/rachelzachfilm-147.jpg,Film,rachelzachfilm-147.jpg,correction_or_metadata,bride from side
Dan Casciano,Film/rachelzachfilm-148.jpg,Film,rachelzachfilm-148.jpg,embedded_metadata,
Dan Casciano,Film/rachelzachfilm-149.jpg,Film,rachelzachfilm-149.jpg,embedded_metadata,
Sally,Film/rachelzachfilm-149.jpg,Film,rachelzachfilm-149.jpg,embedded_metadata,
Patti,Film/rachelzachfilm-150.jpg,Film,rachelzachfilm-150.jpg,embedded_metadata,
Robbie,Film/rachelzachfilm-150.jpg,Film,rachelzachfilm-150.jpg,embedded_metadata,
Ronald Harris,Film/rachelzachfilm-150.jpg,Film,rachelzachfilm-150.jpg,embedded_metadata,
Zach Soskin,Film/rachelzachfilm-150.jpg,Film,rachelzachfilm-150.jpg,embedded_metadata,
Patti,Film/rachelzachfilm-151.jpg,Film,rachelzachfilm-151.jpg,embedded_metadata,
Robbie,Film/rachelzachfilm-151.jpg,Film,rachelzachfilm-151.jpg,embedded_metadata,
Ronald Harris,Film/rachelzachfilm-151.jpg,Film,rachelzachfilm-151.jpg,embedded_metadata,
Zach Soskin,Film/rachelzachfilm-151.jpg,Film,rachelzachfilm-151.jpg,embedded_metadata,
Rachel Casciano,Film/rachelzachfilm-152.jpg,Film,rachelzachfilm-152.jpg,correction_or_metadata,bride and groom ceremony
Zach Soskin,Film/rachelzachfilm-152.jpg,Film,rachelzachfilm-152.jpg,correction_or_metadata,bride and groom ceremony
Phil C,Film/rachelzachfilm-153.jpg,Film,rachelzachfilm-153.jpg,embedded_metadata,
Maddie Slomovitz,Film/rachelzachfilm-154.jpg,Film,rachelzachfilm-154.jpg,embedded_metadata,
Melanie Casciano,Film/rachelzachfilm-154.jpg,Film,rachelzachfilm-154.jpg,embedded_metadata,
Rachel Casciano,Film/rachelzachfilm-155.jpg,Film,rachelzachfilm-155.jpg,correction_or_metadata,couple portrait
Zach Soskin,Film/rachelzachfilm-155.jpg,Film,rachelzachfilm-155.jpg,correction_or_metadata,couple portrait
Charlie Weisman,Film/rachelzachfilm-156.jpg,Film,rachelzachfilm-156.jpg,embedded_metadata,
Jorie,Film/rachelzachfilm-158.jpg,Film,rachelzachfilm-158.jpg,embedded_metadata,
Parker,Film/rachelzachfilm-158.jpg,Film,rachelzachfilm-158.jpg,embedded_metadata,
Stephanie Soskin,Film/rachelzachfilm-158.jpg,Film,rachelzachfilm-158.jpg,embedded_metadata,
Jeremy Burton Burton,Film/rachelzachfilm-162.jpg,Film,rachelzachfilm-162.jpg,embedded_metadata,
Phil Quist,Film/rachelzachfilm-163.jpg,Film,rachelzachfilm-163.jpg,embedded_metadata,
JUELS,Film/rachelzachfilm-167.jpg,Film,rachelzachfilm-167.jpg,embedded_metadata,
Spencer Soltman,Film/rachelzachfilm-167.jpg,Film,rachelzachfilm-167.jpg,embedded_metadata,
Nate O,Film/rachelzachfilm-169.jpg,Film,rachelzachfilm-169.jpg,embedded_metadata,
Ellie Soskin,Film/rachelzachfilm-171.jpg,Film,rachelzachfilm-171.jpg,embedded_metadata,
Daniel Shin,Film/rachelzachfilm-174.jpg,Film,rachelzachfilm-174.jpg,embedded_metadata,
Matt,Film/rachelzachfilm-179.jpg,Film,rachelzachfilm-179.jpg,embedded_metadata,
Zach Soskin,Film/rachelzachfilm-196.jpg,Film,rachelzachfilm-196.jpg,embedded_metadata,
Rachel Casciano,Film/rachelzachfilm-197.jpg,Film,rachelzachfilm-197.jpg,correction_or_metadata,first dance couple
Zach Soskin,Film/rachelzachfilm-197.jpg,Film,rachelzachfilm-197.jpg,correction_or_metadata,first dance couple
Rachel Casciano,Film/rachelzachfilm-198.jpg,Film,rachelzachfilm-198.jpg,correction_or_metadata,first dance couple
Zach Soskin,Film/rachelzachfilm-198.jpg,Film,rachelzachfilm-198.jpg,correction_or_metadata,first dance couple
Zach Soskin,Film/rachelzachfilm-199.jpg,Film,rachelzachfilm-199.jpg,embedded_metadata,
Zach Soskin,Film/rachelzachfilm-200.jpg,Film,rachelzachfilm-200.jpg,embedded_metadata,
Rachel Casciano,Film/rachelzachfilm-201.jpg,Film,rachelzachfilm-201.jpg,correction_or_metadata,couple from behind
Zach Soskin,Film/rachelzachfilm-201.jpg,Film,rachelzachfilm-201.jpg,correction_or_metadata,couple from behind
Zach Soskin,Film/rachelzachfilm-202.jpg,Film,rachelzachfilm-202.jpg,embedded_metadata,
Rachel Casciano,Film/rachelzachfilm-203.jpg,Film,rachelzachfilm-203.jpg,correction_or_metadata,first dance couple
Zach Soskin,Film/rachelzachfilm-203.jpg,Film,rachelzachfilm-203.jpg,correction_or_metadata,first dance couple
Zach Soskin,Film/rachelzachfilm-204.jpg,Film,rachelzachfilm-204.jpg,embedded_metadata,
Zach Soskin,Film/rachelzachfilm-205.jpg,Film,rachelzachfilm-205.jpg,embedded_metadata,
Rachel Casciano,Film/rachelzachfilm-206.jpg,Film,rachelzachfilm-206.jpg,embedded_metadata,
Zach Soskin,Film/rachelzachfilm-206.jpg,Film,rachelzachfilm-206.jpg,embedded_metadata,
Rachel Casciano,Film/rachelzachfilm-207.jpg,Film,rachelzachfilm-207.jpg,correction_or_metadata,first dance couple
Zach Soskin,Film/rachelzachfilm-207.jpg,Film,rachelzachfilm-207.jpg,correction_or_metadata,first dance couple
Zach Soskin,Film/rachelzachfilm-208.jpg,Film,rachelzachfilm-208.jpg,embedded_metadata,
Zach Soskin,Film/rachelzachfilm-209.jpg,Film,rachelzachfilm-209.jpg,embedded_metadata,
Rachel Casciano,Film/rachelzachfilm-210.jpg,Film,rachelzachfilm-210.jpg,correction_or_metadata,first dance couple
Zach Soskin,Film/rachelzachfilm-210.jpg,Film,rachelzachfilm-210.jpg,correction_or_metadata,first dance couple
Rachel Casciano,Film/rachelzachfilm-211.jpg,Film,rachelzachfilm-211.jpg,embedded_metadata,
Zach Soskin,Film/rachelzachfilm-211.jpg,Film,rachelzachfilm-211.jpg,embedded_metadata,
Rachel Casciano,Film/rachelzachfilm-212.jpg,Film,rachelzachfilm-212.jpg,correction_or_metadata,couple dancing
Zach Soskin,Film/rachelzachfilm-212.jpg,Film,rachelzachfilm-212.jpg,correction_or_metadata,couple dancing
Rachel Casciano,Film/rachelzachfilm-213.jpg,Film,rachelzachfilm-213.jpg,correction_or_metadata,couple dancing
Zach Soskin,Film/rachelzachfilm-213.jpg,Film,rachelzachfilm-213.jpg,correction_or_metadata,couple dancing
Rachel Casciano,Film/rachelzachfilm-214.jpg,Film,rachelzachfilm-214.jpg,embedded_metadata,
Rachel Casciano,Film/rachelzachfilm-215.jpg,Film,rachelzachfilm-215.jpg,embedded_metadata,
Cogan,Film/rachelzachfilm-218.jpg,Film,rachelzachfilm-218.jpg,embedded_metadata,
Nick Pugs,Film/rachelzachfilm-218.jpg,Film,rachelzachfilm-218.jpg,embedded_metadata,
Rachel Casciano,Film/rachelzachfilm-220.jpg,Film,rachelzachfilm-220.jpg,correction_or_metadata,couple portrait
Zach Soskin,Film/rachelzachfilm-220.jpg,Film,rachelzachfilm-220.jpg,correction_or_metadata,couple portrait
Rachel Casciano,Film/rachelzachfilm-221.jpg,Film,rachelzachfilm-221.jpg,embedded_metadata,
Zach Soskin,Film/rachelzachfilm-221.jpg,Film,rachelzachfilm-221.jpg,embedded_metadata,
Rachel Casciano,Film/rachelzachfilm-222.jpg,Film,rachelzachfilm-222.jpg,correction_or_metadata,couple portrait
Zach Soskin,Film/rachelzachfilm-222.jpg,Film,rachelzachfilm-222.jpg,correction_or_metadata,couple portrait
Rachel Casciano,Film/rachelzachfilm-223.jpg,Film,rachelzachfilm-223.jpg,correction_or_metadata,couple portrait
Zach Soskin,Film/rachelzachfilm-223.jpg,Film,rachelzachfilm-223.jpg,correction_or_metadata,couple portrait
Rachel Casciano,Film/rachelzachfilm-224.jpg,Film,rachelzachfilm-224.jpg,correction_or_metadata,couple from behind
Zach Soskin,Film/rachelzachfilm-224.jpg,Film,rachelzachfilm-224.jpg,correction_or_metadata,couple from behind
Rachel Casciano,Film/rachelzachfilm-225.jpg,Film,rachelzachfilm-225.jpg,embedded_metadata,
Rachel Casciano,Film/rachelzachfilm-226.jpg,Film,rachelzachfilm-226.jpg,correction_or_metadata,couple portrait
Zach Soskin,Film/rachelzachfilm-226.jpg,Film,rachelzachfilm-226.jpg,correction_or_metadata,couple portrait
Rachel Casciano,Film/rachelzachfilm-227.jpg,Film,rachelzachfilm-227.jpg,embedded_metadata,
Rachel Casciano,Film/rachelzachfilm-228.jpg,Film,rachelzachfilm-228.jpg,correction_or_metadata,couple portrait
Zach Soskin,Film/rachelzachfilm-228.jpg,Film,rachelzachfilm-228.jpg,correction_or_metadata,couple portrait
Patti,Film/rachelzachfilm-231.jpg,Film,rachelzachfilm-231.jpg,embedded_metadata,
Frankie B,Film/rachelzachfilm-232.jpg,Film,rachelzachfilm-232.jpg,embedded_metadata,
Lauren Lurie,Film/rachelzachfilm-232.jpg,Film,rachelzachfilm-232.jpg,embedded_metadata,
Phil Becker,Film/rachelzachfilm-232.jpg,Film,rachelzachfilm-232.jpg,embedded_metadata,
Rachel Casciano,Film/rachelzachfilm-233.jpg,Film,rachelzachfilm-233.jpg,embedded_metadata,
Riley,Film/rachelzachfilm-233.jpg,Film,rachelzachfilm-233.jpg,embedded_metadata,
Rachel Casciano,Film/rachelzachfilm-234.jpg,Film,rachelzachfilm-234.jpg,embedded_metadata,
Dan Casciano,Film/rachelzachfilm-235.jpg,Film,rachelzachfilm-235.jpg,embedded_metadata,
Melanie Casciano,Film/rachelzachfilm-235.jpg,Film,rachelzachfilm-235.jpg,embedded_metadata,
Dan Casciano,Film/rachelzachfilm-236.jpg,Film,rachelzachfilm-236.jpg,embedded_metadata,
Melanie Casciano,Film/rachelzachfilm-236.jpg,Film,rachelzachfilm-236.jpg,embedded_metadata,
Rachel Casciano,Film/rachelzachfilm-237.jpg,Film,rachelzachfilm-237.jpg,embedded_metadata,
Zach Soskin,Film/rachelzachfilm-237.jpg,Film,rachelzachfilm-237.jpg,embedded_metadata,
Rachel Casciano,Film/rachelzachfilm-238.jpg,Film,rachelzachfilm-238.jpg,embedded_metadata,
Zach Soskin,Film/rachelzachfilm-238.jpg,Film,rachelzachfilm-238.jpg,embedded_metadata,
Dan Casciano,Film/rachelzachfilm-239.jpg,Film,rachelzachfilm-239.jpg,embedded_metadata,
Melanie Casciano,Film/rachelzachfilm-239.jpg,Film,rachelzachfilm-239.jpg,embedded_metadata,
Rachel Casciano,Film/rachelzachfilm-240.jpg,Film,rachelzachfilm-240.jpg,embedded_metadata,
Trelawny,Film/rachelzachfilm-240.jpg,Film,rachelzachfilm-240.jpg,embedded_metadata,
Zach Soskin,Film/rachelzachfilm-242.jpg,Film,rachelzachfilm-242.jpg,embedded_metadata,
Rachel Casciano,Film/rachelzachfilm-246.jpg,Film,rachelzachfilm-246.jpg,embedded_metadata,
Rachel Casciano,Film/rachelzachfilm-247.jpg,Film,rachelzachfilm-247.jpg,embedded_metadata,
Zach Soskin,Film/rachelzachfilm-247.jpg,Film,rachelzachfilm-247.jpg,embedded_metadata,
Rachel Casciano,Film/rachelzachfilm-248.jpg,Film,rachelzachfilm-248.jpg,embedded_metadata,
Zach Soskin,Film/rachelzachfilm-248.jpg,Film,rachelzachfilm-248.jpg,embedded_metadata,
Rachel Casciano,Film/rachelzachfilm.jpg,Film,rachelzachfilm.jpg,correction_or_metadata,couple portrait
Zach Soskin,Film/rachelzachfilm.jpg,Film,rachelzachfilm.jpg,correction_or_metadata,couple portrait
