path,event,filename,people,status,correction_action,notes
Day 1/rachelzachday1.jpg,Day 1,rachelzachday1.jpg,,reviewed_no_person,ignore,empty lounge detail
Day 1/rachelzachday1-2.jpg,Day 1,rachelzachday1-2.jpg,,reviewed_no_person,ignore,floral detail
Day 1/rachelzachday1-3.jpg,Day 1,rachelzachday1-3.jpg,,reviewed_no_person,ignore,floral detail
Day 1/rachelzachday1-4.jpg,Day 1,rachelzachday1-4.jpg,,reviewed_no_person,ignore,floral detail
Day 1/rachelzachday1-5.jpg,Day 1,rachelzachday1-5.jpg,,reviewed_no_person,ignore,floral detail
Day 1/rachelzachday1-6.jpg,Day 1,rachelzachday1-6.jpg,,reviewed_no_person,ignore,landscape no people
Day 1/rachelzachday1-7.jpg,Day 1,rachelzachday1-7.jpg,,reviewed_no_person,ignore,venue exterior
Day 1/rachelzachday1-8.jpg,Day 1,rachelzachday1-8.jpg,,reviewed_no_person,ignore,venue exterior
Day 1/rachelzachday1-9.jpg,Day 1,rachelzachday1-9.jpg,Kaitlin Burns; Kayla; Kelsey Meyers; Lauren Bond; Maddie Slomovitz; Rachel Casciano; Sally; Stephanie Soskin; Tara; Trelawny,confirmed_people,,
Day 1/rachelzachday1-10.jpg,Day 1,rachelzachday1-10.jpg,Kaitlin Burns; Kelsey Meyers; Rachel Casciano; Stephanie Soskin,confirmed_people,,
Day 1/rachelzachday1-11.jpg,Day 1,rachelzachday1-11.jpg,Kaitlin Burns; Kayla; Kelsey Meyers; Maddie Slomovitz; Rachel Casciano,confirmed_people,,
Day 1/rachelzachday1-12.jpg,Day 1,rachelzachday1-12.jpg,Kayla; Kelsey Meyers; Maddie Slomovitz; Rachel Casciano,confirmed_people,,
Day 1/rachelzachday1-13.jpg,Day 1,rachelzachday1-13.jpg,Adam Stillman; Chad Slomovitz; J Til; Jake Lurie; Jeffry Lurie; Jorie; Keagen; Phil C; Tim J; Zach Soskin,confirmed_people,,
Day 1/rachelzachday1-14.jpg,Day 1,rachelzachday1-14.jpg,Adam Stillman; Chad Slomovitz; J Til; Jake Lurie; Jeffry Lurie; Keagen; Phil C; Tim J; Zach Soskin,confirmed_people,,
Day 1/rachelzachday1-15.jpg,Day 1,rachelzachday1-15.jpg,Parker,confirmed_people,,
Day 1/rachelzachday1-16.jpg,Day 1,rachelzachday1-16.jpg,Adam Stillman; Chad Slomovitz; Dan Casciano; J Til; Jake Lurie; Jeffry Lurie; Jorie; Keagen; Parker; Phil C; Riley; Robbie; Tim J; Zach Soskin,confirmed_people,,
Day 1/rachelzachday1-17.jpg,Day 1,rachelzachday1-17.jpg,Adam Stillman; Chad Slomovitz; Dan Casciano; J Til; Jake Lurie; Jeffry Lurie; Jorie; Keagen; Parker; Phil C; Robbie; Tim J; Zach Soskin,confirmed_people,,
Day 1/rachelzachday1-18.jpg,Day 1,rachelzachday1-18.jpg,Chad Slomovitz; Jorie; Maddie Slomovitz; Parker; Patti; Rachel Casciano; Robbie; Stephanie Soskin; Zach Soskin,confirmed_people,,
Day 1/rachelzachday1-19.jpg,Day 1,rachelzachday1-19.jpg,Chad Slomovitz; Jorie; Maddie Slomovitz; Parker; Patti; Rachel Casciano; Riley; Robbie; Stephanie Soskin; Zach Soskin,confirmed_people,,
Day 1/rachelzachday1-20.jpg,Day 1,rachelzachday1-20.jpg,Dan Casciano; Melanie Casciano; Patti; Rachel Casciano; Robbie; Zach Soskin,confirmed_people,,
Day 1/rachelzachday1-21.jpg,Day 1,rachelzachday1-21.jpg,Dan Casciano; Melanie Casciano; Patti; Rachel Casciano; Robbie; Zach Soskin,confirmed_people,,
Day 1/rachelzachday1-22.jpg,Day 1,rachelzachday1-22.jpg,Dan Casciano; Melanie Casciano; Rachel Casciano; Zach Soskin,confirmed_people,,
Day 1/rachelzachday1-23.jpg,Day 1,rachelzachday1-23.jpg,Patti; Rachel Casciano; Robbie; Zach Soskin,confirmed_people,,
Day 1/rachelzachday1-24.jpg,Day 1,rachelzachday1-24.jpg,Chad Slomovitz; Jorie; Maddie Slomovitz; Rachel Casciano; Stephanie Soskin; Zach Soskin,confirmed_people,,
Day 1/rachelzachday1-25.jpg,Day 1,rachelzachday1-25.jpg,Zach Soskin,confirmed_people,,
Day 1/rachelzachday1-26.jpg,Day 1,rachelzachday1-26.jpg,Zach Soskin,confirmed_people,,
Day 1/rachelzachday1-27.jpg,Day 1,rachelzachday1-27.jpg,Zach Soskin,confirmed_people,,
Day 1/rachelzachday1-28.jpg,Day 1,rachelzachday1-28.jpg,Rachel Casciano; Zach Soskin,corrected_people,replace,bride and groom portrait
Day 1/rachelzachday1-29.jpg,Day 1,rachelzachday1-29.jpg,Zach Soskin,confirmed_people,,
Day 1/rachelzachday1-30.jpg,Day 1,rachelzachday1-30.jpg,Zach Soskin,confirmed_people,,
Day 1/rachelzachday1-31.jpg,Day 1,rachelzachday1-31.jpg,Rachel Casciano; Zach Soskin,corrected_people,replace,bride and groom portrait
Day 1/rachelzachday1-32.jpg,Day 1,rachelzachday1-32.jpg,Rachel Casciano; Zach Soskin,confirmed_people,,
Day 1/rachelzachday1-33.jpg,Day 1,rachelzachday1-33.jpg,Rachel Casciano,confirmed_people,,
Day 1/rachelzachday1-34.jpg,Day 1,rachelzachday1-34.jpg,Rachel Casciano; Zach Soskin,confirmed_people,,
Day 1/rachelzachday1-35.jpg,Day 1,rachelzachday1-35.jpg,Rachel Casciano; Zach Soskin,corrected_people,replace,bride and groom portrait
Day 1/rachelzachday1-36.jpg,Day 1,rachelzachday1-36.jpg,Zach Soskin,confirmed_people,,
Day 1/rachelzachday1-37.jpg,Day 1,rachelzachday1-37.jpg,Rachel Casciano; Zach Soskin,confirmed_people,,
Day 1/rachelzachday1-38.jpg,Day 1,rachelzachday1-38.jpg,Rachel Casciano; Zach Soskin,confirmed_people,,
Day 1/rachelzachday1-39.jpg,Day 1,rachelzachday1-39.jpg,Rachel Casciano; Zach Soskin,confirmed_people,,
Day 1/rachelzachday1-40.jpg,Day 1,rachelzachday1-40.jpg,Rachel Casciano; Zach Soskin,confirmed_people,,
Day 1/rachelzachday1-41.jpg,Day 1,rachelzachday1-41.jpg,Zach Soskin,confirmed_people,,
Day 1/rachelzachday1-42.jpg,Day 1,rachelzachday1-42.jpg,Rachel Casciano; Zach Soskin,confirmed_people,,
Day 1/rachelzachday1-43.jpg,Day 1,rachelzachday1-43.jpg,Rachel Casciano; Zach Soskin,confirmed_people,,
Day 1/rachelzachday1-44.jpg,Day 1,rachelzachday1-44.jpg,,reviewed_no_person,ignore,cropped couple detail
Day 1/rachelzachday1-45.jpg,Day 1,rachelzachday1-45.jpg,Zach Soskin,confirmed_people,,
Day 1/rachelzachday1-46.jpg,Day 1,rachelzachday1-46.jpg,Rachel Casciano; Zach Soskin,corrected_people,replace,bride and groom portrait
Day 1/rachelzachday1-47.jpg,Day 1,rachelzachday1-47.jpg,Rachel Casciano; Zach Soskin,corrected_people,replace,bride and groom from behind
Day 1/rachelzachday1-48.jpg,Day 1,rachelzachday1-48.jpg,Rachel Casciano; Tyler; Zach Soskin,confirmed_people,,
Day 1/rachelzachday1-49.jpg,Day 1,rachelzachday1-49.jpg,Adam Stillman; Maddie Channess; Maddie Slomovitz,confirmed_people,,
Day 1/rachelzachday1-50.jpg,Day 1,rachelzachday1-50.jpg,Ronald Harris; Zach Soskin,confirmed_people,,
Day 1/rachelzachday1-51.jpg,Day 1,rachelzachday1-51.jpg,Jake Lurie; Lauren Lurie; Nancy Lurie; Todd Lurie,confirmed_people,,
Day 1/rachelzachday1-52.jpg,Day 1,rachelzachday1-52.jpg,Jake Lurie; Jeffry Lurie; Lauren Lurie; Maddie Channess; Nancy Lurie; Todd Lurie,confirmed_people,,
Day 1/rachelzachday1-53.jpg,Day 1,rachelzachday1-53.jpg,,unconfirmed,,
Day 1/rachelzachday1-54.jpg,Day 1,rachelzachday1-54.jpg,Ivan Licon; J Til,confirmed_people,,
Day 1/rachelzachday1-55.jpg,Day 1,rachelzachday1-55.jpg,Tara,confirmed_people,,
Day 1/rachelzachday1-56.jpg,Day 1,rachelzachday1-56.jpg,,reviewed_no_person,ignore,floral signage detail
Day 1/rachelzachday1-57.jpg,Day 1,rachelzachday1-57.jpg,,reviewed_no_person,ignore,floral signage detail
Day 1/rachelzachday1-58.jpg,Day 1,rachelzachday1-58.jpg,,reviewed_no_person,ignore,server detail no face
Day 1/rachelzachday1-59.jpg,Day 1,rachelzachday1-59.jpg,,unconfirmed,,
Day 1/rachelzachday1-60.jpg,Day 1,rachelzachday1-60.jpg,Ronald Harris,confirmed_people,,
Day 1/rachelzachday1-61.jpg,Day 1,rachelzachday1-61.jpg,Bob P,corrected_people,replace,manual visual match against Bob P reference crops
Day 1/rachelzachday1-62.jpg,Day 1,rachelzachday1-62.jpg,Rachel Casciano,confirmed_people,,
Day 1/rachelzachday1-63.jpg,Day 1,rachelzachday1-63.jpg,,reviewed_no_person,ignore,landscape no people
Day 1/rachelzachday1-64.jpg,Day 1,rachelzachday1-64.jpg,Rachel Casciano,confirmed_people,,
Day 1/rachelzachday1-65.jpg,Day 1,rachelzachday1-65.jpg,,reviewed_no_person,ignore,cropped lower bodies
Day 1/rachelzachday1-66.jpg,Day 1,rachelzachday1-66.jpg,JUELS,confirmed_people,,
Day 1/rachelzachday1-67.jpg,Day 1,rachelzachday1-67.jpg,Parker,confirmed_people,,
Day 1/rachelzachday1-68.jpg,Day 1,rachelzachday1-68.jpg,Cogan,confirmed_people,,
Day 1/rachelzachday1-69.jpg,Day 1,rachelzachday1-69.jpg,Cogan,confirmed_people,,
Day 1/rachelzachday1-70.jpg,Day 1,rachelzachday1-70.jpg,Aly Gilboa,confirmed_people,,
Day 1/rachelzachday1-71.jpg,Day 1,rachelzachday1-71.jpg,,unconfirmed,,
Day 1/rachelzachday1-72.jpg,Day 1,rachelzachday1-72.jpg,Bryant,confirmed_people,,
Day 1/rachelzachday1-73.jpg,Day 1,rachelzachday1-73.jpg,ASHLEY,confirmed_people,,
Day 1/rachelzachday1-74.jpg,Day 1,rachelzachday1-74.jpg,Alyssa Scott,confirmed_people,,
Day 1/rachelzachday1-75.jpg,Day 1,rachelzachday1-75.jpg,Frankie B,confirmed_people,,
Day 1/rachelzachday1-76.jpg,Day 1,rachelzachday1-76.jpg,Jorie,confirmed_people,,
Day 1/rachelzachday1-77.jpg,Day 1,rachelzachday1-77.jpg,Lauren Lurie,confirmed_people,,
Day 1/rachelzachday1-78.jpg,Day 1,rachelzachday1-78.jpg,,reviewed_no_person,ignore,floral detail
Day 1/rachelzachday1-79.jpg,Day 1,rachelzachday1-79.jpg,Adi; Jake Lurie; Jeffry Lurie; Lauren Lurie; Maddie Channess; Morgan,confirmed_people,,
Day 1/rachelzachday1-80.jpg,Day 1,rachelzachday1-80.jpg,,reviewed_no_person,ignore,floral detail
Day 1/rachelzachday1-81.jpg,Day 1,rachelzachday1-81.jpg,,reviewed_no_person,ignore,drink tray detail
Day 1/rachelzachday1-82.jpg,Day 1,rachelzachday1-82.jpg,,unconfirmed,,
Day 1/rachelzachday1-83.jpg,Day 1,rachelzachday1-83.jpg,Adam Brown,confirmed_people,,
Day 1/rachelzachday1-84.jpg,Day 1,rachelzachday1-84.jpg,Rush,confirmed_people,,
Day 1/rachelzachday1-85.jpg,Day 1,rachelzachday1-85.jpg,,unconfirmed,,
Day 1/rachelzachday1-86.jpg,Day 1,rachelzachday1-86.jpg,,unconfirmed,,
Day 1/rachelzachday1-87.jpg,Day 1,rachelzachday1-87.jpg,Allan C; SANDRA,confirmed_people,,
Day 1/rachelzachday1-88.jpg,Day 1,rachelzachday1-88.jpg,J Til; Sean Morse; Spencer Soltman; Steve M,confirmed_people,,
Day 1/rachelzachday1-89.jpg,Day 1,rachelzachday1-89.jpg,David Post,confirmed_people,,
Day 1/rachelzachday1-90.jpg,Day 1,rachelzachday1-90.jpg,Sally,confirmed_people,,
Day 1/rachelzachday1-91.jpg,Day 1,rachelzachday1-91.jpg,,unconfirmed,,
Day 1/rachelzachday1-92.jpg,Day 1,rachelzachday1-92.jpg,,unconfirmed,,
Day 1/rachelzachday1-93.jpg,Day 1,rachelzachday1-93.jpg,Parker,confirmed_people,,
Day 1/rachelzachday1-94.jpg,Day 1,rachelzachday1-94.jpg,,reviewed_no_person,ignore,food tray detail
Day 1/rachelzachday1-95.jpg,Day 1,rachelzachday1-95.jpg,Adam Brown,confirmed_people,,
Day 1/rachelzachday1-96.jpg,Day 1,rachelzachday1-96.jpg,Janice,corrected_people,replace,manual visual match against Janice reference crops
Day 1/rachelzachday1-97.jpg,Day 1,rachelzachday1-97.jpg,,reviewed_no_person,ignore,backs to camera
Day 1/rachelzachday1-98.jpg,Day 1,rachelzachday1-98.jpg,,unconfirmed,,
Day 1/rachelzachday1-99.jpg,Day 1,rachelzachday1-99.jpg,,unconfirmed,,
Day 1/rachelzachday1-100.jpg,Day 1,rachelzachday1-100.jpg,,unconfirmed,,
Day 1/rachelzachday1-101.jpg,Day 1,rachelzachday1-101.jpg,Robbie,confirmed_people,,
Day 1/rachelzachday1-102.jpg,Day 1,rachelzachday1-102.jpg,Bob P; David Benrud,confirmed_people,,
Day 1/rachelzachday1-103.jpg,Day 1,rachelzachday1-103.jpg,,reviewed_no_person,ignore,cropped lower bodies
Day 1/rachelzachday1-104.jpg,Day 1,rachelzachday1-104.jpg,Adi; Jake Lurie,confirmed_people,,
Day 1/rachelzachday1-105.jpg,Day 1,rachelzachday1-105.jpg,,unconfirmed,,
Day 1/rachelzachday1-106.jpg,Day 1,rachelzachday1-106.jpg,Lauren Lurie,confirmed_people,,
Day 1/rachelzachday1-107.jpg,Day 1,rachelzachday1-107.jpg,Nancy Lurie; Patti,confirmed_people,,
Day 1/rachelzachday1-108.jpg,Day 1,rachelzachday1-108.jpg,Beth; Nancy Lurie,confirmed_people,,
Day 1/rachelzachday1-109.jpg,Day 1,rachelzachday1-109.jpg,Alex Muecke; J Til; Zach Soskin,confirmed_people,,
Day 1/rachelzachday1-110.jpg,Day 1,rachelzachday1-110.jpg,Daniel Shin; J Til,confirmed_people,,
Day 1/rachelzachday1-111.jpg,Day 1,rachelzachday1-111.jpg,Zach Soskin,confirmed_people,,
Day 1/rachelzachday1-112.jpg,Day 1,rachelzachday1-112.jpg,Jorie; Patti; Stephanie Soskin; Zach Soskin,confirmed_people,,
Day 1/rachelzachday1-113.jpg,Day 1,rachelzachday1-113.jpg,,unconfirmed,,
Day 1/rachelzachday1-114.jpg,Day 1,rachelzachday1-114.jpg,Frankie B,confirmed_people,,
Day 1/rachelzachday1-115.jpg,Day 1,rachelzachday1-115.jpg,Dave Gilboa,confirmed_people,,
Day 1/rachelzachday1-116.jpg,Day 1,rachelzachday1-116.jpg,,reviewed_no_person,ignore,food tray detail
Day 1/rachelzachday1-117.jpg,Day 1,rachelzachday1-117.jpg,David Benrud,confirmed_people,,
Day 1/rachelzachday1-118.jpg,Day 1,rachelzachday1-118.jpg,Bob P,confirmed_people,,
Day 1/rachelzachday1-119.jpg,Day 1,rachelzachday1-119.jpg,,unconfirmed,,
Day 1/rachelzachday1-120.jpg,Day 1,rachelzachday1-120.jpg,,unconfirmed,,
Day 1/rachelzachday1-121.jpg,Day 1,rachelzachday1-121.jpg,Keagen,confirmed_people,,
Day 1/rachelzachday1-122.jpg,Day 1,rachelzachday1-122.jpg,Debi; Nancy Lurie,confirmed_people,,
Day 1/rachelzachday1-123.jpg,Day 1,rachelzachday1-123.jpg,Elizabeth Licon,confirmed_people,,
Day 1/rachelzachday1-124.jpg,Day 1,rachelzachday1-124.jpg,,reviewed_no_person,ignore,cropped lower bodies
Day 1/rachelzachday1-125.jpg,Day 1,rachelzachday1-125.jpg,Leah M; Taylor Noyer,confirmed_people,,
Day 1/rachelzachday1-126.jpg,Day 1,rachelzachday1-126.jpg,Leah M; Taylor Noyer,confirmed_people,,
Day 1/rachelzachday1-127.jpg,Day 1,rachelzachday1-127.jpg,,reviewed_no_person,ignore,gift bag detail
Day 1/rachelzachday1-128.jpg,Day 1,rachelzachday1-128.jpg,,unconfirmed,,
Day 1/rachelzachday1-129.jpg,Day 1,rachelzachday1-129.jpg,Robbie,confirmed_people,,
Day 1/rachelzachday1-130.jpg,Day 1,rachelzachday1-130.jpg,Chris N,confirmed_people,,
Day 1/rachelzachday1-131.jpg,Day 1,rachelzachday1-131.jpg,,unconfirmed,,
Day 1/rachelzachday1-132.jpg,Day 1,rachelzachday1-132.jpg,,unconfirmed,,
Day 1/rachelzachday1-133.jpg,Day 1,rachelzachday1-133.jpg,Rush,confirmed_people,,
Day 1/rachelzachday1-134.jpg,Day 1,rachelzachday1-134.jpg,Bob P,corrected_people,replace,manual visual match against Bob P reference crops
Day 1/rachelzachday1-135.jpg,Day 1,rachelzachday1-135.jpg,Cogan; J Til,confirmed_people,,
Day 1/rachelzachday1-136.jpg,Day 1,rachelzachday1-136.jpg,Cogan; J Til,confirmed_people,,
Day 1/rachelzachday1-137.jpg,Day 1,rachelzachday1-137.jpg,David Post; Melanie Casciano; Rachel Casciano,confirmed_people,,
Day 1/rachelzachday1-138.jpg,Day 1,rachelzachday1-138.jpg,Rachel Casciano,confirmed_people,,
Day 1/rachelzachday1-139.jpg,Day 1,rachelzachday1-139.jpg,,reviewed_no_person,ignore,hug from behind/occluded faces; not useful for self-search
Day 1/rachelzachday1-140.jpg,Day 1,rachelzachday1-140.jpg,Rachel Casciano,confirmed_people,,
Day 1/rachelzachday1-141.jpg,Day 1,rachelzachday1-141.jpg,Rachel Casciano,confirmed_people,,
Day 1/rachelzachday1-142.jpg,Day 1,rachelzachday1-142.jpg,Rachel Casciano,confirmed_people,,
Day 1/rachelzachday1-143.jpg,Day 1,rachelzachday1-143.jpg,Sean Morse,confirmed_people,,
Day 1/rachelzachday1-144.jpg,Day 1,rachelzachday1-144.jpg,Rachel Casciano,confirmed_people,,
Day 1/rachelzachday1-145.jpg,Day 1,rachelzachday1-145.jpg,Rachel Casciano; Robbie,confirmed_people,,
Day 1/rachelzachday1-146.jpg,Day 1,rachelzachday1-146.jpg,,reviewed_no_person,ignore,cropped partial guests
Day 1/rachelzachday1-147.jpg,Day 1,rachelzachday1-147.jpg,Melanie Casciano; Rachel Casciano,confirmed_people,,
Day 1/rachelzachday1-148.jpg,Day 1,rachelzachday1-148.jpg,Jacquie,confirmed_people,,
Day 1/rachelzachday1-149.jpg,Day 1,rachelzachday1-149.jpg,,reviewed_no_person,ignore,table detail
Day 1/rachelzachday1-150.jpg,Day 1,rachelzachday1-150.jpg,Maura,confirmed_people,,
Day 1/rachelzachday1-151.jpg,Day 1,rachelzachday1-151.jpg,,unconfirmed,,
Day 1/rachelzachday1-152.jpg,Day 1,rachelzachday1-152.jpg,Pat Burton; Robbie; Scotty P,confirmed_people,,
Day 1/rachelzachday1-153.jpg,Day 1,rachelzachday1-153.jpg,Joan Soskin,confirmed_people,,
Day 1/rachelzachday1-154.jpg,Day 1,rachelzachday1-154.jpg,,reviewed_no_person,ignore,food detail
Day 1/rachelzachday1-155.jpg,Day 1,rachelzachday1-155.jpg,,reviewed_no_person,ignore,buffet detail no faces
Day 1/rachelzachday1-156.jpg,Day 1,rachelzachday1-156.jpg,,unconfirmed,,
Day 1/rachelzachday1-157.jpg,Day 1,rachelzachday1-157.jpg,Ronald Harris,confirmed_people,,
Day 1/rachelzachday1-158.jpg,Day 1,rachelzachday1-158.jpg,Aly Gilboa; Charlie Weisman,confirmed_people,,
Day 1/rachelzachday1-159.jpg,Day 1,rachelzachday1-159.jpg,Nick Pugs; Trelawny,confirmed_people,,
Day 1/rachelzachday1-160.jpg,Day 1,rachelzachday1-160.jpg,Sean Morse,confirmed_people,,
Day 1/rachelzachday1-161.jpg,Day 1,rachelzachday1-161.jpg,Sean Morse,confirmed_people,,
Day 1/rachelzachday1-162.jpg,Day 1,rachelzachday1-162.jpg,Carter,confirmed_people,,
Day 1/rachelzachday1-163.jpg,Day 1,rachelzachday1-163.jpg,Carter,confirmed_people,,
Day 1/rachelzachday1-164.jpg,Day 1,rachelzachday1-164.jpg,,unconfirmed,,
Day 1/rachelzachday1-165.jpg,Day 1,rachelzachday1-165.jpg,Marty,confirmed_people,,
Day 1/rachelzachday1-166.jpg,Day 1,rachelzachday1-166.jpg,SANDRA,confirmed_people,,
Day 1/rachelzachday1-167.jpg,Day 1,rachelzachday1-167.jpg,JUELS; Kaitlin Burns; Kayla,confirmed_people,,
Day 1/rachelzachday1-168.jpg,Day 1,rachelzachday1-168.jpg,Jake Lurie; Todd Lurie,confirmed_people,,
Day 1/rachelzachday1-169.jpg,Day 1,rachelzachday1-169.jpg,Taylor Noyer,confirmed_people,,
Day 1/rachelzachday1-170.jpg,Day 1,rachelzachday1-170.jpg,,reviewed_no_person,ignore,sign detail partial guest
Day 1/rachelzachday1-171.jpg,Day 1,rachelzachday1-171.jpg,David Burton,confirmed_people,,
Day 1/rachelzachday1-172.jpg,Day 1,rachelzachday1-172.jpg,Stephanie Soskin,confirmed_people,,
Day 1/rachelzachday1-173.jpg,Day 1,rachelzachday1-173.jpg,,unconfirmed,,
Day 1/rachelzachday1-174.jpg,Day 1,rachelzachday1-174.jpg,Meg,confirmed_people,,
Day 1/rachelzachday1-175.jpg,Day 1,rachelzachday1-175.jpg,Meg,confirmed_people,,
Day 1/rachelzachday1-176.jpg,Day 1,rachelzachday1-176.jpg,Kelsey Meyers; Meg,confirmed_people,,
Day 1/rachelzachday1-177.jpg,Day 1,rachelzachday1-177.jpg,Lindsey Miller; Siri,confirmed_people,,
Day 1/rachelzachday1-178.jpg,Day 1,rachelzachday1-178.jpg,Alex Muecke,confirmed_people,,
Day 1/rachelzachday1-179.jpg,Day 1,rachelzachday1-179.jpg,Melanie Casciano; Robbie,confirmed_people,,
Day 1/rachelzachday1-180.jpg,Day 1,rachelzachday1-180.jpg,Marty,confirmed_people,,
Day 1/rachelzachday1-181.jpg,Day 1,rachelzachday1-181.jpg,David Post; Dee Burton,confirmed_people,,
Day 1/rachelzachday1-182.jpg,Day 1,rachelzachday1-182.jpg,Patti; Zach Soskin,confirmed_people,,
Day 1/rachelzachday1-183.jpg,Day 1,rachelzachday1-183.jpg,Elizabeth Licon; Rachel Casciano; Zach Soskin,confirmed_people,,
Day 1/rachelzachday1-184.jpg,Day 1,rachelzachday1-184.jpg,Debi; Dee Burton,confirmed_people,,
Day 1/rachelzachday1-185.jpg,Day 1,rachelzachday1-185.jpg,Erik; Maddie Channess; Sam Ankin,confirmed_people,,
Day 1/rachelzachday1-186.jpg,Day 1,rachelzachday1-186.jpg,Alex Muecke; Meg; Rachel Casciano,confirmed_people,,
Day 1/rachelzachday1-187.jpg,Day 1,rachelzachday1-187.jpg,Alex Muecke; Meg,confirmed_people,,
Day 1/rachelzachday1-188.jpg,Day 1,rachelzachday1-188.jpg,Matt,confirmed_people,,
Day 1/rachelzachday1-189.jpg,Day 1,rachelzachday1-189.jpg,Bryant; Steve M,confirmed_people,,
Day 1/rachelzachday1-190.jpg,Day 1,rachelzachday1-190.jpg,Steve M,confirmed_people,,
Day 1/rachelzachday1-191.jpg,Day 1,rachelzachday1-191.jpg,Spencer Soltman,confirmed_people,,
Day 1/rachelzachday1-192.jpg,Day 1,rachelzachday1-192.jpg,,reviewed_no_person,ignore,floral detail
Day 1/rachelzachday1-193.jpg,Day 1,rachelzachday1-193.jpg,,reviewed_no_person,ignore,guest back no face
Day 1/rachelzachday1-194.jpg,Day 1,rachelzachday1-194.jpg,Phil Quist,confirmed_people,,
Day 1/rachelzachday1-195.jpg,Day 1,rachelzachday1-195.jpg,Siri,confirmed_people,,
Day 1/rachelzachday1-196.jpg,Day 1,rachelzachday1-196.jpg,,reviewed_no_person,ignore,guest backs no faces
Day 1/rachelzachday1-197.jpg,Day 1,rachelzachday1-197.jpg,Kelsey Meyers,confirmed_people,,
Day 1/rachelzachday1-198.jpg,Day 1,rachelzachday1-198.jpg,Adi; Erin; Morgan; Taylor Becker,confirmed_people,,
Day 1/rachelzachday1-199.jpg,Day 1,rachelzachday1-199.jpg,,unconfirmed,,
Day 1/rachelzachday1-200.jpg,Day 1,rachelzachday1-200.jpg,,reviewed_no_person,ignore,blurred crowd backs
Day 1/rachelzachday1-201.jpg,Day 1,rachelzachday1-201.jpg,Riley,confirmed_people,,
Day 1/rachelzachday1-202.jpg,Day 1,rachelzachday1-202.jpg,Rachel Casciano; Tara,confirmed_people,,
Day 1/rachelzachday1-203.jpg,Day 1,rachelzachday1-203.jpg,Tara,confirmed_people,,
Day 1/rachelzachday1-204.jpg,Day 1,rachelzachday1-204.jpg,Adam Brown,confirmed_people,,
Day 1/rachelzachday1-205.jpg,Day 1,rachelzachday1-205.jpg,,reviewed_no_person,ignore,floral detail
Day 1/rachelzachday1-206.jpg,Day 1,rachelzachday1-206.jpg,,reviewed_no_person,ignore,floral detail
Day 1/rachelzachday1-207.jpg,Day 1,rachelzachday1-207.jpg,Gisel,confirmed_people,,
Day 1/rachelzachday1-208.jpg,Day 1,rachelzachday1-208.jpg,Rachel Casciano; Tyler; Zach Soskin,confirmed_people,,
Day 1/rachelzachday1-209.jpg,Day 1,rachelzachday1-209.jpg,Rachel Casciano; Zach Soskin,confirmed_people,,
Day 1/rachelzachday1-210.jpg,Day 1,rachelzachday1-210.jpg,Rachel Casciano,confirmed_people,,
Day 1/rachelzachday1-211.jpg,Day 1,rachelzachday1-211.jpg,Rachel Casciano; Zach Soskin,corrected_people,replace,bride and groom by pool
Day 1/rachelzachday1-212.jpg,Day 1,rachelzachday1-212.jpg,Rachel Casciano; Zach Soskin,confirmed_people,,
Day 1/rachelzachday1-213.jpg,Day 1,rachelzachday1-213.jpg,Rachel Casciano; Zach Soskin,confirmed_people,,
Day 1/rachelzachday1-214.jpg,Day 1,rachelzachday1-214.jpg,Zach Soskin,confirmed_people,,
Day 1/rachelzachday1-215.jpg,Day 1,rachelzachday1-215.jpg,Zach Soskin,confirmed_people,,
Day 1/rachelzachday1-216.jpg,Day 1,rachelzachday1-216.jpg,,reviewed_no_person,ignore,distant event scene
Day 1/rachelzachday1-217.jpg,Day 1,rachelzachday1-217.jpg,Gisel; J Til,confirmed_people,,
Day 1/rachelzachday1-218.jpg,Day 1,rachelzachday1-218.jpg,Kelsey Meyers,confirmed_people,,
Day 1/rachelzachday1-219.jpg,Day 1,rachelzachday1-219.jpg,Marty,confirmed_people,,
Day 1/rachelzachday1-220.jpg,Day 1,rachelzachday1-220.jpg,Chris; Maura,confirmed_people,,
Day 1/rachelzachday1-221.jpg,Day 1,rachelzachday1-221.jpg,Abe Burton,confirmed_people,,
Day 1/rachelzachday1-222.jpg,Day 1,rachelzachday1-222.jpg,Adi; Erin; Harris; Phil Becker,confirmed_people,,
Day 1/rachelzachday1-223.jpg,Day 1,rachelzachday1-223.jpg,,reviewed_no_person,ignore,coastal landscape
Day 1/rachelzachday1-224.jpg,Day 1,rachelzachday1-224.jpg,Trelawny,confirmed_people,,
Day 1/rachelzachday1-225.jpg,Day 1,rachelzachday1-225.jpg,Rachel Casciano,confirmed_people,,
Day 1/rachelzachday1-226.jpg,Day 1,rachelzachday1-226.jpg,Trelawny,confirmed_people,,
Day 1/rachelzachday1-227.jpg,Day 1,rachelzachday1-227.jpg,Rachel Casciano; Zach Soskin,confirmed_people,,
Day 1/rachelzachday1-228.jpg,Day 1,rachelzachday1-228.jpg,Rachel Casciano; Zach Soskin,confirmed_people,,
Day 1/rachelzachday1-229.jpg,Day 1,rachelzachday1-229.jpg,Trelawny,confirmed_people,,
Day 1/rachelzachday1-230.jpg,Day 1,rachelzachday1-230.jpg,Maura; Stephanie Soskin,confirmed_people,,
Day 1/rachelzachday1-231.jpg,Day 1,rachelzachday1-231.jpg,ASHLEY; Bryant; Cogan; Kayla; Lindsey Miller; Meg; Nate O; Nick Pugs; Spencer Soltman,confirmed_people,,
Day 1/rachelzachday1-232.jpg,Day 1,rachelzachday1-232.jpg,Trelawny,confirmed_people,,
Day 1/rachelzachday1-233.jpg,Day 1,rachelzachday1-233.jpg,Parker; Rachel Casciano; Robbie; Zach Soskin,confirmed_people,,
Day 1/rachelzachday1-234.jpg,Day 1,rachelzachday1-234.jpg,Rachel Casciano; Riley; Robbie; Tim J; Zach Soskin,confirmed_people,,
Day 1/rachelzachday1-235.jpg,Day 1,rachelzachday1-235.jpg,Rachel Casciano; Robbie; Zach Soskin,confirmed_people,,
Day 1/rachelzachday1-236.jpg,Day 1,rachelzachday1-236.jpg,J Mohr; Rachel Casciano; Robbie; Zach Soskin,confirmed_people,,
Day 1/rachelzachday1-237.jpg,Day 1,rachelzachday1-237.jpg,Trelawny,confirmed_people,,
Day 1/rachelzachday1-238.jpg,Day 1,rachelzachday1-238.jpg,Patti; Rachel Casciano; Zach Soskin,confirmed_people,,
Day 1/rachelzachday1-239.jpg,Day 1,rachelzachday1-239.jpg,Maddie Slomovitz; Mohr; Rachel Casciano; Zach Soskin,confirmed_people,,
Day 1/rachelzachday1-240.jpg,Day 1,rachelzachday1-240.jpg,Maddie Slomovitz; Melanie Casciano,confirmed_people,,
Day 1/rachelzachday1-241.jpg,Day 1,rachelzachday1-241.jpg,Bryant; Dan Casciano; Debi; Gisel; J Til; Lauren Bond,confirmed_people,,
Day 1/rachelzachday1-242.jpg,Day 1,rachelzachday1-242.jpg,Patti; Rachel Casciano; Zach Soskin,confirmed_people,,
Day 1/rachelzachday1-243.jpg,Day 1,rachelzachday1-243.jpg,J Mohr; Robbie,confirmed_people,,
Day 1/rachelzachday1-244.jpg,Day 1,rachelzachday1-244.jpg,Allan C,confirmed_people,,
Day 1/rachelzachday1-245.jpg,Day 1,rachelzachday1-245.jpg,Rachel Casciano; Zach Soskin,confirmed_people,,
Day 1/rachelzachday1-246.jpg,Day 1,rachelzachday1-246.jpg,Rachel Casciano; Zach Soskin,confirmed_people,,
Day 1/rachelzachday1-247.jpg,Day 1,rachelzachday1-247.jpg,Rachel Casciano; Zach Soskin,confirmed_people,,
Day 1/rachelzachday1-248.jpg,Day 1,rachelzachday1-248.jpg,Trelawny,confirmed_people,,
Day 1/rachelzachday1-249.jpg,Day 1,rachelzachday1-249.jpg,Patti; Rachel Casciano; Zach Soskin,confirmed_people,,
Day 1/rachelzachday1-250.jpg,Day 1,rachelzachday1-250.jpg,Parker,confirmed_people,,
Day 1/rachelzachday1-251.jpg,Day 1,rachelzachday1-251.jpg,,reviewed_no_person,ignore,floral detail
Day 1/rachelzachday1-252.jpg,Day 1,rachelzachday1-252.jpg,,reviewed_no_person,ignore,coastal landscape
Day 1/rachelzachday1-253.jpg,Day 1,rachelzachday1-253.jpg,,reviewed_no_person,ignore,coastal landscape
Day 1/rachelzachday1-254.jpg,Day 1,rachelzachday1-254.jpg,,reviewed_no_person,ignore,coastal landscape
Day 1/rachelzachday1-255.jpg,Day 1,rachelzachday1-255.jpg,Chad Slomovitz; Melanie Casciano; Rachel Casciano; Robbie; Zach Soskin,confirmed_people,,
Day 1/rachelzachday1-256.jpg,Day 1,rachelzachday1-256.jpg,Maddie Slomovitz; Melanie Casciano; Patti; Rachel Casciano; Robbie; Zach Soskin,confirmed_people,,
Day 1/rachelzachday1-257.jpg,Day 1,rachelzachday1-257.jpg,Chad Slomovitz; Maddie Slomovitz; Melanie Casciano; Patti; Rachel Casciano; Robbie; Zach Soskin,confirmed_people,,
Day 1/rachelzachday1-258.jpg,Day 1,rachelzachday1-258.jpg,Chad Slomovitz; Maddie Slomovitz; Melanie Casciano; Patti; Rachel Casciano; Robbie; Zach Soskin,confirmed_people,,
Day 1/rachelzachday1-259.jpg,Day 1,rachelzachday1-259.jpg,ASHLEY; Bryant; Dee Burton; Dubov; Nate O; Nate waldron; Nick Pugs; Spencer Soltman,confirmed_people,,
Day 1/rachelzachday1-260.jpg,Day 1,rachelzachday1-260.jpg,Allan C; Rachel Casciano; Zach Soskin,confirmed_people,,
Day 1/rachelzachday1-261.jpg,Day 1,rachelzachday1-261.jpg,,reviewed_no_person,ignore,coastal landscape
Day 1/rachelzachday1-262.jpg,Day 1,rachelzachday1-262.jpg,Aly Gilboa; Natalie; Parker; Patti; Rachel Casciano; Zach Soskin,confirmed_people,,
Day 1/rachelzachday1-263.jpg,Day 1,rachelzachday1-263.jpg,Aly Gilboa; Dave Gilboa; Rachel Casciano; Zach Soskin,confirmed_people,,
Day 1/rachelzachday1-264.jpg,Day 1,rachelzachday1-264.jpg,Bryant; Keagen; Meg; Nick Pugs,confirmed_people,,
Day 1/rachelzachday1-265.jpg,Day 1,rachelzachday1-265.jpg,Bryant; Dubov,confirmed_people,,
Day 1/rachelzachday1-266.jpg,Day 1,rachelzachday1-266.jpg,Jorie; Riley,confirmed_people,,
Day 1/rachelzachday1-267.jpg,Day 1,rachelzachday1-267.jpg,Harris; Riley; Zach Soskin,confirmed_people,,
Day 1/rachelzachday1-268.jpg,Day 1,rachelzachday1-268.jpg,Chad Slomovitz; Maddie Slomovitz; Mohr; Parker; Patti; Rachel Casciano; Robbie; Tim J; Trelawny; Zach Soskin,confirmed_people,,
Day 1/rachelzachday1-269.jpg,Day 1,rachelzachday1-269.jpg,Kelsey Meyers,confirmed_people,,
Day 1/rachelzachday1-270.jpg,Day 1,rachelzachday1-270.jpg,Lauren Bond,confirmed_people,,
Day 1/rachelzachday1-271.jpg,Day 1,rachelzachday1-271.jpg,Tim J,confirmed_people,,
Day 1/rachelzachday1-272.jpg,Day 1,rachelzachday1-272.jpg,Chad Slomovitz; Patti; Zach Soskin,confirmed_people,,
Day 1/rachelzachday1-273.jpg,Day 1,rachelzachday1-273.jpg,Chad Slomovitz; Maddie Slomovitz; Zach Soskin,confirmed_people,,
Day 1/rachelzachday1-274.jpg,Day 1,rachelzachday1-274.jpg,Kelsey Meyers,confirmed_people,,
Day 1/rachelzachday1-275.jpg,Day 1,rachelzachday1-275.jpg,Kelsey Meyers,confirmed_people,,
Day 1/rachelzachday1-276.jpg,Day 1,rachelzachday1-276.jpg,Patti; Rachel Casciano; Riley; Zach Soskin,confirmed_people,,
Day 1/rachelzachday1-277.jpg,Day 1,rachelzachday1-277.jpg,Rachel Casciano; Riley; Zach Soskin,confirmed_people,,
Day 1/rachelzachday1-278.jpg,Day 1,rachelzachday1-278.jpg,ASHLEY; Debi; Dee Burton; Kayla; Nancy Lurie; Todd Lurie,confirmed_people,,
Day 1/rachelzachday1-279.jpg,Day 1,rachelzachday1-279.jpg,ASHLEY; Debi; Dee Burton; Nancy Lurie; Pat Burton; Todd Lurie,confirmed_people,,
Day 1/rachelzachday1-280.jpg,Day 1,rachelzachday1-280.jpg,Chad Slomovitz; Rachel Casciano; Robbie; Zach Soskin,confirmed_people,,
Day 1/rachelzachday1-281.jpg,Day 1,rachelzachday1-281.jpg,Rod,confirmed_people,,
Day 1/rachelzachday1-282.jpg,Day 1,rachelzachday1-282.jpg,Jake Lurie; Jeffry Lurie; Maddie Channess,confirmed_people,,
Day 1/rachelzachday1-283.jpg,Day 1,rachelzachday1-283.jpg,Jeffry Lurie; Maddie Channess,confirmed_people,,
Day 1/rachelzachday1-284.jpg,Day 1,rachelzachday1-284.jpg,Maddie Slomovitz,confirmed_people,,
Day 1/rachelzachday1-285.jpg,Day 1,rachelzachday1-285.jpg,Pasha; Patti; Rachel Casciano; Robbie; Zach Soskin,confirmed_people,,
Day 1/rachelzachday1-286.jpg,Day 1,rachelzachday1-286.jpg,J Til; Maddie Slomovitz,confirmed_people,,
Day 1/rachelzachday1-287.jpg,Day 1,rachelzachday1-287.jpg,Trelawny,corrected_people,replace,foreground speaker manually matched to Trelawny reference crops; background-only faces ignored
Day 1/rachelzachday1-288.jpg,Day 1,rachelzachday1-288.jpg,Chad Slomovitz; Charlie Weisman; Rachel Casciano; Robbie; Sam Ankin; Zach Soskin,confirmed_people,,
Day 1/rachelzachday1-289.jpg,Day 1,rachelzachday1-289.jpg,Charlie Weisman; Dan Casciano; Dave Gilboa; Rachel Casciano; Robbie; Sam Ankin; Zach Soskin,confirmed_people,,
Day 1/rachelzachday1-290.jpg,Day 1,rachelzachday1-290.jpg,Chad Slomovitz; Charlie Weisman; Rachel Casciano; Zach Soskin,confirmed_people,,
Day 1/rachelzachday1-291.jpg,Day 1,rachelzachday1-291.jpg,Chad Slomovitz; Maddie Slomovitz; Zach Soskin,confirmed_people,,
Day 1/rachelzachday1-292.jpg,Day 1,rachelzachday1-292.jpg,Rush,confirmed_people,,
Day 1/rachelzachday1-293.jpg,Day 1,rachelzachday1-293.jpg,Chris; Jorie; Matt,confirmed_people,,
Day 1/rachelzachday1-294.jpg,Day 1,rachelzachday1-294.jpg,Chris; Jorie; Matt,confirmed_people,,
Day 1/rachelzachday1-295.jpg,Day 1,rachelzachday1-295.jpg,Allan C; Dan Casciano; LAURA WEISMAN; Maddie Slomovitz; Melanie Casciano; Rachel Casciano; Robbie; Zach Soskin,confirmed_people,,
Day 1/rachelzachday1-296.jpg,Day 1,rachelzachday1-296.jpg,Aly Gilboa; Chad Slomovitz; Charlie Weisman; Dave Gilboa; Lisa Caplan; Maddie Slomovitz; Melanie Casciano; Natalie; Pasha; Patti; Rachel Casciano; Robbie; Zach Soskin,confirmed_people,,
Day 1/rachelzachday1-297.jpg,Day 1,rachelzachday1-297.jpg,ASHLEY; Dubov; Jorie,confirmed_people,,
Day 1/rachelzachday1-298.jpg,Day 1,rachelzachday1-298.jpg,Gisel; Jorie; Parker,confirmed_people,,
Day 1/rachelzachday1-299.jpg,Day 1,rachelzachday1-299.jpg,Maddie Slomovitz; Phil Quist; Riley; Zach Soskin,confirmed_people,,
Day 1/rachelzachday1-300.jpg,Day 1,rachelzachday1-300.jpg,Patti; Robbie,corrected_people,replace,foreground toast speakers manually matched to Patti and Robbie reference crops; background-only faces ignored
Day 1/rachelzachday1-301.jpg,Day 1,rachelzachday1-301.jpg,Chad Slomovitz; Maddie Slomovitz; Melanie Casciano; Pasha; Riley; Tim J; Zach Soskin,confirmed_people,,
Day 1/rachelzachday1-302.jpg,Day 1,rachelzachday1-302.jpg,Chad Slomovitz; Maddie Slomovitz; Pasha; Rachel Casciano; Riley; Tim J; Zach Soskin,confirmed_people,,
Day 1/rachelzachday1-303.jpg,Day 1,rachelzachday1-303.jpg,Patti; Robbie,confirmed_people,,
Day 1/rachelzachday1-304.jpg,Day 1,rachelzachday1-304.jpg,Rachel Casciano; Zach Soskin,corrected_people,replace,bride and groom kiss
Day 1/rachelzachday1-305.jpg,Day 1,rachelzachday1-305.jpg,Robbie,confirmed_people,,
Day 1/rachelzachday1-306.jpg,Day 1,rachelzachday1-306.jpg,Patti,confirmed_people,,
Getting Ready/rachelzach-2.jpg,Getting Ready,rachelzach-2.jpg,,reviewed_no_person,ignore,venue landscape
Getting Ready/rachelzach-3.jpg,Getting Ready,rachelzach-3.jpg,,reviewed_no_person,ignore,wall art
Getting Ready/rachelzach-4.jpg,Getting Ready,rachelzach-4.jpg,Rachel Casciano,confirmed_people,,
Getting Ready/rachelzach-5.jpg,Getting Ready,rachelzach-5.jpg,Kayla; Rachel Casciano,confirmed_people,,
Getting Ready/rachelzach-6.jpg,Getting Ready,rachelzach-6.jpg,Kayla; Rachel Casciano,confirmed_people,,
Getting Ready/rachelzach-7.jpg,Getting Ready,rachelzach-7.jpg,,unconfirmed,,
Getting Ready/rachelzach-8.jpg,Getting Ready,rachelzach-8.jpg,Rachel Casciano,confirmed_people,,
Getting Ready/rachelzach-9.jpg,Getting Ready,rachelzach-9.jpg,Sally,confirmed_people,,
Getting Ready/rachelzach-10.jpg,Getting Ready,rachelzach-10.jpg,Kelsey Meyers,confirmed_people,,
Getting Ready/rachelzach-11.jpg,Getting Ready,rachelzach-11.jpg,,reviewed_no_person,ignore,dress detail
Getting Ready/rachelzach-12.jpg,Getting Ready,rachelzach-12.jpg,,reviewed_no_person,ignore,dress detail
Getting Ready/rachelzach-13.jpg,Getting Ready,rachelzach-13.jpg,,reviewed_no_person,ignore,dress detail
Getting Ready/rachelzach-14.jpg,Getting Ready,rachelzach-14.jpg,Kaitlin Burns; Kayla; Kelsey Meyers; Lauren Bond; Maddie Slomovitz; Rachel Casciano; Sally; Stephanie Soskin; Tara; Trelawny,confirmed_people,,
Getting Ready/rachelzach-15.jpg,Getting Ready,rachelzach-15.jpg,Kaitlin Burns; Kayla; Kelsey Meyers; Lauren Bond; Rachel Casciano; Sally; Tara; Trelawny,confirmed_people,,
Getting Ready/rachelzach-16.jpg,Getting Ready,rachelzach-16.jpg,Kaitlin Burns; Kayla; Kelsey Meyers; Lauren Bond; Rachel Casciano; Sally; Tara; Trelawny,confirmed_people,,
Getting Ready/rachelzach-17.jpg,Getting Ready,rachelzach-17.jpg,Kaitlin Burns; Kayla; Kelsey Meyers; Lauren Bond; Rachel Casciano; Sally; Tara; Trelawny,confirmed_people,,
Getting Ready/rachelzach-18.jpg,Getting Ready,rachelzach-18.jpg,,reviewed_no_person,ignore,shoe detail
Getting Ready/rachelzach-19.jpg,Getting Ready,rachelzach-19.jpg,Phil C,confirmed_people,,
Getting Ready/rachelzach-20.jpg,Getting Ready,rachelzach-20.jpg,J Til,confirmed_people,,
Getting Ready/rachelzach-21.jpg,Getting Ready,rachelzach-21.jpg,Rachel Casciano,corrected_people,replace,bride from back
Getting Ready/rachelzach-22.jpg,Getting Ready,rachelzach-22.jpg,Melanie Casciano,confirmed_people,,
Getting Ready/rachelzach-23.jpg,Getting Ready,rachelzach-23.jpg,Melanie Casciano; Rachel Casciano,confirmed_people,,
Getting Ready/rachelzach-24.jpg,Getting Ready,rachelzach-24.jpg,Rachel Casciano,confirmed_people,,
Getting Ready/rachelzach-25.jpg,Getting Ready,rachelzach-25.jpg,Rachel Casciano,confirmed_people,,
Getting Ready/rachelzach-26.jpg,Getting Ready,rachelzach-26.jpg,Rachel Casciano,confirmed_people,,
Getting Ready/rachelzach-27.jpg,Getting Ready,rachelzach-27.jpg,Tim J,confirmed_people,,
Getting Ready/rachelzach-28.jpg,Getting Ready,rachelzach-28.jpg,Melanie Casciano; Rachel Casciano,confirmed_people,,
Getting Ready/rachelzach-29.jpg,Getting Ready,rachelzach-29.jpg,Kelsey Meyers; Melanie Casciano; Rachel Casciano,confirmed_people,,
Getting Ready/rachelzach-30.jpg,Getting Ready,rachelzach-30.jpg,Kelsey Meyers; Melanie Casciano; Rachel Casciano,confirmed_people,,
Getting Ready/rachelzach-31.jpg,Getting Ready,rachelzach-31.jpg,,reviewed_no_person,ignore,dress/shoe adjustment detail; helper not a guest search target
Getting Ready/rachelzach-32.jpg,Getting Ready,rachelzach-32.jpg,,reviewed_no_person,ignore,dress/shoe adjustment detail; helper not a guest search target
Getting Ready/rachelzach-33.jpg,Getting Ready,rachelzach-33.jpg,,reviewed_no_person,ignore,bridal dress detail
Getting Ready/rachelzach-34.jpg,Getting Ready,rachelzach-34.jpg,Rachel Casciano,confirmed_people,,
Getting Ready/rachelzach-35.jpg,Getting Ready,rachelzach-35.jpg,Rachel Casciano,confirmed_people,,
Getting Ready/rachelzach-36.jpg,Getting Ready,rachelzach-36.jpg,Rachel Casciano,confirmed_people,,
Getting Ready/rachelzach-37.jpg,Getting Ready,rachelzach-37.jpg,Rachel Casciano,confirmed_people,,
Getting Ready/rachelzach-38.jpg,Getting Ready,rachelzach-38.jpg,Rachel Casciano,confirmed_people,,
Getting Ready/rachelzach-39.jpg,Getting Ready,rachelzach-39.jpg,Kaitlin Burns; Kayla; Kelsey Meyers; Lauren Bond; Maddie Slomovitz; Sally; Stephanie Soskin; Tara; Trelawny,confirmed_people,,
Getting Ready/rachelzach-40.jpg,Getting Ready,rachelzach-40.jpg,Kaitlin Burns; Kayla; Kelsey Meyers; Lauren Bond; Maddie Slomovitz; Sally; Stephanie Soskin; Tara; Trelawny,confirmed_people,,
Getting Ready/rachelzach-41.jpg,Getting Ready,rachelzach-41.jpg,Kaitlin Burns; Kayla; Kelsey Meyers; Maddie Slomovitz; Sally; Stephanie Soskin; Tara; Trelawny,confirmed_people,,
Getting Ready/rachelzach-42.jpg,Getting Ready,rachelzach-42.jpg,Kaitlin Burns; Kayla; Kelsey Meyers; Lauren Bond; Maddie Slomovitz; Stephanie Soskin; Trelawny,confirmed_people,,
Getting Ready/rachelzach-43.jpg,Getting Ready,rachelzach-43.jpg,Kaitlin Burns; Kayla; Kelsey Meyers; Maddie Slomovitz; Rachel Casciano; Tara; Trelawny,confirmed_people,,
Getting Ready/rachelzach-44.jpg,Getting Ready,rachelzach-44.jpg,Kaitlin Burns; Kayla; Kelsey Meyers; Rachel Casciano; Tara; Trelawny,confirmed_people,,
Getting Ready/rachelzach-45.jpg,Getting Ready,rachelzach-45.jpg,Kaitlin Burns; Kayla; Sally; Tara; Trelawny,confirmed_people,,
Getting Ready/rachelzach-46.jpg,Getting Ready,rachelzach-46.jpg,Kaitlin Burns; Kayla; Maddie Slomovitz; Stephanie Soskin; Tara,confirmed_people,,
Getting Ready/rachelzach-47.jpg,Getting Ready,rachelzach-47.jpg,Kaitlin Burns; Kayla; Stephanie Soskin; Trelawny,confirmed_people,,
Getting Ready/rachelzach-48.jpg,Getting Ready,rachelzach-48.jpg,J Til; Phil C,confirmed_people,,
Getting Ready/rachelzach-49.jpg,Getting Ready,rachelzach-49.jpg,Zach Soskin,confirmed_people,,
Getting Ready/rachelzach-50.jpg,Getting Ready,rachelzach-50.jpg,Zach Soskin,confirmed_people,,
Getting Ready/rachelzach-51.jpg,Getting Ready,rachelzach-51.jpg,Patti; Rachel Casciano,confirmed_people,,
Getting Ready/rachelzach-52.jpg,Getting Ready,rachelzach-52.jpg,Zach Soskin,confirmed_people,,
Getting Ready/rachelzach-53.jpg,Getting Ready,rachelzach-53.jpg,Zach Soskin,confirmed_people,,
Getting Ready/rachelzach-54.jpg,Getting Ready,rachelzach-54.jpg,Melanie Casciano; Patti; Rachel Casciano,confirmed_people,,
Getting Ready/rachelzach-55.jpg,Getting Ready,rachelzach-55.jpg,Melanie Casciano; Rachel Casciano,confirmed_people,,
Getting Ready/rachelzach-56.jpg,Getting Ready,rachelzach-56.jpg,Kelsey Meyers; Rachel Casciano,confirmed_people,,
Getting Ready/rachelzach-57.jpg,Getting Ready,rachelzach-57.jpg,Kelsey Meyers; Rachel Casciano,confirmed_people,,
Getting Ready/rachelzach-58.jpg,Getting Ready,rachelzach-58.jpg,,unconfirmed,,
Getting Ready/rachelzach-59.jpg,Getting Ready,rachelzach-59.jpg,Maddie Slomovitz; Rachel Casciano,confirmed_people,,
Getting Ready/rachelzach-60.jpg,Getting Ready,rachelzach-60.jpg,Maddie Slomovitz; Rachel Casciano; Stephanie Soskin,confirmed_people,,
Getting Ready/rachelzach-61.jpg,Getting Ready,rachelzach-61.jpg,Patti,confirmed_people,,
Getting Ready/rachelzach-62.jpg,Getting Ready,rachelzach-62.jpg,Patti; Robbie,confirmed_people,,
Getting Ready/rachelzach-63.jpg,Getting Ready,rachelzach-63.jpg,Patti; Robbie,confirmed_people,,
Getting Ready/rachelzach-64.jpg,Getting Ready,rachelzach-64.jpg,Patti,confirmed_people,,
Getting Ready/rachelzach-65.jpg,Getting Ready,rachelzach-65.jpg,Patti,confirmed_people,,
Getting Ready/rachelzach.jpg,Getting Ready,rachelzach.jpg,,reviewed_no_person,ignore,invitation detail
Ceremony Details/rachelzach-181.jpg,Ceremony Details,rachelzach-181.jpg,,reviewed_no_person,ignore,empty ceremony details
Ceremony Details/rachelzach-182.jpg,Ceremony Details,rachelzach-182.jpg,,reviewed_no_person,ignore,empty ceremony details
Ceremony Details/rachelzach-183.jpg,Ceremony Details,rachelzach-183.jpg,,reviewed_no_person,ignore,empty ceremony details
Ceremony Details/rachelzach-184.jpg,Ceremony Details,rachelzach-184.jpg,,reviewed_no_person,ignore,floral ceremony detail
Ceremony Details/rachelzach-185.jpg,Ceremony Details,rachelzach-185.jpg,,reviewed_no_person,ignore,floral ceremony detail
Ceremony Details/rachelzach-186.jpg,Ceremony Details,rachelzach-186.jpg,,reviewed_no_person,ignore,empty ceremony seating
Ceremony Details/rachelzach-187.jpg,Ceremony Details,rachelzach-187.jpg,,reviewed_no_person,ignore,floral ceremony detail
Ceremony Details/rachelzach-188.jpg,Ceremony Details,rachelzach-188.jpg,,reviewed_no_person,ignore,empty ceremony seating
Ceremony Details/rachelzach-189.jpg,Ceremony Details,rachelzach-189.jpg,,reviewed_no_person,ignore,empty ceremony aisle
Ceremony Details/rachelzach-190.jpg,Ceremony Details,rachelzach-190.jpg,,reviewed_no_person,ignore,floral closeup
Ceremony Details/rachelzach-191.jpg,Ceremony Details,rachelzach-191.jpg,,reviewed_no_person,ignore,floral closeup
Ceremony Details/rachelzach-192.jpg,Ceremony Details,rachelzach-192.jpg,,reviewed_no_person,ignore,floral closeup
Ceremony Details/rachelzach-193.jpg,Ceremony Details,rachelzach-193.jpg,,reviewed_no_person,ignore,floral closeup
Ceremony Details/rachelzach-194.jpg,Ceremony Details,rachelzach-194.jpg,,reviewed_no_person,ignore,floral closeup
Ceremony Details/rachelzach-197.jpg,Ceremony Details,rachelzach-197.jpg,,reviewed_no_person,ignore,empty ceremony seating
Ceremony Details/rachelzach-200.jpg,Ceremony Details,rachelzach-200.jpg,,reviewed_no_person,ignore,empty ceremony seating
Ceremony Details/rachelzach-201.jpg,Ceremony Details,rachelzach-201.jpg,,reviewed_no_person,ignore,empty ceremony seating
Ceremony Details/rachelzach-203.jpg,Ceremony Details,rachelzach-203.jpg,,reviewed_no_person,ignore,venue cocktail detail
Ceremony Details/rachelzach-204.jpg,Ceremony Details,rachelzach-204.jpg,,reviewed_no_person,ignore,cocktail table detail
Ceremony Details/rachelzach-206.jpg,Ceremony Details,rachelzach-206.jpg,,reviewed_no_person,ignore,cocktail table detail
Ceremony Details/rachelzach-207.jpg,Ceremony Details,rachelzach-207.jpg,,reviewed_no_person,ignore,venue landscape
Ceremony Details/rachelzach-208.jpg,Ceremony Details,rachelzach-208.jpg,,reviewed_no_person,ignore,venue landscape
Ceremony Details/rachelzach-210.jpg,Ceremony Details,rachelzach-210.jpg,,reviewed_no_person,ignore,cocktail table detail
Ceremony Details/rachelzach-215.jpg,Ceremony Details,rachelzach-215.jpg,,reviewed_no_person,ignore,landscape no people
Ceremony Details/rachelzach-222.jpg,Ceremony Details,rachelzach-222.jpg,,reviewed_no_person,ignore,landscape no people
Ceremony Details/rachelzach-223.jpg,Ceremony Details,rachelzach-223.jpg,,reviewed_no_person,ignore,seating chart detail
Ceremony Details/rachelzach-224.jpg,Ceremony Details,rachelzach-224.jpg,,reviewed_no_person,ignore,cocktail table detail
Ceremony/rachelzach-195.jpg,Ceremony,rachelzach-195.jpg,,reviewed_no_person,ignore,cocktail detail
Ceremony/rachelzach-196.jpg,Ceremony,rachelzach-196.jpg,,reviewed_no_person,ignore,drink station detail
Ceremony/rachelzach-198.jpg,Ceremony,rachelzach-198.jpg,,reviewed_no_person,ignore,wide ceremony group
Ceremony/rachelzach-199.jpg,Ceremony,rachelzach-199.jpg,,unconfirmed,,
Ceremony/rachelzach-202.jpg,Ceremony,rachelzach-202.jpg,,reviewed_no_person,ignore,wide ceremony group
Ceremony/rachelzach-205.jpg,Ceremony,rachelzach-205.jpg,Tim J,confirmed_people,,
Ceremony/rachelzach-209.jpg,Ceremony,rachelzach-209.jpg,,unconfirmed,,
Ceremony/rachelzach-211.jpg,Ceremony,rachelzach-211.jpg,,reviewed_no_person,ignore,distant ceremony guests
Ceremony/rachelzach-212.jpg,Ceremony,rachelzach-212.jpg,,reviewed_no_person,ignore,distant ceremony scene
Ceremony/rachelzach-213.jpg,Ceremony,rachelzach-213.jpg,,unconfirmed,,
Ceremony/rachelzach-214.jpg,Ceremony,rachelzach-214.jpg,Marty,confirmed_people,,
Ceremony/rachelzach-216.jpg,Ceremony,rachelzach-216.jpg,,reviewed_no_person,ignore,distant guests and scenery
Ceremony/rachelzach-217.jpg,Ceremony,rachelzach-217.jpg,,unconfirmed,,
Ceremony/rachelzach-218.jpg,Ceremony,rachelzach-218.jpg,Adi; Morgan,confirmed_people,,
Ceremony/rachelzach-219.jpg,Ceremony,rachelzach-219.jpg,Bryant,confirmed_people,,
Ceremony/rachelzach-220.jpg,Ceremony,rachelzach-220.jpg,Bryant; Sean Morse,confirmed_people,,
Ceremony/rachelzach-221.jpg,Ceremony,rachelzach-221.jpg,JUELS; Spencer Soltman,confirmed_people,,
Ceremony/rachelzach-225.jpg,Ceremony,rachelzach-225.jpg,,reviewed_no_person,ignore,backs and distant guests
Ceremony/rachelzach-226.jpg,Ceremony,rachelzach-226.jpg,,reviewed_no_person,ignore,backs and distant guests
Ceremony/rachelzach-227.jpg,Ceremony,rachelzach-227.jpg,,unconfirmed,,
Ceremony/rachelzach-228.jpg,Ceremony,rachelzach-228.jpg,,reviewed_no_person,ignore,wide guests mostly distant
Ceremony/rachelzach-229.jpg,Ceremony,rachelzach-229.jpg,,unconfirmed,,
Ceremony/rachelzach-230.jpg,Ceremony,rachelzach-230.jpg,Siri,confirmed_people,,
Ceremony/rachelzach-231.jpg,Ceremony,rachelzach-231.jpg,JUELS; Steve M; Tav,confirmed_people,,
Ceremony/rachelzach-232.jpg,Ceremony,rachelzach-232.jpg,,unconfirmed,,
Ceremony/rachelzach-233.jpg,Ceremony,rachelzach-233.jpg,Carter; Richie; Rush,confirmed_people,,
Ceremony/rachelzach-234.jpg,Ceremony,rachelzach-234.jpg,,unconfirmed,,
Ceremony/rachelzach-235.jpg,Ceremony,rachelzach-235.jpg,Ronald Harris; Sam Ankin,confirmed_people,,
Ceremony/rachelzach-236.jpg,Ceremony,rachelzach-236.jpg,Phil Quist,confirmed_people,,
Ceremony/rachelzach-237.jpg,Ceremony,rachelzach-237.jpg,Phil Quist,confirmed_people,,
Ceremony/rachelzach-238.jpg,Ceremony,rachelzach-238.jpg,Phil Quist,confirmed_people,,
Ceremony/rachelzach-239.jpg,Ceremony,rachelzach-239.jpg,,unconfirmed,,
Ceremony/rachelzach-240.jpg,Ceremony,rachelzach-240.jpg,Jamie; Natalie,confirmed_people,,
Ceremony/rachelzach-241.jpg,Ceremony,rachelzach-241.jpg,,reviewed_no_person,ignore,back view scenic portrait
Ceremony/rachelzach-242.jpg,Ceremony,rachelzach-242.jpg,Adam Lynn,confirmed_people,,
Ceremony/rachelzach-243.jpg,Ceremony,rachelzach-243.jpg,Amanda; Bryant; Nate O,confirmed_people,,
Ceremony/rachelzach-244.jpg,Ceremony,rachelzach-244.jpg,Dubov; Spencer Soltman,confirmed_people,,
Ceremony/rachelzach-245.jpg,Ceremony,rachelzach-245.jpg,Rush,confirmed_people,,
Ceremony/rachelzach-246.jpg,Ceremony,rachelzach-246.jpg,,unconfirmed,,
Ceremony/rachelzach-247.jpg,Ceremony,rachelzach-247.jpg,,reviewed_no_person,ignore,backs of seated guests
Ceremony/rachelzach-248.jpg,Ceremony,rachelzach-248.jpg,,reviewed_no_person,ignore,backs of seated guests
Ceremony/rachelzach-249.jpg,Ceremony,rachelzach-249.jpg,Chad Slomovitz; Patti; Robbie; Zach Soskin,confirmed_people,,
Ceremony/rachelzach-250.jpg,Ceremony,rachelzach-250.jpg,,unconfirmed,,
Ceremony/rachelzach-251.jpg,Ceremony,rachelzach-251.jpg,Ronald Harris,confirmed_people,,
Ceremony/rachelzach-252.jpg,Ceremony,rachelzach-252.jpg,Phil C,confirmed_people,,
Ceremony/rachelzach-253.jpg,Ceremony,rachelzach-253.jpg,Bob P; Lauren Lurie,confirmed_people,,
Ceremony/rachelzach-254.jpg,Ceremony,rachelzach-254.jpg,Debi; Lauren Lurie; Phil C,confirmed_people,,
Ceremony/rachelzach-255.jpg,Ceremony,rachelzach-255.jpg,Robbie; Zach Soskin,confirmed_people,,
Ceremony/rachelzach-256.jpg,Ceremony,rachelzach-256.jpg,Debi,confirmed_people,,
Ceremony/rachelzach-257.jpg,Ceremony,rachelzach-257.jpg,,reviewed_no_person,ignore,processional from behind
Ceremony/rachelzach-258.jpg,Ceremony,rachelzach-258.jpg,Patti; Robbie; Zach Soskin,confirmed_people,,
Ceremony/rachelzach-259.jpg,Ceremony,rachelzach-259.jpg,Patti; Robbie; Zach Soskin,confirmed_people,,
Ceremony/rachelzach-260.jpg,Ceremony,rachelzach-260.jpg,Chad Slomovitz; Maddie Slomovitz,confirmed_people,,
Ceremony/rachelzach-261.jpg,Ceremony,rachelzach-261.jpg,Patti,confirmed_people,,
Ceremony/rachelzach-262.jpg,Ceremony,rachelzach-262.jpg,,unconfirmed,,
Ceremony/rachelzach-263.jpg,Ceremony,rachelzach-263.jpg,Zach Soskin,confirmed_people,,
Ceremony/rachelzach-264.jpg,Ceremony,rachelzach-264.jpg,Chad Slomovitz; Maddie Slomovitz; Stephanie Soskin,confirmed_people,,
Ceremony/rachelzach-265.jpg,Ceremony,rachelzach-265.jpg,Jake Lurie; Sally,confirmed_people,,
Ceremony/rachelzach-266.jpg,Ceremony,rachelzach-266.jpg,,unconfirmed,,
Ceremony/rachelzach-267.jpg,Ceremony,rachelzach-267.jpg,,unconfirmed,,
Ceremony/rachelzach-268.jpg,Ceremony,rachelzach-268.jpg,J Til; Kaitlin Burns,confirmed_people,,
Ceremony/rachelzach-269.jpg,Ceremony,rachelzach-269.jpg,Tara,confirmed_people,,
Ceremony/rachelzach-270.jpg,Ceremony,rachelzach-270.jpg,Jake Lurie; Lauren Lurie; Sally,confirmed_people,,
Ceremony/rachelzach-271.jpg,Ceremony,rachelzach-271.jpg,Sally,confirmed_people,,
Ceremony/rachelzach-272.jpg,Ceremony,rachelzach-272.jpg,Tim J; Trelawny,confirmed_people,,
Ceremony/rachelzach-273.jpg,Ceremony,rachelzach-273.jpg,,unconfirmed,,
Ceremony/rachelzach-274.jpg,Ceremony,rachelzach-274.jpg,J Til; Kaitlin Burns,confirmed_people,,
Ceremony/rachelzach-275.jpg,Ceremony,rachelzach-275.jpg,J Til; Kaitlin Burns,confirmed_people,,
Ceremony/rachelzach-276.jpg,Ceremony,rachelzach-276.jpg,Keagen; Lauren Bond,confirmed_people,,
Ceremony/rachelzach-277.jpg,Ceremony,rachelzach-277.jpg,SCOTT L; Tim J; Trelawny,confirmed_people,,
Ceremony/rachelzach-278.jpg,Ceremony,rachelzach-278.jpg,Tim J; Trelawny,confirmed_people,,
Ceremony/rachelzach-279.jpg,Ceremony,rachelzach-279.jpg,Keagen; Lauren Bond,confirmed_people,,
Ceremony/rachelzach-280.jpg,Ceremony,rachelzach-280.jpg,Jorie; Kelsey Meyers,confirmed_people,,
Ceremony/rachelzach-281.jpg,Ceremony,rachelzach-281.jpg,Keagen; Lauren Bond,confirmed_people,,
Ceremony/rachelzach-282.jpg,Ceremony,rachelzach-282.jpg,Keagen,confirmed_people,,
Ceremony/rachelzach-283.jpg,Ceremony,rachelzach-283.jpg,Jeffry Lurie; Kayla,confirmed_people,,
Ceremony/rachelzach-284.jpg,Ceremony,rachelzach-284.jpg,Jason Howarth; Jorie; Kelsey Meyers; Leeann; SCOTT L,confirmed_people,,
Ceremony/rachelzach-285.jpg,Ceremony,rachelzach-285.jpg,Beth; Debi,confirmed_people,,
Ceremony/rachelzach-286.jpg,Ceremony,rachelzach-286.jpg,,unconfirmed,,
Ceremony/rachelzach-287.jpg,Ceremony,rachelzach-287.jpg,Leeann; Parker,confirmed_people,,
Ceremony/rachelzach-288.jpg,Ceremony,rachelzach-288.jpg,J Til; Keagen; Parker; Tim J,confirmed_people,,
Ceremony/rachelzach-289.jpg,Ceremony,rachelzach-289.jpg,Phil C; Zach Soskin,confirmed_people,,
Ceremony/rachelzach-290.jpg,Ceremony,rachelzach-290.jpg,Phil C; Zach Soskin,confirmed_people,,
Ceremony/rachelzach-291.jpg,Ceremony,rachelzach-291.jpg,J Til; Jorie; Keagen; Riley; Tim J,confirmed_people,,
Ceremony/rachelzach-292.jpg,Ceremony,rachelzach-292.jpg,,unconfirmed,,
Ceremony/rachelzach-293.jpg,Ceremony,rachelzach-293.jpg,J Til; Jake Lurie; Keagen; Patti; Robbie; Tim J,confirmed_people,,
Ceremony/rachelzach-294.jpg,Ceremony,rachelzach-294.jpg,J Til; Jake Lurie; Jeffry Lurie; Keagen; Parker; Patti; Robbie; Tim J,confirmed_people,,
Ceremony/rachelzach-295.jpg,Ceremony,rachelzach-295.jpg,Zach Soskin,confirmed_people,,
Ceremony/rachelzach-296.jpg,Ceremony,rachelzach-296.jpg,Zach Soskin,confirmed_people,,
Ceremony/rachelzach-297.jpg,Ceremony,rachelzach-297.jpg,Dan Casciano; Rachel Casciano,confirmed_people,,
Ceremony/rachelzach-298.jpg,Ceremony,rachelzach-298.jpg,Rachel Casciano; Zach Soskin,corrected_people,replace,bride and groom ceremony
Ceremony/rachelzach-299.jpg,Ceremony,rachelzach-299.jpg,Keagen,confirmed_people,,
Ceremony/rachelzach-300.jpg,Ceremony,rachelzach-300.jpg,Dan Casciano; Debi; Erik; Melanie Casciano; Nancy Lurie; Rachel Casciano,confirmed_people,,
Ceremony/rachelzach-301.jpg,Ceremony,rachelzach-301.jpg,Zach Soskin,confirmed_people,,
Ceremony/rachelzach-302.jpg,Ceremony,rachelzach-302.jpg,Dan Casciano; Debi; Erik; Keagen; Melanie Casciano; Rachel Casciano; Tim J; TODD LEONARD,confirmed_people,,
Ceremony/rachelzach-303.jpg,Ceremony,rachelzach-303.jpg,Beth; Dan Casciano; Jake Lurie; Keagen; Parker; Patti; Tim J,confirmed_people,,
Ceremony/rachelzach-304.jpg,Ceremony,rachelzach-304.jpg,Phil C; Zach Soskin,confirmed_people,,
Ceremony/rachelzach-305.jpg,Ceremony,rachelzach-305.jpg,Adam Stillman; Beth; J Til; Keagen; Patti; Rachel Casciano,confirmed_people,,
Ceremony/rachelzach-306.jpg,Ceremony,rachelzach-306.jpg,J Til; Jake Lurie; Keagen; Patti; Robbie; Ronald Harris; Tim J; Zach Soskin,confirmed_people,,
Ceremony/rachelzach-307.jpg,Ceremony,rachelzach-307.jpg,Phil C; Zach Soskin,confirmed_people,,
Ceremony/rachelzach-308.jpg,Ceremony,rachelzach-308.jpg,Rachel Casciano; Zach Soskin,corrected_people,replace,bride and groom ceremony
Ceremony/rachelzach-309.jpg,Ceremony,rachelzach-309.jpg,Rachel Casciano; Zach Soskin,corrected_people,replace,bride and groom ceremony
Ceremony/rachelzach-310.jpg,Ceremony,rachelzach-310.jpg,Phil C; Zach Soskin,confirmed_people,,
Ceremony/rachelzach-311.jpg,Ceremony,rachelzach-311.jpg,Phil C; Zach Soskin,confirmed_people,,
Ceremony/rachelzach-312.jpg,Ceremony,rachelzach-312.jpg,Phil C; Zach Soskin,confirmed_people,,
Ceremony/rachelzach-313.jpg,Ceremony,rachelzach-313.jpg,Rachel Casciano,confirmed_people,,
Ceremony/rachelzach-314.jpg,Ceremony,rachelzach-314.jpg,Phil C; Zach Soskin,confirmed_people,,
Ceremony/rachelzach-315.jpg,Ceremony,rachelzach-315.jpg,Phil C; Zach Soskin,confirmed_people,,
Ceremony/rachelzach-316.jpg,Ceremony,rachelzach-316.jpg,Chad Slomovitz; Jeffry Lurie; Jorie; Parker; Patti; Phil C; Ronald Harris,confirmed_people,,
Ceremony/rachelzach-317.jpg,Ceremony,rachelzach-317.jpg,Keagen; Tim J; Zach Soskin,confirmed_people,,
Ceremony/rachelzach-318.jpg,Ceremony,rachelzach-318.jpg,Dan Casciano; Maddie Slomovitz; Sam Ankin; Stephanie Soskin,confirmed_people,,
Ceremony/rachelzach-319.jpg,Ceremony,rachelzach-319.jpg,Zach Soskin,confirmed_people,,
Ceremony/rachelzach-320.jpg,Ceremony,rachelzach-320.jpg,Zach Soskin,confirmed_people,,
Ceremony/rachelzach-321.jpg,Ceremony,rachelzach-321.jpg,Zach Soskin,confirmed_people,,
Ceremony/rachelzach-322.jpg,Ceremony,rachelzach-322.jpg,Phil C; Zach Soskin,confirmed_people,,
Ceremony/rachelzach-323.jpg,Ceremony,rachelzach-323.jpg,J Til; Jody Post; Keagen; Parker; Patti; Robbie; Ronald Harris; Tim J,confirmed_people,,
Ceremony/rachelzach-324.jpg,Ceremony,rachelzach-324.jpg,,reviewed_no_person,ignore,coastline landscape
Ceremony/rachelzach-325.jpg,Ceremony,rachelzach-325.jpg,Zach Soskin,confirmed_people,,
Ceremony/rachelzach-326.jpg,Ceremony,rachelzach-326.jpg,,reviewed_no_person,ignore,wide seated guests
Ceremony/rachelzach-327.jpg,Ceremony,rachelzach-327.jpg,Phil C; Zach Soskin,confirmed_people,,
Ceremony/rachelzach-328.jpg,Ceremony,rachelzach-328.jpg,,unconfirmed,,
Ceremony/rachelzach-329.jpg,Ceremony,rachelzach-329.jpg,Phil C; Zach Soskin,confirmed_people,,
Ceremony/rachelzach-330.jpg,Ceremony,rachelzach-330.jpg,Phil C; Rachel Casciano; Zach Soskin,confirmed_people,,
Ceremony/rachelzach-331.jpg,Ceremony,rachelzach-331.jpg,Phil C; Rachel Casciano; Zach Soskin,confirmed_people,,
Ceremony/rachelzach-332.jpg,Ceremony,rachelzach-332.jpg,Phil C; Zach Soskin,confirmed_people,,
Ceremony/rachelzach-333.jpg,Ceremony,rachelzach-333.jpg,Phil C; Rachel Casciano; Zach Soskin,confirmed_people,,
Ceremony/rachelzach-334.jpg,Ceremony,rachelzach-334.jpg,,unconfirmed,,
Ceremony/rachelzach-335.jpg,Ceremony,rachelzach-335.jpg,Adi; Brendan,confirmed_people,,
Ceremony/rachelzach-336.jpg,Ceremony,rachelzach-336.jpg,Phil C; Zach Soskin,confirmed_people,,
Ceremony/rachelzach-337.jpg,Ceremony,rachelzach-337.jpg,Nate waldron,confirmed_people,,
Ceremony/rachelzach-338.jpg,Ceremony,rachelzach-338.jpg,Phil C; Zach Soskin,confirmed_people,,
Ceremony/rachelzach-339.jpg,Ceremony,rachelzach-339.jpg,Phil C; Zach Soskin,confirmed_people,,
Ceremony/rachelzach-340.jpg,Ceremony,rachelzach-340.jpg,Phil C; Zach Soskin,confirmed_people,,
Ceremony/rachelzach-341.jpg,Ceremony,rachelzach-341.jpg,,unconfirmed,,
Ceremony/rachelzach-342.jpg,Ceremony,rachelzach-342.jpg,Dan Casciano,confirmed_people,,
Ceremony/rachelzach-343.jpg,Ceremony,rachelzach-343.jpg,Jamie; Tim Meyers,confirmed_people,,
Ceremony/rachelzach-344.jpg,Ceremony,rachelzach-344.jpg,Chris; Jamie; Phil Quist,confirmed_people,,
Ceremony/rachelzach-345.jpg,Ceremony,rachelzach-345.jpg,Debi; Morgan,confirmed_people,,
Ceremony/rachelzach-346.jpg,Ceremony,rachelzach-346.jpg,Melanie Casciano; Zach Soskin,confirmed_people,,
Ceremony/rachelzach-347.jpg,Ceremony,rachelzach-347.jpg,,unconfirmed,,
Ceremony/rachelzach-348.jpg,Ceremony,rachelzach-348.jpg,,reviewed_no_person,ignore,cropped ceremony hands
Ceremony/rachelzach-349.jpg,Ceremony,rachelzach-349.jpg,,reviewed_no_person,ignore,bouquet and cropped guests
Ceremony/rachelzach-350.jpg,Ceremony,rachelzach-350.jpg,Patti; Robbie; Ronald Harris,confirmed_people,,
Ceremony/rachelzach-351.jpg,Ceremony,rachelzach-351.jpg,Patti; Robbie; Ronald Harris; Zach Soskin,confirmed_people,,
Ceremony/rachelzach-352.jpg,Ceremony,rachelzach-352.jpg,,unconfirmed,,
Ceremony/rachelzach-353.jpg,Ceremony,rachelzach-353.jpg,,reviewed_no_person,ignore,cropped guest no face
Ceremony/rachelzach-354.jpg,Ceremony,rachelzach-354.jpg,Phil C; Zach Soskin,confirmed_people,,
Ceremony/rachelzach-355.jpg,Ceremony,rachelzach-355.jpg,Zach Soskin,confirmed_people,,
Ceremony/rachelzach-356.jpg,Ceremony,rachelzach-356.jpg,Zach Soskin,confirmed_people,,
Ceremony/rachelzach-357.jpg,Ceremony,rachelzach-357.jpg,Zach Soskin,confirmed_people,,
Ceremony/rachelzach-358.jpg,Ceremony,rachelzach-358.jpg,Chad Slomovitz; Jeffry Lurie; Jorie; Parker; Patti; Robbie; Ronald Harris,confirmed_people,,
Ceremony/rachelzach-359.jpg,Ceremony,rachelzach-359.jpg,Rachel Casciano,confirmed_people,,
Ceremony/rachelzach-360.jpg,Ceremony,rachelzach-360.jpg,,unconfirmed,,
Ceremony/rachelzach-361.jpg,Ceremony,rachelzach-361.jpg,,unconfirmed,,
Ceremony/rachelzach-362.jpg,Ceremony,rachelzach-362.jpg,Dan Casciano; Kaitlin Burns; Kelsey Meyers; Melanie Casciano; Sally; Tara,confirmed_people,,
Ceremony/rachelzach-363.jpg,Ceremony,rachelzach-363.jpg,Robbie,confirmed_people,,
Ceremony/rachelzach-364.jpg,Ceremony,rachelzach-364.jpg,Zach Soskin,confirmed_people,,
Ceremony/rachelzach-365.jpg,Ceremony,rachelzach-365.jpg,Rachel Casciano,confirmed_people,,
Ceremony/rachelzach-366.jpg,Ceremony,rachelzach-366.jpg,Rachel Casciano,confirmed_people,,
Ceremony/rachelzach-367.jpg,Ceremony,rachelzach-367.jpg,Rachel Casciano,confirmed_people,,
Ceremony/rachelzach-368.jpg,Ceremony,rachelzach-368.jpg,Zach Soskin,confirmed_people,,
Ceremony/rachelzach-369.jpg,Ceremony,rachelzach-369.jpg,Zach Soskin,confirmed_people,,
Ceremony/rachelzach-370.jpg,Ceremony,rachelzach-370.jpg,,unconfirmed,,
Ceremony/rachelzach-371.jpg,Ceremony,rachelzach-371.jpg,Rachel Casciano; Zach Soskin,corrected_people,replace,wide ceremony couple
Ceremony/rachelzach-372.jpg,Ceremony,rachelzach-372.jpg,Phil C; Zach Soskin,confirmed_people,,
Ceremony/rachelzach-373.jpg,Ceremony,rachelzach-373.jpg,Zach Soskin,confirmed_people,,
Ceremony/rachelzach-374.jpg,Ceremony,rachelzach-374.jpg,Zach Soskin,confirmed_people,,
Ceremony/rachelzach-375.jpg,Ceremony,rachelzach-375.jpg,Rachel Casciano,confirmed_people,,
Ceremony/rachelzach-376.jpg,Ceremony,rachelzach-376.jpg,Rachel Casciano,confirmed_people,,
Ceremony/rachelzach-377.jpg,Ceremony,rachelzach-377.jpg,Gisel; Nate O; Tim Meyers,confirmed_people,,
Ceremony/rachelzach-378.jpg,Ceremony,rachelzach-378.jpg,Rachel Casciano,confirmed_people,,
Ceremony/rachelzach-379.jpg,Ceremony,rachelzach-379.jpg,Rachel Casciano,confirmed_people,,
Ceremony/rachelzach-380.jpg,Ceremony,rachelzach-380.jpg,Maddie Slomovitz; Rachel Casciano; Stephanie Soskin,confirmed_people,,
Ceremony/rachelzach-381.jpg,Ceremony,rachelzach-381.jpg,Rachel Casciano; Stephanie Soskin,confirmed_people,,
Ceremony/rachelzach-382.jpg,Ceremony,rachelzach-382.jpg,Maddie Slomovitz; Rachel Casciano; Stephanie Soskin,confirmed_people,,
Ceremony/rachelzach-383.jpg,Ceremony,rachelzach-383.jpg,Rachel Casciano,confirmed_people,,
Ceremony/rachelzach-384.jpg,Ceremony,rachelzach-384.jpg,,unconfirmed,,
Ceremony/rachelzach-385.jpg,Ceremony,rachelzach-385.jpg,,unconfirmed,,
Ceremony/rachelzach-386.jpg,Ceremony,rachelzach-386.jpg,Phil C; Zach Soskin,confirmed_people,,
Ceremony/rachelzach-387.jpg,Ceremony,rachelzach-387.jpg,Phil C,confirmed_people,,
Ceremony/rachelzach-388.jpg,Ceremony,rachelzach-388.jpg,Phil C; Zach Soskin,confirmed_people,,
Ceremony/rachelzach-389.jpg,Ceremony,rachelzach-389.jpg,Rachel Casciano; Zach Soskin,corrected_people,replace,bride and groom kiss
Ceremony/rachelzach-390.jpg,Ceremony,rachelzach-390.jpg,Rachel Casciano; Zach Soskin,corrected_people,replace,bride and groom kiss
Ceremony/rachelzach-391.jpg,Ceremony,rachelzach-391.jpg,Zach Soskin,confirmed_people,,
Ceremony/rachelzach-392.jpg,Ceremony,rachelzach-392.jpg,Rachel Casciano; Zach Soskin,corrected_people,replace,bride and groom kiss
Ceremony/rachelzach-393.jpg,Ceremony,rachelzach-393.jpg,Rachel Casciano; Zach Soskin,corrected_people,replace,bride and groom kiss
Ceremony/rachelzach-394.jpg,Ceremony,rachelzach-394.jpg,Rachel Casciano; Zach Soskin,corrected_people,replace,bride and groom kiss
Ceremony/rachelzach-395.jpg,Ceremony,rachelzach-395.jpg,Rachel Casciano,confirmed_people,,
Ceremony/rachelzach-396.jpg,Ceremony,rachelzach-396.jpg,Rachel Casciano,confirmed_people,,
Ceremony/rachelzach-397.jpg,Ceremony,rachelzach-397.jpg,Keagen; Rachel Casciano; Sally; Tim J; Zach Soskin,confirmed_people,,
Ceremony/rachelzach-398.jpg,Ceremony,rachelzach-398.jpg,Keagen; Rachel Casciano; Tim J; Zach Soskin,confirmed_people,,
Ceremony/rachelzach-399.jpg,Ceremony,rachelzach-399.jpg,Keagen; Rachel Casciano; Zach Soskin,confirmed_people,,
Ceremony/rachelzach-400.jpg,Ceremony,rachelzach-400.jpg,Keagen; Phil Quist; Rachel Casciano; Zach Soskin,confirmed_people,,
Ceremony/rachelzach-401.jpg,Ceremony,rachelzach-401.jpg,Keagen; Rachel Casciano; Zach Soskin,confirmed_people,,
Ceremony/rachelzach-402.jpg,Ceremony,rachelzach-402.jpg,Keagen; Rachel Casciano; Zach Soskin,confirmed_people,,
Ceremony/rachelzach-403.jpg,Ceremony,rachelzach-403.jpg,Rachel Casciano; Zach Soskin,confirmed_people,,
Ceremony/rachelzach-404.jpg,Ceremony,rachelzach-404.jpg,SCOTT L,confirmed_people,,
Ceremony/rachelzach-405.jpg,Ceremony,rachelzach-405.jpg,Keagen; SCOTT L,confirmed_people,,
Ceremony/rachelzach-406.jpg,Ceremony,rachelzach-406.jpg,Keagen,confirmed_people,,
Ceremony/rachelzach-407.jpg,Ceremony,rachelzach-407.jpg,SCOTT L; Zach Soskin,confirmed_people,,
Ceremony/rachelzach-408.jpg,Ceremony,rachelzach-408.jpg,SCOTT L,confirmed_people,,
Ceremony/rachelzach-409.jpg,Ceremony,rachelzach-409.jpg,Zach Soskin,confirmed_people,,
Ceremony/rachelzach-410.jpg,Ceremony,rachelzach-410.jpg,Rachel Casciano; Zach Soskin,confirmed_people,,
Ceremony/rachelzach-411.jpg,Ceremony,rachelzach-411.jpg,Matt; Rachel Casciano,confirmed_people,,
Ceremony/rachelzach-412.jpg,Ceremony,rachelzach-412.jpg,Rachel Casciano; Zach Soskin,corrected_people,replace,bride and groom from behind
Ceremony/rachelzach-413.jpg,Ceremony,rachelzach-413.jpg,Rachel Casciano; Zach Soskin,corrected_people,replace,bride and groom embrace
Ceremony/rachelzach-414.jpg,Ceremony,rachelzach-414.jpg,Zach Soskin,confirmed_people,,
Ceremony/rachelzach-415.jpg,Ceremony,rachelzach-415.jpg,Rachel Casciano; Zach Soskin,corrected_people,replace,bride and groom embrace
Ceremony/rachelzach-416.jpg,Ceremony,rachelzach-416.jpg,Nate O; Siri,confirmed_people,,
Ceremony/rachelzach-417.jpg,Ceremony,rachelzach-417.jpg,,unconfirmed,,
Ceremony/rachelzach-418.jpg,Ceremony,rachelzach-418.jpg,Rachel Casciano; Zach Soskin,confirmed_people,,
Ceremony/rachelzach-419.jpg,Ceremony,rachelzach-419.jpg,Zach Soskin,confirmed_people,,
Ceremony/rachelzach-420.jpg,Ceremony,rachelzach-420.jpg,,unconfirmed,,
Ceremony/rachelzach-421.jpg,Ceremony,rachelzach-421.jpg,Rachel Casciano; Zach Soskin,confirmed_people,,
Ceremony/rachelzach-422.jpg,Ceremony,rachelzach-422.jpg,Rachel Casciano; Zach Soskin,confirmed_people,,
Ceremony/rachelzach-423.jpg,Ceremony,rachelzach-423.jpg,Rachel Casciano,confirmed_people,,
Friends & Family/rachelzach-424.jpg,Friends & Family,rachelzach-424.jpg,Dan Casciano; Melanie Casciano; Rachel Casciano; Zach Soskin,confirmed_people,,
Friends & Family/rachelzach-425.jpg,Friends & Family,rachelzach-425.jpg,Dan Casciano; Melanie Casciano; Rachel Casciano; Zach Soskin,confirmed_people,,
Friends & Family/rachelzach-426.jpg,Friends & Family,rachelzach-426.jpg,Dan Casciano; Melanie Casciano; Rachel Casciano,confirmed_people,,
Friends & Family/rachelzach-427.jpg,Friends & Family,rachelzach-427.jpg,Dan Casciano; Melanie Casciano; Rachel Casciano,confirmed_people,,
Friends & Family/rachelzach-428.jpg,Friends & Family,rachelzach-428.jpg,Dan Casciano; Melanie Casciano; Patti; Rachel Casciano; Robbie; Zach Soskin,confirmed_people,,
Friends & Family/rachelzach-429.jpg,Friends & Family,rachelzach-429.jpg,Patti; Rachel Casciano; Robbie; Zach Soskin,confirmed_people,,
Friends & Family/rachelzach-430.jpg,Friends & Family,rachelzach-430.jpg,Patti; Rachel Casciano; Robbie; Zach Soskin,confirmed_people,,
Friends & Family/rachelzach-431.jpg,Friends & Family,rachelzach-431.jpg,Patti; Robbie; Zach Soskin,confirmed_people,,
Friends & Family/rachelzach-432.jpg,Friends & Family,rachelzach-432.jpg,Patti; Zach Soskin,confirmed_people,,
Friends & Family/rachelzach-433.jpg,Friends & Family,rachelzach-433.jpg,Robbie; Zach Soskin,confirmed_people,,
Friends & Family/rachelzach-434.jpg,Friends & Family,rachelzach-434.jpg,Rachel Casciano; Ronald Harris; Zach Soskin,confirmed_people,,
Friends & Family/rachelzach-435.jpg,Friends & Family,rachelzach-435.jpg,Patti; Rachel Casciano; Robbie; Ronald Harris; Zach Soskin,confirmed_people,,
Friends & Family/rachelzach-436.jpg,Friends & Family,rachelzach-436.jpg,Chad Slomovitz; Jorie; Maddie Slomovitz; Parker; Patti; Rachel Casciano; Riley; Robbie; Stephanie Soskin; Zach Soskin,confirmed_people,,
Friends & Family/rachelzach-437.jpg,Friends & Family,rachelzach-437.jpg,Chad Slomovitz; Jorie; Maddie Slomovitz; Parker; Patti; Rachel Casciano; Rylie; Stephanie Soskin; Zach Soskin,confirmed_people,,
Friends & Family/rachelzach-438.jpg,Friends & Family,rachelzach-438.jpg,Chad Slomovitz; Jorie; Maddie Slomovitz; Parker; Rachel Casciano; Rylie; Stephanie Soskin; Zach Soskin,confirmed_people,,
Friends & Family/rachelzach-439.jpg,Friends & Family,rachelzach-439.jpg,Chad Slomovitz; Jorie; Maddie Slomovitz; Rachel Casciano; Rylie; Stephanie Soskin; Zach Soskin,confirmed_people,,
Friends & Family/rachelzach-440.jpg,Friends & Family,rachelzach-440.jpg,Chad Slomovitz; Jorie; Maddie Slomovitz; Rachel Casciano; Stephanie Soskin; Zach Soskin,confirmed_people,,
Friends & Family/rachelzach-441.jpg,Friends & Family,rachelzach-441.jpg,Chad Slomovitz; Jorie; Maddie Slomovitz; Rachel Casciano; Stephanie Soskin; Zach Soskin,confirmed_people,,
Friends & Family/rachelzach-442.jpg,Friends & Family,rachelzach-442.jpg,Dan Casciano,confirmed_people,,
Friends & Family/rachelzach-444.jpg,Friends & Family,rachelzach-444.jpg,Jorie; Maddie Slomovitz; Zach Soskin,confirmed_people,,
Friends & Family/rachelzach-445.jpg,Friends & Family,rachelzach-445.jpg,Jorie; Maddie Slomovitz; Patti; Robbie; Zach Soskin,confirmed_people,,
Friends & Family/rachelzach-446.jpg,Friends & Family,rachelzach-446.jpg,Jorie,confirmed_people,,
Friends & Family/rachelzach-447.jpg,Friends & Family,rachelzach-447.jpg,Kaitlin Burns; Kayla; Kelsey Meyers; Lauren Bond; Maddie Slomovitz; Rachel Casciano; Sally; Stephanie Soskin; Tara; Trelawny,confirmed_people,,
Friends & Family/rachelzach-448.jpg,Friends & Family,rachelzach-448.jpg,Kelsey Meyers; Lauren Bond; Maddie Slomovitz; Rachel Casciano; Sally; Trelawny,confirmed_people,,
Friends & Family/rachelzach-450.jpg,Friends & Family,rachelzach-450.jpg,Maddie Slomovitz; Rachel Casciano; Sally; Trelawny,confirmed_people,,
Friends & Family/rachelzach-451.jpg,Friends & Family,rachelzach-451.jpg,Kelsey Meyers; Lauren Bond; Rachel Casciano; Sally; Stephanie Soskin; Trelawny,confirmed_people,,
Friends & Family/rachelzach-452.jpg,Friends & Family,rachelzach-452.jpg,Lauren Bond; Maddie Slomovitz; Rachel Casciano; Sally,confirmed_people,,
Friends & Family/rachelzach-453.jpg,Friends & Family,rachelzach-453.jpg,Kelsey Meyers; Lauren Bond; Rachel Casciano; Sally,confirmed_people,,
Friends & Family/rachelzach-454.jpg,Friends & Family,rachelzach-454.jpg,Kelsey Meyers; Lauren Bond; Rachel Casciano; Sally; Trelawny,confirmed_people,,
Friends & Family/rachelzach-455.jpg,Friends & Family,rachelzach-455.jpg,Kelsey Meyers; Lauren Bond; Maddie Slomovitz; Sally; Tara,confirmed_people,,
Friends & Family/rachelzach-459.jpg,Friends & Family,rachelzach-459.jpg,Kaitlin Burns; Kayla; Kelsey Meyers; Lauren Bond; Maddie Slomovitz; Rachel Casciano; Sally; Stephanie Soskin; Tara; Trelawny,confirmed_people,,
Friends & Family/rachelzach-461.jpg,Friends & Family,rachelzach-461.jpg,Kayla; Kelsey Meyers; Lauren Bond; Maddie Slomovitz; Rachel Casciano; Sally; Trelawny,confirmed_people,,
Friends & Family/rachelzach-462.jpg,Friends & Family,rachelzach-462.jpg,Kayla; Kelsey Meyers; Lauren Bond; Maddie Slomovitz; Rachel Casciano; Sally; Tara; Trelawny,confirmed_people,,
Friends & Family/rachelzach-464.jpg,Friends & Family,rachelzach-464.jpg,Kaitlin Burns; Kayla; Kelsey Meyers; Lauren Bond; Maddie Slomovitz; Rachel Casciano; Sally; Stephanie Soskin; Tara; Trelawny,confirmed_people,,
Friends & Family/rachelzach-465.jpg,Friends & Family,rachelzach-465.jpg,,unconfirmed,,
Friends & Family/rachelzach-466.jpg,Friends & Family,rachelzach-466.jpg,,unconfirmed,,
Friends & Family/rachelzach-467.jpg,Friends & Family,rachelzach-467.jpg,Trelawny,confirmed_people,,
Friends & Family/rachelzach-469.jpg,Friends & Family,rachelzach-469.jpg,Chad Slomovitz; Jake Lurie; Jorie; Keagen; Kelsey Meyers; Maddie Slomovitz; Phil C; Zach Soskin,confirmed_people,,
Friends & Family/rachelzach-470.jpg,Friends & Family,rachelzach-470.jpg,Chad Slomovitz; Kelsey Meyers; Maddie Slomovitz; Phil C; Rachel Casciano; Sally; Tim J,confirmed_people,,
Friends & Family/rachelzach-471.jpg,Friends & Family,rachelzach-471.jpg,Adam Stillman; Jorie; Kelsey Meyers; Maddie Slomovitz; Phil C; Trelawny,confirmed_people,,
Friends & Family/rachelzach-472.jpg,Friends & Family,rachelzach-472.jpg,Adam Stillman; Chad Slomovitz; Jake Lurie; Jorie; Kayla; Keagen; Kelsey Meyers; Rachel Casciano; Sally; Tim J; Trelawny; Zach Soskin,confirmed_people,,
Friends & Family/rachelzach-473.jpg,Friends & Family,rachelzach-473.jpg,Adam Stillman; Chad Slomovitz; J Til; Jake Lurie; Jorie; Kaitlin Burns; Kayla; Keagen; Kelsey Meyers; Lauren Bond; Maddie Slomovitz; Phil C; Rachel Casciano; Sally; Trelawny; Zach Soskin,confirmed_people,,
Friends & Family/rachelzach-474.jpg,Friends & Family,rachelzach-474.jpg,Adam Stillman; Chad Slomovitz; Jake Lurie; Kayla; Kelsey Meyers; Maddie Slomovitz; Phil C; Rachel Casciano; Sally; Tim J; Trelawny,confirmed_people,,
Friends & Family/rachelzach-475.jpg,Friends & Family,rachelzach-475.jpg,Adam Stillman; Jake Lurie; Jorie; Kayla; Kelsey Meyers; Maddie Slomovitz; Phil C; Rachel Casciano; Sally; Tim J; Trelawny; Zach Soskin,confirmed_people,,
Friends & Family/rachelzach-476.jpg,Friends & Family,rachelzach-476.jpg,Kayla; Keagen; Maddie Slomovitz; Sally; Tim J; Trelawny,confirmed_people,,
Friends & Family/rachelzach-477.jpg,Friends & Family,rachelzach-477.jpg,Adam Stillman; Chad Slomovitz; Jake Lurie; Kayla; Keagen; Kelsey Meyers; Lauren Bond; Maddie Slomovitz; Phil C; Sally; Tara; Tim J; Trelawny,confirmed_people,,
Friends & Family/rachelzach-478.jpg,Friends & Family,rachelzach-478.jpg,Chad Slomovitz; Kayla; Keagen; Kelsey Meyers; Maddie Slomovitz; Phil C; Sally; Tara; Tim J; Trelawny,confirmed_people,,
Friends & Family/rachelzach-479.jpg,Friends & Family,rachelzach-479.jpg,J Til; Tim J,confirmed_people,,
Friends & Family/rachelzach-480.jpg,Friends & Family,rachelzach-480.jpg,Adam Stillman; Chad Slomovitz; J Til; Jake Lurie; Jorie; Keagen; Maddie Slomovitz; Phil C; Rachel Casciano; Sally; Stephanie Soskin; Tim J; Trelawny,confirmed_people,,
Friends & Family/rachelzach-481.jpg,Friends & Family,rachelzach-481.jpg,Adam Stillman; Chad Slomovitz; J Til; Jake Lurie; Jeffry Lurie; Jorie; Keagen; Phil C; Rachel Casciano; Tim J; Zach Soskin,confirmed_people,,
Friends & Family/rachelzach-482.jpg,Friends & Family,rachelzach-482.jpg,Adam Stillman; Chad Slomovitz; J Til; Jake Lurie; Jeffry Lurie; Jorie; Keagen; Phil C; Rachel Casciano; Tim J; Zach Soskin,confirmed_people,,
Friends & Family/rachelzach-483.jpg,Friends & Family,rachelzach-483.jpg,Adam Stillman; Chad Slomovitz; J Til; Jake Lurie; Keagen; Phil C; Tim J; Zach Soskin,confirmed_people,,
Friends & Family/rachelzach-484.jpg,Friends & Family,rachelzach-484.jpg,Adam Stillman; Chad Slomovitz; J Til; Jake Lurie; Jeffry Lurie; Jorie; Keagen; Phil C; Tim J; Zach Soskin,confirmed_people,,
Friends & Family/rachelzach-485.jpg,Friends & Family,rachelzach-485.jpg,Adam Stillman; Chad Slomovitz; J Til; Jake Lurie; Jeffry Lurie; Jorie; Keagen; Tim J; Zach Soskin,confirmed_people,,
Friends & Family/rachelzach-486.jpg,Friends & Family,rachelzach-486.jpg,Chad Slomovitz; J Til; Jake Lurie; Jeffry Lurie; Jorie; Keagen; Phil C; Tim J; Zach Soskin,confirmed_people,,
Friends & Family/rachelzach-487.jpg,Friends & Family,rachelzach-487.jpg,Chad Slomovitz; Jake Lurie; Jeffry Lurie; Jorie; Phil C; Tim J; Zach Soskin,confirmed_people,,
Friends & Family/rachelzach-489.jpg,Friends & Family,rachelzach-489.jpg,Phil C; Rachel Casciano; Zach Soskin,confirmed_people,,
Friends & Family/rachelzach-490.jpg,Friends & Family,rachelzach-490.jpg,Rachel Casciano; Zach Soskin,corrected_people,replace,couple embrace
Friends & Family/rachelzach-491.jpg,Friends & Family,rachelzach-491.jpg,Phil C; Rachel Casciano,confirmed_people,,
Friends & Family/rachelzach-492.jpg,Friends & Family,rachelzach-492.jpg,Phil C; Rachel Casciano,confirmed_people,,
Cocktail Hour/rachelzach-443.jpg,Cocktail Hour,rachelzach-443.jpg,Ronald Harris,confirmed_people,,
Cocktail Hour/rachelzach-449.jpg,Cocktail Hour,rachelzach-449.jpg,Charlie Weisman,confirmed_people,,
Cocktail Hour/rachelzach-456.jpg,Cocktail Hour,rachelzach-456.jpg,,unconfirmed,,
Cocktail Hour/rachelzach-457.jpg,Cocktail Hour,rachelzach-457.jpg,,unconfirmed,,
Cocktail Hour/rachelzach-458.jpg,Cocktail Hour,rachelzach-458.jpg,Meg,confirmed_people,,
Cocktail Hour/rachelzach-460.jpg,Cocktail Hour,rachelzach-460.jpg,Frankie B,confirmed_people,,
Cocktail Hour/rachelzach-463.jpg,Cocktail Hour,rachelzach-463.jpg,Adi,confirmed_people,,
Cocktail Hour/rachelzach-468.jpg,Cocktail Hour,rachelzach-468.jpg,Taylor Becker,confirmed_people,,
Cocktail Hour/rachelzach-488.jpg,Cocktail Hour,rachelzach-488.jpg,Meg,confirmed_people,,
Cocktail Hour/rachelzach-493.jpg,Cocktail Hour,rachelzach-493.jpg,Zach Soskin,confirmed_people,,
Cocktail Hour/rachelzach-494.jpg,Cocktail Hour,rachelzach-494.jpg,Rachel Casciano; Zach Soskin,confirmed_people,,
Cocktail Hour/rachelzach-495.jpg,Cocktail Hour,rachelzach-495.jpg,Erin,confirmed_people,,
Cocktail Hour/rachelzach-496.jpg,Cocktail Hour,rachelzach-496.jpg,Rachel Casciano; Zach Soskin,confirmed_people,,
Cocktail Hour/rachelzach-497.jpg,Cocktail Hour,rachelzach-497.jpg,Rachel Casciano; Zach Soskin,corrected_people,replace,bride and groom portrait
Cocktail Hour/rachelzach-498.jpg,Cocktail Hour,rachelzach-498.jpg,Rachel Casciano; Zach Soskin,corrected_people,replace,bride and groom portrait
Cocktail Hour/rachelzach-499.jpg,Cocktail Hour,rachelzach-499.jpg,Zach Soskin,confirmed_people,,
Cocktail Hour/rachelzach-500.jpg,Cocktail Hour,rachelzach-500.jpg,Zach Soskin,confirmed_people,,
Cocktail Hour/rachelzach-501.jpg,Cocktail Hour,rachelzach-501.jpg,Zach Soskin,confirmed_people,,
Cocktail Hour/rachelzach-502.jpg,Cocktail Hour,rachelzach-502.jpg,Jorie; Stephanie Soskin,confirmed_people,,
Cocktail Hour/rachelzach-503.jpg,Cocktail Hour,rachelzach-503.jpg,Harris; Riley,confirmed_people,,
Cocktail Hour/rachelzach-504.jpg,Cocktail Hour,rachelzach-504.jpg,,reviewed_no_person,ignore,parasols obscure faces; not searchable guest photo
Cocktail Hour/rachelzach-505.jpg,Cocktail Hour,rachelzach-505.jpg,,reviewed_no_person,ignore,seating chart and back
Cocktail Hour/rachelzach-506.jpg,Cocktail Hour,rachelzach-506.jpg,,unconfirmed,,
Cocktail Hour/rachelzach-507.jpg,Cocktail Hour,rachelzach-507.jpg,,unconfirmed,,
Cocktail Hour/rachelzach-508.jpg,Cocktail Hour,rachelzach-508.jpg,Parker,confirmed_people,,
Cocktail Hour/rachelzach-515.jpg,Cocktail Hour,rachelzach-515.jpg,,unconfirmed,,
Cocktail Hour/rachelzach-516.jpg,Cocktail Hour,rachelzach-516.jpg,,reviewed_no_person,ignore,food tray detail
Cocktail Hour/rachelzach-526.jpg,Cocktail Hour,rachelzach-526.jpg,Jake Lurie; Lauren Lurie,confirmed_people,,
Cocktail Hour/rachelzach-527.jpg,Cocktail Hour,rachelzach-527.jpg,,unconfirmed,,
Cocktail Hour/rachelzach-533.jpg,Cocktail Hour,rachelzach-533.jpg,,unconfirmed,,
Cocktail Hour/rachelzach-549.jpg,Cocktail Hour,rachelzach-549.jpg,Brendan; Erik; Todd Lurie,confirmed_people,,
Cocktail Hour/rachelzach-550.jpg,Cocktail Hour,rachelzach-550.jpg,,unconfirmed,,
Cocktail Hour/rachelzach-551.jpg,Cocktail Hour,rachelzach-551.jpg,Erik; Phil C; Rachel Casciano; Scotty P; Zach Soskin,confirmed_people,,
Cocktail Hour/rachelzach-552.jpg,Cocktail Hour,rachelzach-552.jpg,J Til; Jason Howarth; Scotty P; Zach Soskin,confirmed_people,,
Cocktail Hour/rachelzach-553.jpg,Cocktail Hour,rachelzach-553.jpg,,unconfirmed,,
Cocktail Hour/rachelzach-554.jpg,Cocktail Hour,rachelzach-554.jpg,Rachel Casciano,confirmed_people,,
Cocktail Hour/rachelzach-555.jpg,Cocktail Hour,rachelzach-555.jpg,,reviewed_no_person,ignore,table detail no faces
Cocktail Hour/rachelzach-556.jpg,Cocktail Hour,rachelzach-556.jpg,Aly Gilboa; Erin,confirmed_people,,
Cocktail Hour/rachelzach-557.jpg,Cocktail Hour,rachelzach-557.jpg,,unconfirmed,,
Cocktail Hour/rachelzach-558.jpg,Cocktail Hour,rachelzach-558.jpg,Lauren Bond,confirmed_people,,
Cocktail Hour/rachelzach-559.jpg,Cocktail Hour,rachelzach-559.jpg,Rachel Casciano,corrected_people,replace,Rachel cocktail profile
Cocktail Hour/rachelzach-560.jpg,Cocktail Hour,rachelzach-560.jpg,,unconfirmed,,
Cocktail Hour/rachelzach-561.jpg,Cocktail Hour,rachelzach-561.jpg,,unconfirmed,,
Cocktail Hour/rachelzach-562.jpg,Cocktail Hour,rachelzach-562.jpg,,reviewed_no_person,ignore,closeup hands detail
Cocktail Hour/rachelzach-563.jpg,Cocktail Hour,rachelzach-563.jpg,,reviewed_no_person,ignore,cropped clothing detail
Cocktail Hour/rachelzach-564.jpg,Cocktail Hour,rachelzach-564.jpg,Aly Gilboa; Trelawny,confirmed_people,,
Cocktail Hour/rachelzach-565.jpg,Cocktail Hour,rachelzach-565.jpg,Gisel; Kaitlin Burns; Nate waldron; Pat Burton; Sean Morse,confirmed_people,,
Cocktail Hour/rachelzach-566.jpg,Cocktail Hour,rachelzach-566.jpg,Aly Gilboa; Charlie Weisman; Dave Gilboa; Rachel Casciano; Sam Ankin; Zach Soskin,confirmed_people,,
Cocktail Hour/rachelzach-567.jpg,Cocktail Hour,rachelzach-567.jpg,HECKLIN; Lauren Lurie; Nancy Lurie; SANDRA; Todd Lurie,confirmed_people,,
Cocktail Hour/rachelzach-568.jpg,Cocktail Hour,rachelzach-568.jpg,Chris N,confirmed_people,,
Cocktail Hour/rachelzach-569.jpg,Cocktail Hour,rachelzach-569.jpg,,unconfirmed,,
Cocktail Hour/rachelzach-570.jpg,Cocktail Hour,rachelzach-570.jpg,Maddie Channess,confirmed_people,,
Cocktail Hour/rachelzach-571.jpg,Cocktail Hour,rachelzach-571.jpg,,reviewed_no_person,ignore,wide cocktail crowd
Cocktail Hour/rachelzach-572.jpg,Cocktail Hour,rachelzach-572.jpg,,unconfirmed,,
Cocktail Hour/rachelzach-573.jpg,Cocktail Hour,rachelzach-573.jpg,Adam Stillman; Emily Stillman,confirmed_people,,
Cocktail Hour/rachelzach-574.jpg,Cocktail Hour,rachelzach-574.jpg,Zach Soskin,corrected_people,replace,groom at cocktail
Cocktail Hour/rachelzach-575.jpg,Cocktail Hour,rachelzach-575.jpg,Bob P; Patti; Robbie,confirmed_people,,
Cocktail Hour/rachelzach-576.jpg,Cocktail Hour,rachelzach-576.jpg,BECKY; Bob P; David Benrud; Patti; Robbie,confirmed_people,,
Cocktail Hour/rachelzach-577.jpg,Cocktail Hour,rachelzach-577.jpg,,unconfirmed,,
Cocktail Hour/rachelzach-578.jpg,Cocktail Hour,rachelzach-578.jpg,BECKY; Bob P; David Benrud; Greg; Patti; Robbie,confirmed_people,,
Cocktail Hour/rachelzach-579.jpg,Cocktail Hour,rachelzach-579.jpg,David Benrud; Greg; Patti; Robbie,confirmed_people,,
Cocktail Hour/rachelzach-580.jpg,Cocktail Hour,rachelzach-580.jpg,David Benrud; Janice; Marty; Patti; Robbie,confirmed_people,,
Cocktail Hour/rachelzach-581.jpg,Cocktail Hour,rachelzach-581.jpg,,reviewed_no_person,ignore,cropped outfit detail
Cocktail Hour/rachelzach-582.jpg,Cocktail Hour,rachelzach-582.jpg,BECKY; Bob P; David Benrud; Janice; Patti; Robbie,confirmed_people,,
Cocktail Hour/rachelzach-583.jpg,Cocktail Hour,rachelzach-583.jpg,Patti; Robbie; Sam Soskin,confirmed_people,,
Cocktail Hour/rachelzach-584.jpg,Cocktail Hour,rachelzach-584.jpg,Rush,confirmed_people,,
Cocktail Hour/rachelzach-585.jpg,Cocktail Hour,rachelzach-585.jpg,,unconfirmed,,
Cocktail Hour/rachelzach-586.jpg,Cocktail Hour,rachelzach-586.jpg,Dubov; Spencer Soltman; Tav,confirmed_people,,
Cocktail Hour/rachelzach-587.jpg,Cocktail Hour,rachelzach-587.jpg,Jules; Spencer Soltman; Tav,confirmed_people,,
Cocktail Hour/rachelzach-588.jpg,Cocktail Hour,rachelzach-588.jpg,,reviewed_no_person,ignore,wide cocktail crowd
Cocktail Hour/rachelzach-589.jpg,Cocktail Hour,rachelzach-589.jpg,Rachel Casciano; Zach Soskin,confirmed_people,,
Cocktail Hour/rachelzach-590.jpg,Cocktail Hour,rachelzach-590.jpg,,unconfirmed,,
Cocktail Hour/rachelzach-591.jpg,Cocktail Hour,rachelzach-591.jpg,Chris N; Kelsey Nuelle; Rachel Casciano; Zach Soskin,confirmed_people,,
Cocktail Hour/rachelzach-592.jpg,Cocktail Hour,rachelzach-592.jpg,,unconfirmed,,
Cocktail Hour/rachelzach-593.jpg,Cocktail Hour,rachelzach-593.jpg,BECKY; Patti,confirmed_people,,
Cocktail Hour/rachelzach-594.jpg,Cocktail Hour,rachelzach-594.jpg,HECKLIN; Parker,confirmed_people,,
Cocktail Hour/rachelzach-595.jpg,Cocktail Hour,rachelzach-595.jpg,HECKLIN; Parker,confirmed_people,,
Cocktail Hour/rachelzach-596.jpg,Cocktail Hour,rachelzach-596.jpg,Zach Soskin,confirmed_people,,
Cocktail Hour/rachelzach-597.jpg,Cocktail Hour,rachelzach-597.jpg,Zach Soskin,corrected_people,replace,groom from back
Cocktail Hour/rachelzach-598.jpg,Cocktail Hour,rachelzach-598.jpg,Adam Lynn,confirmed_people,,
Cocktail Hour/rachelzach-599.jpg,Cocktail Hour,rachelzach-599.jpg,Debi,confirmed_people,,
Cocktail Hour/rachelzach-600.jpg,Cocktail Hour,rachelzach-600.jpg,Nancy Lurie; Todd Lurie,confirmed_people,,
Cocktail Hour/rachelzach-601.jpg,Cocktail Hour,rachelzach-601.jpg,,unconfirmed,,
Cocktail Hour/rachelzach-602.jpg,Cocktail Hour,rachelzach-602.jpg,Steve M,confirmed_people,,
Cocktail Hour/rachelzach-603.jpg,Cocktail Hour,rachelzach-603.jpg,,reviewed_no_person,ignore,menu detail
Cocktail Hour/rachelzach-604.jpg,Cocktail Hour,rachelzach-604.jpg,Keagen,confirmed_people,,
Cocktail Hour/rachelzach-605.jpg,Cocktail Hour,rachelzach-605.jpg,,reviewed_no_person,ignore,wide scenic crowd
Cocktail Hour/rachelzach-606.jpg,Cocktail Hour,rachelzach-606.jpg,,unconfirmed,,
Cocktail Hour/rachelzach-607.jpg,Cocktail Hour,rachelzach-607.jpg,Parker,confirmed_people,,
Cocktail Hour/rachelzach-608.jpg,Cocktail Hour,rachelzach-608.jpg,Chris; Chris N; Kelsey Nuelle; Matt; Rachel Casciano; Zach Soskin,confirmed_people,,
Cocktail Hour/rachelzach-609.jpg,Cocktail Hour,rachelzach-609.jpg,Jorie,confirmed_people,,
Cocktail Hour/rachelzach-610.jpg,Cocktail Hour,rachelzach-610.jpg,,reviewed_no_person,ignore,wide cocktail scene
Cocktail Hour/rachelzach-611.jpg,Cocktail Hour,rachelzach-611.jpg,,unconfirmed,,
Cocktail Hour/rachelzach-612.jpg,Cocktail Hour,rachelzach-612.jpg,David Benrud; Greg,confirmed_people,,
Cocktail Hour/rachelzach-613.jpg,Cocktail Hour,rachelzach-613.jpg,BECKY; Bob P; David Benrud; Greg; Robbie,confirmed_people,,
Cocktail Hour/rachelzach-614.jpg,Cocktail Hour,rachelzach-614.jpg,,reviewed_no_person,ignore,wide scenic crowd
Cocktail Hour/rachelzach-615.jpg,Cocktail Hour,rachelzach-615.jpg,Adam Stillman; Emily Stillman; Rachel Casciano; Zach Soskin,confirmed_people,,
Cocktail Hour/rachelzach-616.jpg,Cocktail Hour,rachelzach-616.jpg,,unconfirmed,,
Cocktail Hour/rachelzach-617.jpg,Cocktail Hour,rachelzach-617.jpg,Chris N; Kelsey Nuelle,confirmed_people,,
Cocktail Hour/rachelzach-618.jpg,Cocktail Hour,rachelzach-618.jpg,Zach Soskin,confirmed_people,,
Cocktail Hour/rachelzach-619.jpg,Cocktail Hour,rachelzach-619.jpg,Chris; Maura,confirmed_people,,
Cocktail Hour/rachelzach-620.jpg,Cocktail Hour,rachelzach-620.jpg,,unconfirmed,,
Cocktail Hour/rachelzach-621.jpg,Cocktail Hour,rachelzach-621.jpg,,reviewed_no_person,ignore,wide cocktail crowd
Cocktail Hour/rachelzach-622.jpg,Cocktail Hour,rachelzach-622.jpg,Dubov,confirmed_people,,
Cocktail Hour/rachelzach-623.jpg,Cocktail Hour,rachelzach-623.jpg,Rachel Casciano; Zach Soskin,confirmed_people,,
Cocktail Hour/rachelzach-624.jpg,Cocktail Hour,rachelzach-624.jpg,Rachel Casciano; Zach Soskin,confirmed_people,,
Cocktail Hour/rachelzach-625.jpg,Cocktail Hour,rachelzach-625.jpg,Rachel Casciano; Zach Soskin,confirmed_people,,
Cocktail Hour/rachelzach-626.jpg,Cocktail Hour,rachelzach-626.jpg,Rachel Casciano; Zach Soskin,confirmed_people,,
Cocktail Hour/rachelzach-627.jpg,Cocktail Hour,rachelzach-627.jpg,Rachel Casciano; Zach Soskin,confirmed_people,,
Cocktail Hour/rachelzach-628.jpg,Cocktail Hour,rachelzach-628.jpg,Rachel Casciano; Tyler; Zach Soskin,confirmed_people,,
Cocktail Hour/rachelzach-632.jpg,Cocktail Hour,rachelzach-632.jpg,Kayla,confirmed_people,,
Cocktail Hour/rachelzach-633.jpg,Cocktail Hour,rachelzach-633.jpg,Kayla,confirmed_people,,
Cocktail Hour/rachelzach-634.jpg,Cocktail Hour,rachelzach-634.jpg,Gisel; Kayla; Spencer Soltman,confirmed_people,,
Cocktail Hour/rachelzach-635.jpg,Cocktail Hour,rachelzach-635.jpg,Gisel; Kayla; Spencer Soltman,confirmed_people,,
Cocktail Hour/rachelzach-636.jpg,Cocktail Hour,rachelzach-636.jpg,,reviewed_no_person,ignore,distant scenic guests
Cocktail Hour/rachelzach-637.jpg,Cocktail Hour,rachelzach-637.jpg,,reviewed_no_person,ignore,backs of guests
Cocktail Hour/rachelzach-638.jpg,Cocktail Hour,rachelzach-638.jpg,Spencer Soltman; Tav,confirmed_people,,
Cocktail Hour/rachelzach-639.jpg,Cocktail Hour,rachelzach-639.jpg,Rod,confirmed_people,,
Cocktail Hour/rachelzach-640.jpg,Cocktail Hour,rachelzach-640.jpg,,reviewed_no_person,ignore,wide cocktail crowd
Cocktail Hour/rachelzach-641.jpg,Cocktail Hour,rachelzach-641.jpg,,reviewed_no_person,ignore,wide cocktail crowd
Cocktail Hour/rachelzach-642.jpg,Cocktail Hour,rachelzach-642.jpg,,unconfirmed,,
Cocktail Hour/rachelzach-643.jpg,Cocktail Hour,rachelzach-643.jpg,,reviewed_no_person,ignore,wide cocktail crowd
Cocktail Hour/rachelzach-644.jpg,Cocktail Hour,rachelzach-644.jpg,Natalie,confirmed_people,,
Cocktail Hour/rachelzach-645.jpg,Cocktail Hour,rachelzach-645.jpg,,unconfirmed,,
Cocktail Hour/rachelzach-646.jpg,Cocktail Hour,rachelzach-646.jpg,,unconfirmed,,
Cocktail Hour/rachelzach-647.jpg,Cocktail Hour,rachelzach-647.jpg,,reviewed_no_person,ignore,wide cocktail crowd
Cocktail Hour/rachelzach-648.jpg,Cocktail Hour,rachelzach-648.jpg,Maddie Slomovitz,confirmed_people,,
Cocktail Hour/rachelzach-649.jpg,Cocktail Hour,rachelzach-649.jpg,Adam Lynn; Zach Soskin,confirmed_people,,
Cocktail Hour/rachelzach-650.jpg,Cocktail Hour,rachelzach-650.jpg,,reviewed_no_person,ignore,backs of guests
Cocktail Hour/rachelzach-651.jpg,Cocktail Hour,rachelzach-651.jpg,,reviewed_no_person,ignore,distant venue crowd
Cocktail Hour/rachelzach-652.jpg,Cocktail Hour,rachelzach-652.jpg,,reviewed_no_person,ignore,wide venue crowd
Reception Details/rachelzach-509.jpg,Reception Details,rachelzach-509.jpg,,reviewed_no_person,ignore,empty venue
Reception Details/rachelzach-510.jpg,Reception Details,rachelzach-510.jpg,,reviewed_no_person,ignore,empty venue
Reception Details/rachelzach-511.jpg,Reception Details,rachelzach-511.jpg,,reviewed_no_person,ignore,empty venue
Reception Details/rachelzach-512.jpg,Reception Details,rachelzach-512.jpg,,reviewed_no_person,ignore,empty venue
Reception Details/rachelzach-513.jpg,Reception Details,rachelzach-513.jpg,,reviewed_no_person,ignore,empty venue
Reception Details/rachelzach-514.jpg,Reception Details,rachelzach-514.jpg,,reviewed_no_person,ignore,empty venue
Reception Details/rachelzach-517.jpg,Reception Details,rachelzach-517.jpg,,reviewed_no_person,ignore,floor detail
Reception Details/rachelzach-518.jpg,Reception Details,rachelzach-518.jpg,,reviewed_no_person,ignore,table detail
Reception Details/rachelzach-519.jpg,Reception Details,rachelzach-519.jpg,,reviewed_no_person,ignore,table detail
Reception Details/rachelzach-520.jpg,Reception Details,rachelzach-520.jpg,,reviewed_no_person,ignore,table detail
Reception Details/rachelzach-521.jpg,Reception Details,rachelzach-521.jpg,,reviewed_no_person,ignore,table detail
Reception Details/rachelzach-522.jpg,Reception Details,rachelzach-522.jpg,,reviewed_no_person,ignore,table detail
Reception Details/rachelzach-523.jpg,Reception Details,rachelzach-523.jpg,,reviewed_no_person,ignore,table detail
Reception Details/rachelzach-524.jpg,Reception Details,rachelzach-524.jpg,,reviewed_no_person,ignore,table detail
Reception Details/rachelzach-525.jpg,Reception Details,rachelzach-525.jpg,,reviewed_no_person,ignore,drink detail
Reception Details/rachelzach-528.jpg,Reception Details,rachelzach-528.jpg,,reviewed_no_person,ignore,table detail
Reception Details/rachelzach-529.jpg,Reception Details,rachelzach-529.jpg,,reviewed_no_person,ignore,table detail
Reception Details/rachelzach-530.jpg,Reception Details,rachelzach-530.jpg,,reviewed_no_person,ignore,table detail
Reception Details/rachelzach-531.jpg,Reception Details,rachelzach-531.jpg,,reviewed_no_person,ignore,table detail
Reception Details/rachelzach-532.jpg,Reception Details,rachelzach-532.jpg,,reviewed_no_person,ignore,table detail
Reception Details/rachelzach-534.jpg,Reception Details,rachelzach-534.jpg,,reviewed_no_person,ignore,table detail
Reception Details/rachelzach-535.jpg,Reception Details,rachelzach-535.jpg,,reviewed_no_person,ignore,table detail
Reception Details/rachelzach-536.jpg,Reception Details,rachelzach-536.jpg,,reviewed_no_person,ignore,table detail
Reception Details/rachelzach-537.jpg,Reception Details,rachelzach-537.jpg,,reviewed_no_person,ignore,table detail
Reception Details/rachelzach-538.jpg,Reception Details,rachelzach-538.jpg,,reviewed_no_person,ignore,floral detail
Reception Details/rachelzach-539.jpg,Reception Details,rachelzach-539.jpg,,reviewed_no_person,ignore,floral detail
Reception Details/rachelzach-540.jpg,Reception Details,rachelzach-540.jpg,,reviewed_no_person,ignore,floral detail
Reception Details/rachelzach-541.jpg,Reception Details,rachelzach-541.jpg,,reviewed_no_person,ignore,floral detail
Reception Details/rachelzach-542.jpg,Reception Details,rachelzach-542.jpg,,reviewed_no_person,ignore,lighting detail
Reception Details/rachelzach-543.jpg,Reception Details,rachelzach-543.jpg,,reviewed_no_person,ignore,lighting detail
Reception Details/rachelzach-544.jpg,Reception Details,rachelzach-544.jpg,,reviewed_no_person,ignore,lighting detail
Reception Details/rachelzach-545.jpg,Reception Details,rachelzach-545.jpg,,reviewed_no_person,ignore,floral detail
Reception Details/rachelzach-546.jpg,Reception Details,rachelzach-546.jpg,,reviewed_no_person,ignore,floral detail
Reception Details/rachelzach-547.jpg,Reception Details,rachelzach-547.jpg,,reviewed_no_person,ignore,table detail
Reception Details/rachelzach-548.jpg,Reception Details,rachelzach-548.jpg,,reviewed_no_person,ignore,table detail
Reception Details/rachelzach-629.jpg,Reception Details,rachelzach-629.jpg,,reviewed_no_person,ignore,bar detail
Reception Details/rachelzach-630.jpg,Reception Details,rachelzach-630.jpg,,reviewed_no_person,ignore,bar detail
Reception Details/rachelzach-631.jpg,Reception Details,rachelzach-631.jpg,,reviewed_no_person,ignore,floral detail
Reception Details/rachelzach-653.jpg,Reception Details,rachelzach-653.jpg,,reviewed_no_person,ignore,lighting detail
Reception/rachelzach-654.jpg,Reception,rachelzach-654.jpg,Rachel Casciano,confirmed_people,,
Reception/rachelzach-655.jpg,Reception,rachelzach-655.jpg,Rachel Casciano,confirmed_people,,
Reception/rachelzach-656.jpg,Reception,rachelzach-656.jpg,Zach Soskin,confirmed_people,,
Reception/rachelzach-657.jpg,Reception,rachelzach-657.jpg,Rachel Casciano; Zach Soskin,corrected_people,replace,couple entrance
Reception/rachelzach-658.jpg,Reception,rachelzach-658.jpg,Rachel Casciano; Zach Soskin,corrected_people,replace,couple from behind
Reception/rachelzach-659.jpg,Reception,rachelzach-659.jpg,Zach Soskin,confirmed_people,,
Reception/rachelzach-660.jpg,Reception,rachelzach-660.jpg,Zach Soskin,confirmed_people,,
Reception/rachelzach-661.jpg,Reception,rachelzach-661.jpg,Rachel Casciano; Zach Soskin,corrected_people,replace,couple from behind
Reception/rachelzach-662.jpg,Reception,rachelzach-662.jpg,Zach Soskin,confirmed_people,,
Reception/rachelzach-663.jpg,Reception,rachelzach-663.jpg,Zach Soskin,confirmed_people,,
Reception/rachelzach-664.jpg,Reception,rachelzach-664.jpg,Zach Soskin,confirmed_people,,
Reception/rachelzach-665.jpg,Reception,rachelzach-665.jpg,Rachel Casciano; Zach Soskin,corrected_people,replace,couple from behind
Reception/rachelzach-666.jpg,Reception,rachelzach-666.jpg,Rachel Casciano; Zach Soskin,corrected_people,replace,couple dancing
Reception/rachelzach-667.jpg,Reception,rachelzach-667.jpg,Zach Soskin,confirmed_people,,
Reception/rachelzach-668.jpg,Reception,rachelzach-668.jpg,Rachel Casciano; Zach Soskin,corrected_people,replace,couple dancing
Reception/rachelzach-669.jpg,Reception,rachelzach-669.jpg,Rachel Casciano,confirmed_people,,
Reception/rachelzach-670.jpg,Reception,rachelzach-670.jpg,Zach Soskin,confirmed_people,,
Reception/rachelzach-671.jpg,Reception,rachelzach-671.jpg,Tim J,confirmed_people,,
Reception/rachelzach-672.jpg,Reception,rachelzach-672.jpg,,unconfirmed,,
Reception/rachelzach-673.jpg,Reception,rachelzach-673.jpg,,unconfirmed,,
Reception/rachelzach-674.jpg,Reception,rachelzach-674.jpg,Rachel Casciano; Zach Soskin,corrected_people,replace,couple dancing
Reception/rachelzach-675.jpg,Reception,rachelzach-675.jpg,Zach Soskin,confirmed_people,,
Reception/rachelzach-676.jpg,Reception,rachelzach-676.jpg,Rachel Casciano,corrected_people,replace,bride dancing
Reception/rachelzach-677.jpg,Reception,rachelzach-677.jpg,Rachel Casciano,corrected_people,replace,bride in dance crowd
Reception/rachelzach-678.jpg,Reception,rachelzach-678.jpg,Kaitlin Burns; Rachel Casciano,confirmed_people,,
Reception/rachelzach-679.jpg,Reception,rachelzach-679.jpg,Rachel Casciano,confirmed_people,,
Reception/rachelzach-680.jpg,Reception,rachelzach-680.jpg,Rachel Casciano,confirmed_people,,
Reception/rachelzach-681.jpg,Reception,rachelzach-681.jpg,Rachel Casciano,confirmed_people,,
Reception/rachelzach-682.jpg,Reception,rachelzach-682.jpg,Keagen; Zach Soskin,confirmed_people,,
Reception/rachelzach-683.jpg,Reception,rachelzach-683.jpg,Nate O,confirmed_people,,
Reception/rachelzach-684.jpg,Reception,rachelzach-684.jpg,Keagen; Lauren Bond,confirmed_people,,
Reception/rachelzach-685.jpg,Reception,rachelzach-685.jpg,Nick Pugs; Rachel Casciano; Robbie,confirmed_people,,
Reception/rachelzach-686.jpg,Reception,rachelzach-686.jpg,Chad Slomovitz; Nick Pugs; Patti; Rachel Casciano,confirmed_people,,
Reception/rachelzach-687.jpg,Reception,rachelzach-687.jpg,Jorie; Patti; Spencer Soltman,confirmed_people,,
Reception/rachelzach-688.jpg,Reception,rachelzach-688.jpg,,unconfirmed,,
Reception/rachelzach-689.jpg,Reception,rachelzach-689.jpg,Bryant,confirmed_people,,
Reception/rachelzach-690.jpg,Reception,rachelzach-690.jpg,Bryant; Kayla; Spencer Soltman,confirmed_people,,
Reception/rachelzach-691.jpg,Reception,rachelzach-691.jpg,Kayla,confirmed_people,,
Reception/rachelzach-692.jpg,Reception,rachelzach-692.jpg,Chad Slomovitz; Cogan; pa; Stephanie Soskin,confirmed_people,,
Reception/rachelzach-693.jpg,Reception,rachelzach-693.jpg,Riley,confirmed_people,,
Reception/rachelzach-694.jpg,Reception,rachelzach-694.jpg,Meg,confirmed_people,,
Reception/rachelzach-695.jpg,Reception,rachelzach-695.jpg,Bryant; Nate O,confirmed_people,,
Reception/rachelzach-696.jpg,Reception,rachelzach-696.jpg,,unconfirmed,,
Reception/rachelzach-697.jpg,Reception,rachelzach-697.jpg,Chris N; Frankie B; Jake Lurie; Jeffry Lurie; Lauren Lurie; Zach Soskin,confirmed_people,,
Reception/rachelzach-698.jpg,Reception,rachelzach-698.jpg,Zach Soskin,confirmed_people,,
Reception/rachelzach-699.jpg,Reception,rachelzach-699.jpg,Maddie Slomovitz,confirmed_people,,
Reception/rachelzach-700.jpg,Reception,rachelzach-700.jpg,Maddie Slomovitz; Patti; Zach Soskin,confirmed_people,,
Reception/rachelzach-701.jpg,Reception,rachelzach-701.jpg,Chad Slomovitz; Rachel Casciano,confirmed_people,,
Reception/rachelzach-702.jpg,Reception,rachelzach-702.jpg,Maddie Slomovitz; Rachel Casciano; Robbie; Zach Soskin,confirmed_people,,
Reception/rachelzach-703.jpg,Reception,rachelzach-703.jpg,Maddie Slomovitz; Patti,confirmed_people,,
Reception/rachelzach-704.jpg,Reception,rachelzach-704.jpg,Zach Soskin,confirmed_people,,
Reception/rachelzach-705.jpg,Reception,rachelzach-705.jpg,Riley,confirmed_people,,
Reception/rachelzach-706.jpg,Reception,rachelzach-706.jpg,Zach Soskin,corrected_people,replace,groom dancing
Reception/rachelzach-707.jpg,Reception,rachelzach-707.jpg,Rachel Casciano,confirmed_people,,
Reception/rachelzach-708.jpg,Reception,rachelzach-708.jpg,,reviewed_no_person,ignore,wide dance crowd
Reception/rachelzach-709.jpg,Reception,rachelzach-709.jpg,Zach Soskin,confirmed_people,,
Reception/rachelzach-710.jpg,Reception,rachelzach-710.jpg,Aly Gilboa; Keagen; Maddie Slomovitz,confirmed_people,,
Reception/rachelzach-711.jpg,Reception,rachelzach-711.jpg,Jeffry Lurie; Riley,confirmed_people,,
Reception/rachelzach-712.jpg,Reception,rachelzach-712.jpg,Jeffry Lurie; Maddie Channess,confirmed_people,,
Reception/rachelzach-713.jpg,Reception,rachelzach-713.jpg,Maddie Channess; Nate O,confirmed_people,,
Reception/rachelzach-714.jpg,Reception,rachelzach-714.jpg,Keagen; Lauren Bond; Nate O,confirmed_people,,
Reception/rachelzach-715.jpg,Reception,rachelzach-715.jpg,Adam Lynn,confirmed_people,,
Reception/rachelzach-716.jpg,Reception,rachelzach-716.jpg,Zach Soskin,confirmed_people,,
Reception/rachelzach-717.jpg,Reception,rachelzach-717.jpg,Lindsey Miller,confirmed_people,,
Reception/rachelzach-718.jpg,Reception,rachelzach-718.jpg,,unconfirmed,,
Reception/rachelzach-719.jpg,Reception,rachelzach-719.jpg,Parker; Stephanie Soskin,confirmed_people,,
Reception/rachelzach-720.jpg,Reception,rachelzach-720.jpg,Parker,confirmed_people,,
Reception/rachelzach-721.jpg,Reception,rachelzach-721.jpg,Jorie; Parker; Stephanie Soskin,confirmed_people,,
Reception/rachelzach-722.jpg,Reception,rachelzach-722.jpg,Frankie B; Parker; Stephanie Soskin,confirmed_people,,
Reception/rachelzach-723.jpg,Reception,rachelzach-723.jpg,Adam Lynn; Charlie Weisman; Jorie; Parker; Riley,confirmed_people,,
Reception/rachelzach-724.jpg,Reception,rachelzach-724.jpg,Todd Lurie,confirmed_people,,
Reception/rachelzach-725.jpg,Reception,rachelzach-725.jpg,Charlie Weisman; Patti,confirmed_people,,
Reception/rachelzach-726.jpg,Reception,rachelzach-726.jpg,Jeffry Lurie; Jorie; Parker,confirmed_people,,
Reception/rachelzach-727.jpg,Reception,rachelzach-727.jpg,Adam Lynn; Charlie Weisman; Frankie B; Jorie; Nick Pugs; Parker; Rachel Casciano,confirmed_people,,
Reception/rachelzach-728.jpg,Reception,rachelzach-728.jpg,Adam Lynn; Charlie Weisman; Jeffry Lurie; Jorie; Maddie Channess; Maddie Slomovitz; Nick Pugs; Zach Soskin,confirmed_people,,
Reception/rachelzach-729.jpg,Reception,rachelzach-729.jpg,Charlie Weisman; Jeffry Lurie; Jorie; Maddie Channess; Parker; Zach Soskin,confirmed_people,,
Reception/rachelzach-730.jpg,Reception,rachelzach-730.jpg,Charlie Weisman,confirmed_people,,
Reception/rachelzach-731.jpg,Reception,rachelzach-731.jpg,Jorie; Parker,confirmed_people,,
Reception/rachelzach-732.jpg,Reception,rachelzach-732.jpg,Charlie Weisman; Parker; Rachel Casciano,confirmed_people,,
Reception/rachelzach-733.jpg,Reception,rachelzach-733.jpg,Charlie Weisman; Rachel Casciano,confirmed_people,,
Reception/rachelzach-734.jpg,Reception,rachelzach-734.jpg,Tim J,confirmed_people,,
Reception/rachelzach-735.jpg,Reception,rachelzach-735.jpg,,unconfirmed,,
Reception/rachelzach-736.jpg,Reception,rachelzach-736.jpg,Rachel Casciano; Zach Soskin,corrected_people,replace,couple kiss
Reception/rachelzach-737.jpg,Reception,rachelzach-737.jpg,Zach Soskin,confirmed_people,,
Reception/rachelzach-738.jpg,Reception,rachelzach-738.jpg,,reviewed_no_person,ignore,landscape
Reception/rachelzach-739.jpg,Reception,rachelzach-739.jpg,Bryant; Cogan; Daniel Shin,confirmed_people,,
Reception/rachelzach-740.jpg,Reception,rachelzach-740.jpg,,reviewed_no_person,ignore,wide crowd
Reception/rachelzach-741.jpg,Reception,rachelzach-741.jpg,Rachel Casciano; Zach Soskin,confirmed_people,,
Reception/rachelzach-742.jpg,Reception,rachelzach-742.jpg,Rachel Casciano; Zach Soskin,confirmed_people,,
Reception/rachelzach-743.jpg,Reception,rachelzach-743.jpg,Zach Soskin,confirmed_people,,
Reception/rachelzach-744.jpg,Reception,rachelzach-744.jpg,Rachel Casciano; Zach Soskin,corrected_people,replace,couple at reception
Reception/rachelzach-745.jpg,Reception,rachelzach-745.jpg,Rachel Casciano,corrected_people,replace,bride from back
Reception/rachelzach-746.jpg,Reception,rachelzach-746.jpg,Riley,confirmed_people,,
Reception/rachelzach-747.jpg,Reception,rachelzach-747.jpg,,reviewed_no_person,ignore,backs only
Reception/rachelzach-748.jpg,Reception,rachelzach-748.jpg,Zach Soskin,corrected_people,replace,groom with guest turned away
Reception/rachelzach-749.jpg,Reception,rachelzach-749.jpg,Zach Soskin,confirmed_people,,
Reception/rachelzach-750.jpg,Reception,rachelzach-750.jpg,,reviewed_no_person,ignore,wide crowd
Reception/rachelzach-751.jpg,Reception,rachelzach-751.jpg,,reviewed_no_person,ignore,wide crowd
Reception/rachelzach-752.jpg,Reception,rachelzach-752.jpg,Kelsey Meyers,confirmed_people,,
Reception/rachelzach-753.jpg,Reception,rachelzach-753.jpg,,reviewed_no_person,ignore,food detail
Reception/rachelzach-754.jpg,Reception,rachelzach-754.jpg,Taylor Noyer,confirmed_people,,
Reception/rachelzach-755.jpg,Reception,rachelzach-755.jpg,Cogan,confirmed_people,,
Reception/rachelzach-756.jpg,Reception,rachelzach-756.jpg,,reviewed_no_person,ignore,wide crowd
Reception/rachelzach-757.jpg,Reception,rachelzach-757.jpg,,reviewed_no_person,ignore,landscape
Reception/rachelzach-758.jpg,Reception,rachelzach-758.jpg,,reviewed_no_person,ignore,drink detail
Reception/rachelzach-813.jpg,Reception,rachelzach-813.jpg,,reviewed_no_person,ignore,distant people
Reception/rachelzach-814.jpg,Reception,rachelzach-814.jpg,,reviewed_no_person,ignore,distant people
Reception/rachelzach-815.jpg,Reception,rachelzach-815.jpg,,reviewed_no_person,ignore,table detail
Reception/rachelzach-816.jpg,Reception,rachelzach-816.jpg,Abe Burton,confirmed_people,,
Reception/rachelzach-817.jpg,Reception,rachelzach-817.jpg,,reviewed_no_person,ignore,landscape
Reception/rachelzach-818.jpg,Reception,rachelzach-818.jpg,,reviewed_no_person,ignore,landscape
Reception/rachelzach-819.jpg,Reception,rachelzach-819.jpg,Parker,confirmed_people,,
Reception/rachelzach-820.jpg,Reception,rachelzach-820.jpg,Erik; Morgan,confirmed_people,,
Reception/rachelzach-821.jpg,Reception,rachelzach-821.jpg,Phil C,confirmed_people,,
Reception/rachelzach-822.jpg,Reception,rachelzach-822.jpg,Spencer Soltman,confirmed_people,,
Reception/rachelzach-823.jpg,Reception,rachelzach-823.jpg,Dubov; Nick Pugs,confirmed_people,,
Reception/rachelzach-824.jpg,Reception,rachelzach-824.jpg,Parker,confirmed_people,,
Reception/rachelzach-825.jpg,Reception,rachelzach-825.jpg,Matt,confirmed_people,,
Reception/rachelzach-826.jpg,Reception,rachelzach-826.jpg,Matt,confirmed_people,,
Reception/rachelzach-827.jpg,Reception,rachelzach-827.jpg,,reviewed_no_person,ignore,table detail
Reception/rachelzach-828.jpg,Reception,rachelzach-828.jpg,Zach Soskin,confirmed_people,,
Reception/rachelzach-829.jpg,Reception,rachelzach-829.jpg,Alex Muecke; Nate O; Zach Soskin,confirmed_people,,
Reception/rachelzach-830.jpg,Reception,rachelzach-830.jpg,Sam Soskin,confirmed_people,,
Reception/rachelzach-831.jpg,Reception,rachelzach-831.jpg,Alex Muecke; Erik; Zach Soskin,confirmed_people,,
Reception/rachelzach-832.jpg,Reception,rachelzach-832.jpg,Dan Casciano; Melanie Casciano,confirmed_people,,
Reception/rachelzach-833.jpg,Reception,rachelzach-833.jpg,,reviewed_no_person,ignore,floral detail
Reception/rachelzach-834.jpg,Reception,rachelzach-834.jpg,Dan Casciano; Melanie Casciano,confirmed_people,,
Reception/rachelzach-835.jpg,Reception,rachelzach-835.jpg,Phil Quist,confirmed_people,,
Reception/rachelzach-836.jpg,Reception,rachelzach-836.jpg,Dan Casciano; Melanie Casciano,confirmed_people,,
Reception/rachelzach-837.jpg,Reception,rachelzach-837.jpg,,reviewed_no_person,ignore,foreground detail
Reception/rachelzach-838.jpg,Reception,rachelzach-838.jpg,Dan Casciano; Melanie Casciano,confirmed_people,,
Reception/rachelzach-839.jpg,Reception,rachelzach-839.jpg,Rachel Casciano; Zach Soskin,confirmed_people,,
Reception/rachelzach-840.jpg,Reception,rachelzach-840.jpg,,unconfirmed,,
Reception/rachelzach-841.jpg,Reception,rachelzach-841.jpg,Maddie Slomovitz,confirmed_people,,
Reception/rachelzach-842.jpg,Reception,rachelzach-842.jpg,Rachel Casciano,confirmed_people,,
Reception/rachelzach-843.jpg,Reception,rachelzach-843.jpg,Rachel Casciano,confirmed_people,,
Reception/rachelzach-844.jpg,Reception,rachelzach-844.jpg,Lauren Bond,confirmed_people,,
Reception/rachelzach-845.jpg,Reception,rachelzach-845.jpg,Dan Casciano; Melanie Casciano,confirmed_people,,
Reception/rachelzach-846.jpg,Reception,rachelzach-846.jpg,,unconfirmed,,
Reception/rachelzach-847.jpg,Reception,rachelzach-847.jpg,Adam Brown; Kaitlin Burns; SCOTT L; Tara,confirmed_people,,
Reception/rachelzach-848.jpg,Reception,rachelzach-848.jpg,Kelsey Meyers,confirmed_people,,
Reception/rachelzach-849.jpg,Reception,rachelzach-849.jpg,Adi; Brendan,confirmed_people,,
Reception/rachelzach-850.jpg,Reception,rachelzach-850.jpg,Rachel Casciano,confirmed_people,,
Reception/rachelzach-851.jpg,Reception,rachelzach-851.jpg,Rachel Casciano; Zach Soskin,confirmed_people,,
Reception/rachelzach-852.jpg,Reception,rachelzach-852.jpg,,reviewed_no_person,ignore,floral detail
Reception/rachelzach-853.jpg,Reception,rachelzach-853.jpg,Nick Pugs,confirmed_people,,
Reception/rachelzach-854.jpg,Reception,rachelzach-854.jpg,Dan Casciano; Melanie Casciano,confirmed_people,,
Reception/rachelzach-855.jpg,Reception,rachelzach-855.jpg,Maddie Channess; Tim J,confirmed_people,,
Reception/rachelzach-856.jpg,Reception,rachelzach-856.jpg,Robbie,confirmed_people,,
Reception/rachelzach-857.jpg,Reception,rachelzach-857.jpg,Rachel Casciano; Zach Soskin,confirmed_people,,
Reception/rachelzach-858.jpg,Reception,rachelzach-858.jpg,Rachel Casciano; Zach Soskin,confirmed_people,,
Reception/rachelzach-859.jpg,Reception,rachelzach-859.jpg,Rachel Casciano; Zach Soskin,confirmed_people,,
Reception/rachelzach-860.jpg,Reception,rachelzach-860.jpg,Rachel Casciano; Zach Soskin,confirmed_people,,
Reception/rachelzach-861.jpg,Reception,rachelzach-861.jpg,Rachel Casciano; Zach Soskin,confirmed_people,,
Reception/rachelzach-862.jpg,Reception,rachelzach-862.jpg,Rachel Casciano; Zach Soskin,corrected_people,replace,couple from behind
Reception/rachelzach-863.jpg,Reception,rachelzach-863.jpg,Rachel Casciano; Zach Soskin,corrected_people,replace,couple from behind
Reception/rachelzach-864.jpg,Reception,rachelzach-864.jpg,,unconfirmed,,
Reception/rachelzach-865.jpg,Reception,rachelzach-865.jpg,,reviewed_no_person,ignore,hands detail
Reception/rachelzach-866.jpg,Reception,rachelzach-866.jpg,,reviewed_no_person,ignore,hands detail
Reception/rachelzach-867.jpg,Reception,rachelzach-867.jpg,Dan Casciano; Melanie Casciano,confirmed_people,,
Reception/rachelzach-868.jpg,Reception,rachelzach-868.jpg,Sean Morse,confirmed_people,,
Reception/rachelzach-869.jpg,Reception,rachelzach-869.jpg,Kayla; Sean Morse,confirmed_people,,
Reception/rachelzach-870.jpg,Reception,rachelzach-870.jpg,,unconfirmed,,
Reception/rachelzach-871.jpg,Reception,rachelzach-871.jpg,,reviewed_no_person,ignore,silhouettes
Reception/rachelzach-872.jpg,Reception,rachelzach-872.jpg,,reviewed_no_person,ignore,dark crowd
Reception/rachelzach-873.jpg,Reception,rachelzach-873.jpg,,reviewed_no_person,ignore,table detail
Reception/rachelzach-874.jpg,Reception,rachelzach-874.jpg,,unconfirmed,,
Reception/rachelzach-875.jpg,Reception,rachelzach-875.jpg,,reviewed_no_person,ignore,sunset landscape
Reception/rachelzach-876.jpg,Reception,rachelzach-876.jpg,,reviewed_no_person,ignore,sunset landscape
Reception/rachelzach-877.jpg,Reception,rachelzach-877.jpg,,reviewed_no_person,ignore,landscape
Reception/rachelzach-878.jpg,Reception,rachelzach-878.jpg,,unconfirmed,,
Reception/rachelzach-879.jpg,Reception,rachelzach-879.jpg,Parker,confirmed_people,,
Reception/rachelzach-880.jpg,Reception,rachelzach-880.jpg,Bryant; Kayla; Sean Morse,confirmed_people,,
Reception/rachelzach-881.jpg,Reception,rachelzach-881.jpg,Dan Casciano; Melanie Casciano,confirmed_people,,
Reception/rachelzach-882.jpg,Reception,rachelzach-882.jpg,Dubov; Kayla; Nick Pugs,confirmed_people,,
Reception/rachelzach-883.jpg,Reception,rachelzach-883.jpg,Robbie,confirmed_people,,
Reception/rachelzach-884.jpg,Reception,rachelzach-884.jpg,,reviewed_no_person,ignore,dark wide crowd
Reception/rachelzach-885.jpg,Reception,rachelzach-885.jpg,Patti,confirmed_people,,
Reception/rachelzach-886.jpg,Reception,rachelzach-886.jpg,Adi,confirmed_people,,
Reception/rachelzach-887.jpg,Reception,rachelzach-887.jpg,,unconfirmed,,
Reception/rachelzach-888.jpg,Reception,rachelzach-888.jpg,Dan Casciano; Melanie Casciano,confirmed_people,,
Reception/rachelzach-889.jpg,Reception,rachelzach-889.jpg,Rachel Casciano; Zach Soskin,confirmed_people,,
Reception/rachelzach-890.jpg,Reception,rachelzach-890.jpg,Kelsey Meyers; Patti; Robbie,confirmed_people,,
Reception/rachelzach-891.jpg,Reception,rachelzach-891.jpg,Adam Brown; Lars,confirmed_people,,
Reception/rachelzach-892.jpg,Reception,rachelzach-892.jpg,,reviewed_no_person,ignore,dark wide crowd
Reception/rachelzach-893.jpg,Reception,rachelzach-893.jpg,Rachel Casciano; Zach Soskin,corrected_people,replace,couple at table
Reception/rachelzach-894.jpg,Reception,rachelzach-894.jpg,,reviewed_no_person,ignore,dark wide crowd
Reception/rachelzach-895.jpg,Reception,rachelzach-895.jpg,,reviewed_no_person,ignore,faces obscured
Reception/rachelzach-896.jpg,Reception,rachelzach-896.jpg,Dan Casciano,confirmed_people,,
Reception/rachelzach-897.jpg,Reception,rachelzach-897.jpg,Dan Casciano,confirmed_people,,
Reception/rachelzach-898.jpg,Reception,rachelzach-898.jpg,,unconfirmed,,
Reception/rachelzach-899.jpg,Reception,rachelzach-899.jpg,Rachel Casciano,confirmed_people,,
Reception/rachelzach-900.jpg,Reception,rachelzach-900.jpg,Zach Soskin,confirmed_people,,
Reception/rachelzach-901.jpg,Reception,rachelzach-901.jpg,Dan Casciano; Rachel Casciano,confirmed_people,,
Reception/rachelzach-902.jpg,Reception,rachelzach-902.jpg,Rachel Casciano,confirmed_people,,
Reception/rachelzach-903.jpg,Reception,rachelzach-903.jpg,Zach Soskin,confirmed_people,,
Reception/rachelzach-904.jpg,Reception,rachelzach-904.jpg,Rachel Casciano,confirmed_people,,
Reception/rachelzach-905.jpg,Reception,rachelzach-905.jpg,Rachel Casciano,confirmed_people,,
Reception/rachelzach-906.jpg,Reception,rachelzach-906.jpg,Rachel Casciano,confirmed_people,,
Reception/rachelzach-907.jpg,Reception,rachelzach-907.jpg,Dan Casciano; Rachel Casciano,confirmed_people,,
Reception/rachelzach-908.jpg,Reception,rachelzach-908.jpg,Rachel Casciano,confirmed_people,,
Reception/rachelzach-909.jpg,Reception,rachelzach-909.jpg,Rachel Casciano,confirmed_people,,
Reception/rachelzach-910.jpg,Reception,rachelzach-910.jpg,Rachel Casciano,confirmed_people,,
Reception/rachelzach-911.jpg,Reception,rachelzach-911.jpg,Rachel Casciano,confirmed_people,,
Reception/rachelzach-912.jpg,Reception,rachelzach-912.jpg,Rachel Casciano,confirmed_people,,
Reception/rachelzach-913.jpg,Reception,rachelzach-913.jpg,Dan Casciano,confirmed_people,,
Reception/rachelzach-914.jpg,Reception,rachelzach-914.jpg,Dan Casciano,confirmed_people,,
Reception/rachelzach-915.jpg,Reception,rachelzach-915.jpg,Rachel Casciano,confirmed_people,,
Reception/rachelzach-916.jpg,Reception,rachelzach-916.jpg,Dan Casciano; Rachel Casciano,confirmed_people,,
Reception/rachelzach-917.jpg,Reception,rachelzach-917.jpg,Rachel Casciano,confirmed_people,,
Reception/rachelzach-918.jpg,Reception,rachelzach-918.jpg,Dan Casciano,confirmed_people,,
Reception/rachelzach-919.jpg,Reception,rachelzach-919.jpg,Rachel Casciano; Zach Soskin,corrected_people,replace,couple embrace
Reception/rachelzach-920.jpg,Reception,rachelzach-920.jpg,Rachel Casciano; Zach Soskin,corrected_people,replace,couple from behind
Reception/rachelzach-921.jpg,Reception,rachelzach-921.jpg,Zach Soskin,confirmed_people,,
Reception/rachelzach-922.jpg,Reception,rachelzach-922.jpg,,unconfirmed,,
Reception/rachelzach-923.jpg,Reception,rachelzach-923.jpg,Rachel Casciano,confirmed_people,,
Reception/rachelzach-924.jpg,Reception,rachelzach-924.jpg,Zach Soskin,confirmed_people,,
Reception/rachelzach-925.jpg,Reception,rachelzach-925.jpg,Patti,confirmed_people,,
Reception/rachelzach-926.jpg,Reception,rachelzach-926.jpg,Rachel Casciano,corrected_people,replace,bride from back
Reception/rachelzach-927.jpg,Reception,rachelzach-927.jpg,Zach Soskin,confirmed_people,,
Reception/rachelzach-928.jpg,Reception,rachelzach-928.jpg,Patti; Zach Soskin,confirmed_people,,
Reception/rachelzach-929.jpg,Reception,rachelzach-929.jpg,,unconfirmed,,
Reception/rachelzach-930.jpg,Reception,rachelzach-930.jpg,Zach Soskin,confirmed_people,,
Reception/rachelzach-931.jpg,Reception,rachelzach-931.jpg,Patti; Zach Soskin,confirmed_people,,
Dancing/rachelzach-932.jpg,Dancing,rachelzach-932.jpg,Zach Soskin,confirmed_people,,
Dancing/rachelzach-933.jpg,Dancing,rachelzach-933.jpg,Sean Morse,confirmed_people,,
Dancing/rachelzach-934.jpg,Dancing,rachelzach-934.jpg,Chad Slomovitz; Nick Pugs; Zach Soskin,confirmed_people,,
Dancing/rachelzach-935.jpg,Dancing,rachelzach-935.jpg,Nick Pugs; Patti,confirmed_people,,
Dancing/rachelzach-936.jpg,Dancing,rachelzach-936.jpg,Nick Pugs; Patti; Sean Morse,confirmed_people,,
Dancing/rachelzach-937.jpg,Dancing,rachelzach-937.jpg,,unconfirmed,,
Dancing/rachelzach-938.jpg,Dancing,rachelzach-938.jpg,Keagen,confirmed_people,,
Dancing/rachelzach-939.jpg,Dancing,rachelzach-939.jpg,Maddie Slomovitz; Rachel Casciano; Sean Morse,confirmed_people,,
Dancing/rachelzach-940.jpg,Dancing,rachelzach-940.jpg,Kaitlin Burns; Nate O; Pat Burton,confirmed_people,,
Dancing/rachelzach-941.jpg,Dancing,rachelzach-941.jpg,,unconfirmed,,
Dancing/rachelzach-942.jpg,Dancing,rachelzach-942.jpg,Adam Lynn,confirmed_people,,
Dancing/rachelzach-943.jpg,Dancing,rachelzach-943.jpg,Jacquie; Kayla; Pat Burton; Spencer Soltman,confirmed_people,,
Dancing/rachelzach-944.jpg,Dancing,rachelzach-944.jpg,David Burton; Jacquie; Kayla; SCOTT L; Spencer Soltman,confirmed_people,,
Dancing/rachelzach-945.jpg,Dancing,rachelzach-945.jpg,Erin; Sam Ankin,confirmed_people,,
Dancing/rachelzach-946.jpg,Dancing,rachelzach-946.jpg,Chad Slomovitz; Rachel Casciano; Zach Soskin,confirmed_people,,
Dancing/rachelzach-947.jpg,Dancing,rachelzach-947.jpg,Chad Slomovitz; Frankie B; Zach Soskin,confirmed_people,,
Dancing/rachelzach-948.jpg,Dancing,rachelzach-948.jpg,Dan Casciano,confirmed_people,,
Dancing/rachelzach-949.jpg,Dancing,rachelzach-949.jpg,Melanie Casciano,confirmed_people,,
Dancing/rachelzach-950.jpg,Dancing,rachelzach-950.jpg,Dan Casciano; Dave Gilboa; Keagen,confirmed_people,,
Dancing/rachelzach-951.jpg,Dancing,rachelzach-951.jpg,Chad Slomovitz; Dan Casciano; Melanie Casciano; Robbie; Siri,confirmed_people,,
Dancing/rachelzach-952.jpg,Dancing,rachelzach-952.jpg,Kaitlin Burns; SCOTT L; Sean Morse; Steve M,confirmed_people,,
Dancing/rachelzach-953.jpg,Dancing,rachelzach-953.jpg,Adam Brown; Lars; Siri,confirmed_people,,
Dancing/rachelzach-954.jpg,Dancing,rachelzach-954.jpg,Mohr; Siri,confirmed_people,,
Dancing/rachelzach-955.jpg,Dancing,rachelzach-955.jpg,Keagen; Robbie; Zach Soskin,confirmed_people,,
Dancing/rachelzach-956.jpg,Dancing,rachelzach-956.jpg,Dubov; Maddie Channess; Maddie Slomovitz; Rachel Casciano,confirmed_people,,
Dancing/rachelzach-957.jpg,Dancing,rachelzach-957.jpg,Rachel Casciano; Ronald Harris; Siri,confirmed_people,,
Dancing/rachelzach-958.jpg,Dancing,rachelzach-958.jpg,Brendan; Greg; Ronald Harris; Siri,confirmed_people,,
Dancing/rachelzach-959.jpg,Dancing,rachelzach-959.jpg,Dubov; Frankie B; Maddie Channess; Maddie Slomovitz,confirmed_people,,
Dancing/rachelzach-960.jpg,Dancing,rachelzach-960.jpg,Brendan; Meg; Ronald Harris; Siri; Taylor Noyer; Zach Soskin,confirmed_people,,
Dancing/rachelzach-961.jpg,Dancing,rachelzach-961.jpg,Charlie Weisman; Jeffry Lurie; Maddie Channess; Rachel Casciano,confirmed_people,,
Dancing/rachelzach-962.jpg,Dancing,rachelzach-962.jpg,Bryant; Jeffry Lurie; Maddie Channess; Maddie Slomovitz; Steve M; Taylor Noyer,confirmed_people,,
Dancing/rachelzach-963.jpg,Dancing,rachelzach-963.jpg,Charlie Weisman; Jeffry Lurie; Maddie Channess; Rachel Casciano; Siri; Taylor Noyer,confirmed_people,,
Dancing/rachelzach-964.jpg,Dancing,rachelzach-964.jpg,,unconfirmed,,
Dancing/rachelzach-965.jpg,Dancing,rachelzach-965.jpg,,unconfirmed,,
Dancing/rachelzach-966.jpg,Dancing,rachelzach-966.jpg,Jorie; Parker; Stephanie Soskin; Zach Soskin,confirmed_people,,
Dancing/rachelzach-967.jpg,Dancing,rachelzach-967.jpg,Jody Post; Lisa Caplan; Patti; Ronald Harris,confirmed_people,,
Dancing/rachelzach-968.jpg,Dancing,rachelzach-968.jpg,Gisel; Kayla; Nate waldron; Phil C,confirmed_people,,
Dancing/rachelzach-969.jpg,Dancing,rachelzach-969.jpg,Zach Soskin,confirmed_people,,
Dancing/rachelzach-970.jpg,Dancing,rachelzach-970.jpg,Jeremy Burton Burton; Keagen; Phil C; Zach Soskin,confirmed_people,,
Dancing/rachelzach-971.jpg,Dancing,rachelzach-971.jpg,Jorie; Riley,confirmed_people,,
Dancing/rachelzach-972.jpg,Dancing,rachelzach-972.jpg,Taylor Noyer,confirmed_people,,
Dancing/rachelzach-973.jpg,Dancing,rachelzach-973.jpg,Lauren Lurie,confirmed_people,,
Dancing/rachelzach-974.jpg,Dancing,rachelzach-974.jpg,Jake Lurie,confirmed_people,,
Dancing/rachelzach-975.jpg,Dancing,rachelzach-975.jpg,Maddie Channess; Rachel Casciano,confirmed_people,,
Dancing/rachelzach-976.jpg,Dancing,rachelzach-976.jpg,,reviewed_no_person,ignore,distant couple from behind
Dancing/rachelzach-977.jpg,Dancing,rachelzach-977.jpg,,unconfirmed,,
Dancing/rachelzach-978.jpg,Dancing,rachelzach-978.jpg,,reviewed_no_person,ignore,wide tent crowd
Dancing/rachelzach-979.jpg,Dancing,rachelzach-979.jpg,,reviewed_no_person,ignore,cropped drink detail
Dancing/rachelzach-980.jpg,Dancing,rachelzach-980.jpg,,reviewed_no_person,ignore,venue exterior
Dancing/rachelzach-981.jpg,Dancing,rachelzach-981.jpg,,reviewed_no_person,ignore,venue exterior
Dancing/rachelzach-982.jpg,Dancing,rachelzach-982.jpg,Chad Slomovitz,confirmed_people,,
Dancing/rachelzach-983.jpg,Dancing,rachelzach-983.jpg,Adam Brown; Chris N; Kaitlin Burns; Pat Burton; Taylor Noyer,confirmed_people,,
Dancing/rachelzach-984.jpg,Dancing,rachelzach-984.jpg,Chris N; Kelsey Nuelle; Pat Burton; Zach Soskin,confirmed_people,,
Dancing/rachelzach-985.jpg,Dancing,rachelzach-985.jpg,Bryant; Rachel Casciano; Sean Morse,confirmed_people,,
Dancing/rachelzach-986.jpg,Dancing,rachelzach-986.jpg,Chris N; Taylor Noyer,confirmed_people,,
Dancing/rachelzach-987.jpg,Dancing,rachelzach-987.jpg,,reviewed_no_person,ignore,backs on dance floor
Dancing/rachelzach-988.jpg,Dancing,rachelzach-988.jpg,,reviewed_no_person,ignore,backs on dance floor
Dancing/rachelzach-989.jpg,Dancing,rachelzach-989.jpg,Chad Slomovitz,confirmed_people,,
Dancing/rachelzach-990.jpg,Dancing,rachelzach-990.jpg,Rachel Casciano; Zach Soskin,corrected_people,replace,bride and groom in crowd
Dancing/rachelzach-991.jpg,Dancing,rachelzach-991.jpg,Alex Muecke,confirmed_people,,
Dancing/rachelzach-992.jpg,Dancing,rachelzach-992.jpg,,unconfirmed,,
Dancing/rachelzach-993.jpg,Dancing,rachelzach-993.jpg,Melanie Casciano; Robbie,confirmed_people,,
Dancing/rachelzach-994.jpg,Dancing,rachelzach-994.jpg,,unconfirmed,,
Dancing/rachelzach-995.jpg,Dancing,rachelzach-995.jpg,Lauren Lurie,confirmed_people,,
Dancing/rachelzach-996.jpg,Dancing,rachelzach-996.jpg,Maddie Slomovitz; Nate waldron,confirmed_people,,
Dancing/rachelzach-997.jpg,Dancing,rachelzach-997.jpg,Alex Muecke; Zach Soskin,confirmed_people,,
Dancing/rachelzach-998.jpg,Dancing,rachelzach-998.jpg,Alex Muecke,confirmed_people,,
Dancing/rachelzach-999.jpg,Dancing,rachelzach-999.jpg,Nate waldron,confirmed_people,,
Dancing/rachelzach-1000.jpg,Dancing,rachelzach-1000.jpg,Trelawny,confirmed_people,,
Dancing/rachelzach-1001.jpg,Dancing,rachelzach-1001.jpg,Maddie Slomovitz; Robbie; Spencer Soltman,confirmed_people,,
Dancing/rachelzach-1002.jpg,Dancing,rachelzach-1002.jpg,Jeffry Lurie; Maddie Slomovitz; Nancy Lurie; Rachel Casciano; Spencer Soltman,confirmed_people,,
Dancing/rachelzach-1003.jpg,Dancing,rachelzach-1003.jpg,Jeffry Lurie; Maddie Slomovitz; Nancy Lurie; Spencer Soltman,confirmed_people,,
Dancing/rachelzach-1004.jpg,Dancing,rachelzach-1004.jpg,,unconfirmed,,
Dancing/rachelzach-1005.jpg,Dancing,rachelzach-1005.jpg,,unconfirmed,,
Dancing/rachelzach-1006.jpg,Dancing,rachelzach-1006.jpg,Jake Lurie; Lauren Lurie,confirmed_people,,
Dancing/rachelzach-1007.jpg,Dancing,rachelzach-1007.jpg,,unconfirmed,,
Dancing/rachelzach-1008.jpg,Dancing,rachelzach-1008.jpg,,reviewed_no_person,ignore,backs on dance floor
Dancing/rachelzach-1009.jpg,Dancing,rachelzach-1009.jpg,,reviewed_no_person,ignore,backs on dance floor
Dancing/rachelzach-1010.jpg,Dancing,rachelzach-1010.jpg,Kayla; Phil C; Sally,confirmed_people,,
Dancing/rachelzach-1011.jpg,Dancing,rachelzach-1011.jpg,Phil C; Sally; Zach Soskin,confirmed_people,,
Dancing/rachelzach-1012.jpg,Dancing,rachelzach-1012.jpg,Abe Burton,confirmed_people,,
Dancing/rachelzach-1013.jpg,Dancing,rachelzach-1013.jpg,Rachel Casciano; Zach Soskin,confirmed_people,,
Dancing/rachelzach-1014.jpg,Dancing,rachelzach-1014.jpg,Zach Soskin,confirmed_people,,
Dancing/rachelzach-1015.jpg,Dancing,rachelzach-1015.jpg,Zach Soskin,confirmed_people,,
Dancing/rachelzach-1016.jpg,Dancing,rachelzach-1016.jpg,Rachel Casciano; Robbie,confirmed_people,,
Dancing/rachelzach-1017.jpg,Dancing,rachelzach-1017.jpg,,reviewed_no_person,ignore,cropped feet detail
Dancing/rachelzach-1018.jpg,Dancing,rachelzach-1018.jpg,Carter; Cogan,confirmed_people,,
Dancing/rachelzach-1019.jpg,Dancing,rachelzach-1019.jpg,Dubov; Nate waldron; Spencer Soltman,confirmed_people,,
Dancing/rachelzach-1020.jpg,Dancing,rachelzach-1020.jpg,Keagen; Lauren Bond; Phil Quist; Rachel Casciano; Trelawny; Zach Soskin,confirmed_people,,
Dancing/rachelzach-1021.jpg,Dancing,rachelzach-1021.jpg,Sean Morse,confirmed_people,,
Dancing/rachelzach-1022.jpg,Dancing,rachelzach-1022.jpg,,reviewed_no_person,ignore,table detail
Dancing/rachelzach-1023.jpg,Dancing,rachelzach-1023.jpg,,reviewed_no_person,ignore,table detail
Dancing/rachelzach-1024.jpg,Dancing,rachelzach-1024.jpg,Nate waldron; Sean Morse; Zach Soskin,confirmed_people,,
Dancing/rachelzach-1025.jpg,Dancing,rachelzach-1025.jpg,Bryant; Frankie B,confirmed_people,,
Dancing/rachelzach-1026.jpg,Dancing,rachelzach-1026.jpg,Chad Slomovitz; Jeffry Lurie; Jorie; Rachel Casciano; Taylor Noyer,confirmed_people,,
Dancing/rachelzach-1027.jpg,Dancing,rachelzach-1027.jpg,Adam Brown; Bryant; Erik; Jeffry Lurie; Keagen; Lauren Bond; Maddie Slomovitz; Rachel Casciano; Taylor Noyer; Zach Soskin,confirmed_people,,
Dancing/rachelzach-1028.jpg,Dancing,rachelzach-1028.jpg,Erik; Zach Soskin,confirmed_people,,
Dancing/rachelzach-1029.jpg,Dancing,rachelzach-1029.jpg,Jake Lurie; Jeffry Lurie; Jorie; Lauren Bond; Zach Soskin,confirmed_people,,
Dancing/rachelzach-1030.jpg,Dancing,rachelzach-1030.jpg,Adam Brown; Jeffry Lurie; Keagen; Nate O; Phil Quist; Rachel Casciano; Zach Soskin,confirmed_people,,
Dancing/rachelzach-1031.jpg,Dancing,rachelzach-1031.jpg,Keagen; Zach Soskin,confirmed_people,,
Dancing/rachelzach-1032.jpg,Dancing,rachelzach-1032.jpg,,unconfirmed,,
Dancing/rachelzach-1033.jpg,Dancing,rachelzach-1033.jpg,,unconfirmed,,
Dancing/rachelzach-1034.jpg,Dancing,rachelzach-1034.jpg,Frankie B; Phil Quist,confirmed_people,,
Dancing/rachelzach-1035.jpg,Dancing,rachelzach-1035.jpg,Chris N; Frankie B; Jules,confirmed_people,,
Dancing/rachelzach-1036.jpg,Dancing,rachelzach-1036.jpg,Tim J,confirmed_people,,
Dancing/rachelzach-1037.jpg,Dancing,rachelzach-1037.jpg,Meg; Mohr,confirmed_people,,
Dancing/rachelzach-1038.jpg,Dancing,rachelzach-1038.jpg,Pasha,confirmed_people,,
Dancing/rachelzach-1039.jpg,Dancing,rachelzach-1039.jpg,Nate O; Phil Quist,confirmed_people,,
Dancing/rachelzach-1040.jpg,Dancing,rachelzach-1040.jpg,Patti; Robbie,confirmed_people,,
Dancing/rachelzach-1041.jpg,Dancing,rachelzach-1041.jpg,Patti; Robbie,confirmed_people,,
Dancing/rachelzach-1042.jpg,Dancing,rachelzach-1042.jpg,Bryant; Daniel Shin; Zach Soskin,confirmed_people,,
Dancing/rachelzach-1043.jpg,Dancing,rachelzach-1043.jpg,Daniel Shin,confirmed_people,,
Dancing/rachelzach-1044.jpg,Dancing,rachelzach-1044.jpg,Daniel Shin; Robbie,confirmed_people,,
Dancing/rachelzach-1045.jpg,Dancing,rachelzach-1045.jpg,Kelsey Nuelle,confirmed_people,,
Dancing/rachelzach-1046.jpg,Dancing,rachelzach-1046.jpg,Jake Lurie,confirmed_people,,
Dancing/rachelzach-1047.jpg,Dancing,rachelzach-1047.jpg,Erik,confirmed_people,,
Dancing/rachelzach-1048.jpg,Dancing,rachelzach-1048.jpg,,unconfirmed,,
Dancing/rachelzach-1049.jpg,Dancing,rachelzach-1049.jpg,,unconfirmed,,
Dancing/rachelzach-1050.jpg,Dancing,rachelzach-1050.jpg,Melanie Casciano,confirmed_people,,
Dancing/rachelzach-1051.jpg,Dancing,rachelzach-1051.jpg,Melanie Casciano; Spencer Soltman,confirmed_people,,
Dancing/rachelzach-1052.jpg,Dancing,rachelzach-1052.jpg,Kelsey Nuelle; Spencer Soltman,confirmed_people,,
Dancing/rachelzach-1053.jpg,Dancing,rachelzach-1053.jpg,Kelsey Nuelle; Nate waldron; Zach Soskin,confirmed_people,,
Dancing/rachelzach-1054.jpg,Dancing,rachelzach-1054.jpg,Bryant,confirmed_people,,
Dancing/rachelzach-1055.jpg,Dancing,rachelzach-1055.jpg,Bryant,confirmed_people,,
Dancing/rachelzach-1056.jpg,Dancing,rachelzach-1056.jpg,Steve M,confirmed_people,,
Dancing/rachelzach-1057.jpg,Dancing,rachelzach-1057.jpg,Bryant; Daniel Shin; Pasha; Spencer Soltman; Steve M,confirmed_people,,
Dancing/rachelzach-1058.jpg,Dancing,rachelzach-1058.jpg,Bryant; Daniel Shin,confirmed_people,,
Dancing/rachelzach-1059.jpg,Dancing,rachelzach-1059.jpg,Phil C; Spencer Soltman,confirmed_people,,
Dancing/rachelzach-1060.jpg,Dancing,rachelzach-1060.jpg,Brendan; Daniel Shin,confirmed_people,,
Dancing/rachelzach-1061.jpg,Dancing,rachelzach-1061.jpg,Lars; Tara,confirmed_people,,
Dancing/rachelzach-1062.jpg,Dancing,rachelzach-1062.jpg,,unconfirmed,,
Dancing/rachelzach-1063.jpg,Dancing,rachelzach-1063.jpg,,unconfirmed,,
Dancing/rachelzach-1064.jpg,Dancing,rachelzach-1064.jpg,,unconfirmed,,
Dancing/rachelzach-1065.jpg,Dancing,rachelzach-1065.jpg,,reviewed_no_person,ignore,cropped dress detail
Dancing/rachelzach-1066.jpg,Dancing,rachelzach-1066.jpg,,reviewed_no_person,ignore,cropped dress detail
Dancing/rachelzach-1067.jpg,Dancing,rachelzach-1067.jpg,,reviewed_no_person,ignore,cropped dress detail
Dancing/rachelzach-1068.jpg,Dancing,rachelzach-1068.jpg,,reviewed_no_person,ignore,cropped dress detail
Dancing/rachelzach-1069.jpg,Dancing,rachelzach-1069.jpg,Chad Slomovitz; Rachel Casciano,confirmed_people,,
Dancing/rachelzach-1070.jpg,Dancing,rachelzach-1070.jpg,,reviewed_no_person,ignore,blurred dance crowd
Dancing/rachelzach-1071.jpg,Dancing,rachelzach-1071.jpg,Adam Brown; Kelsey Nuelle; Rachel Casciano,confirmed_people,,
Dancing/rachelzach-1072.jpg,Dancing,rachelzach-1072.jpg,Rachel Casciano; Rick Soskin,confirmed_people,,
Dancing/rachelzach-1073.jpg,Dancing,rachelzach-1073.jpg,Kelsey Meyers; Rachel Casciano,confirmed_people,,
Dancing/rachelzach-1074.jpg,Dancing,rachelzach-1074.jpg,,reviewed_no_person,ignore,venue exterior
Dancing/rachelzach-1075.jpg,Dancing,rachelzach-1075.jpg,Rachel Casciano; Zach Soskin,confirmed_people,,
Dancing/rachelzach-1076.jpg,Dancing,rachelzach-1076.jpg,,reviewed_no_person,ignore,venue exterior
Dancing/rachelzach-1077.jpg,Dancing,rachelzach-1077.jpg,Charlie Weisman,confirmed_people,,
Dancing/rachelzach-1078.jpg,Dancing,rachelzach-1078.jpg,Charlie Weisman; Rachel Casciano,confirmed_people,,
Dancing/rachelzach-1079.jpg,Dancing,rachelzach-1079.jpg,Charlie Weisman; Rachel Casciano; Zach Soskin,confirmed_people,,
Dancing/rachelzach-1080.jpg,Dancing,rachelzach-1080.jpg,Charlie Weisman; Rachel Casciano; Zach Soskin,confirmed_people,,
Dancing/rachelzach-1081.jpg,Dancing,rachelzach-1081.jpg,Charlie Weisman; Joan Soskin; Rachel Casciano,confirmed_people,,
Dancing/rachelzach-1082.jpg,Dancing,rachelzach-1082.jpg,Rachel Casciano,confirmed_people,,
Dancing/rachelzach-1083.jpg,Dancing,rachelzach-1083.jpg,,reviewed_no_person,ignore,dessert tray detail
Dancing/rachelzach-1084.jpg,Dancing,rachelzach-1084.jpg,Dan Casciano; Rachel Casciano,confirmed_people,,
Dancing/rachelzach-1085.jpg,Dancing,rachelzach-1085.jpg,Rachel Casciano; Tim J,confirmed_people,,
Dancing/rachelzach-1086.jpg,Dancing,rachelzach-1086.jpg,Keagen,confirmed_people,,
Dancing/rachelzach-1087.jpg,Dancing,rachelzach-1087.jpg,Jake Lurie; Nate O; Nick Pugs,confirmed_people,,
Dancing/rachelzach-1088.jpg,Dancing,rachelzach-1088.jpg,Alex Muecke; Meg; Nick Adam,confirmed_people,,
Dancing/rachelzach-1089.jpg,Dancing,rachelzach-1089.jpg,Kelsey Meyers,confirmed_people,,
Dancing/rachelzach-1090.jpg,Dancing,rachelzach-1090.jpg,,unconfirmed,,
Dancing/rachelzach-1091.jpg,Dancing,rachelzach-1091.jpg,Chris N; Dan Casciano; Jason Howarth; Melanie Casciano; Zach Soskin,confirmed_people,,
Dancing/rachelzach-1092.jpg,Dancing,rachelzach-1092.jpg,Rachel Casciano,confirmed_people,,
Dancing/rachelzach-1093.jpg,Dancing,rachelzach-1093.jpg,Jeffry Lurie; Maddie Slomovitz,confirmed_people,,
Dancing/rachelzach-1094.jpg,Dancing,rachelzach-1094.jpg,Jeffry Lurie; Maddie Slomovitz,confirmed_people,,
Dancing/rachelzach-1095.jpg,Dancing,rachelzach-1095.jpg,Keagen; Nate O; Siri; Ty Damon,confirmed_people,,
Dancing/rachelzach-1096.jpg,Dancing,rachelzach-1096.jpg,Nate O; Ty Damon; Zach Soskin,confirmed_people,,
Dancing/rachelzach-1097.jpg,Dancing,rachelzach-1097.jpg,Nate O,confirmed_people,,
Dancing/rachelzach-1098.jpg,Dancing,rachelzach-1098.jpg,Nate O; Phil Quist; Siri; Ty Damon; Zach Soskin,confirmed_people,,
Dancing/rachelzach-1099.jpg,Dancing,rachelzach-1099.jpg,Keagen; Nate O; Siri; Ty Damon; Zach Soskin,confirmed_people,,
Sunset/rachelzach-759.jpg,Sunset,rachelzach-759.jpg,Rachel Casciano; Zach Soskin,corrected_people,replace,couple at sunset
Sunset/rachelzach-760.jpg,Sunset,rachelzach-760.jpg,Zach Soskin,confirmed_people,,
Sunset/rachelzach-761.jpg,Sunset,rachelzach-761.jpg,Zach Soskin,confirmed_people,,
Sunset/rachelzach-762.jpg,Sunset,rachelzach-762.jpg,Rachel Casciano; Zach Soskin,corrected_people,replace,couple from behind
Sunset/rachelzach-763.jpg,Sunset,rachelzach-763.jpg,Rachel Casciano; Zach Soskin,corrected_people,replace,couple from behind
Sunset/rachelzach-764.jpg,Sunset,rachelzach-764.jpg,Rachel Casciano; Zach Soskin,corrected_people,replace,couple from behind
Sunset/rachelzach-765.jpg,Sunset,rachelzach-765.jpg,Rachel Casciano; Zach Soskin,confirmed_people,,
Sunset/rachelzach-766.jpg,Sunset,rachelzach-766.jpg,Rachel Casciano; Zach Soskin,confirmed_people,,
Sunset/rachelzach-767.jpg,Sunset,rachelzach-767.jpg,Rachel Casciano; Zach Soskin,confirmed_people,,
Sunset/rachelzach-768.jpg,Sunset,rachelzach-768.jpg,Rachel Casciano; Zach Soskin,confirmed_people,,
Sunset/rachelzach-769.jpg,Sunset,rachelzach-769.jpg,Rachel Casciano; Zach Soskin,confirmed_people,,
Sunset/rachelzach-770.jpg,Sunset,rachelzach-770.jpg,Rachel Casciano; Zach Soskin,confirmed_people,,
Sunset/rachelzach-771.jpg,Sunset,rachelzach-771.jpg,Rachel Casciano; Zach Soskin,corrected_people,replace,couple from behind
Sunset/rachelzach-772.jpg,Sunset,rachelzach-772.jpg,Zach Soskin,confirmed_people,,
Sunset/rachelzach-773.jpg,Sunset,rachelzach-773.jpg,Rachel Casciano; Zach Soskin,corrected_people,replace,couple portrait
Sunset/rachelzach-774.jpg,Sunset,rachelzach-774.jpg,Zach Soskin,confirmed_people,,
Sunset/rachelzach-775.jpg,Sunset,rachelzach-775.jpg,Rachel Casciano; Zach Soskin,corrected_people,replace,couple portrait
Sunset/rachelzach-776.jpg,Sunset,rachelzach-776.jpg,Rachel Casciano; Zach Soskin,corrected_people,replace,couple portrait
Sunset/rachelzach-777.jpg,Sunset,rachelzach-777.jpg,Rachel Casciano; Zach Soskin,corrected_people,replace,couple portrait
Sunset/rachelzach-778.jpg,Sunset,rachelzach-778.jpg,Rachel Casciano; Zach Soskin,corrected_people,replace,couple portrait
Sunset/rachelzach-779.jpg,Sunset,rachelzach-779.jpg,Rachel Casciano; Zach Soskin,confirmed_people,,
Sunset/rachelzach-780.jpg,Sunset,rachelzach-780.jpg,Rachel Casciano; Zach Soskin,confirmed_people,,
Sunset/rachelzach-781.jpg,Sunset,rachelzach-781.jpg,Zach Soskin,confirmed_people,,
Sunset/rachelzach-782.jpg,Sunset,rachelzach-782.jpg,Rachel Casciano,confirmed_people,,
Sunset/rachelzach-783.jpg,Sunset,rachelzach-783.jpg,Rachel Casciano; Zach Soskin,confirmed_people,,
Sunset/rachelzach-784.jpg,Sunset,rachelzach-784.jpg,Rachel Casciano; Zach Soskin,confirmed_people,,
Sunset/rachelzach-785.jpg,Sunset,rachelzach-785.jpg,Rachel Casciano; Zach Soskin,confirmed_people,,
Sunset/rachelzach-786.jpg,Sunset,rachelzach-786.jpg,Rachel Casciano; Zach Soskin,confirmed_people,,
Sunset/rachelzach-787.jpg,Sunset,rachelzach-787.jpg,Rachel Casciano; Zach Soskin,confirmed_people,,
Sunset/rachelzach-788.jpg,Sunset,rachelzach-788.jpg,Rachel Casciano,confirmed_people,,
Sunset/rachelzach-789.jpg,Sunset,rachelzach-789.jpg,Rachel Casciano; Zach Soskin,corrected_people,replace,couple from behind
Sunset/rachelzach-790.jpg,Sunset,rachelzach-790.jpg,Chad Slomovitz; Rachel Casciano,confirmed_people,,
Sunset/rachelzach-791.jpg,Sunset,rachelzach-791.jpg,Chad Slomovitz,confirmed_people,,
Sunset/rachelzach-792.jpg,Sunset,rachelzach-792.jpg,Rachel Casciano,confirmed_people,,
Sunset/rachelzach-793.jpg,Sunset,rachelzach-793.jpg,Rachel Casciano; Zach Soskin,confirmed_people,,
Sunset/rachelzach-794.jpg,Sunset,rachelzach-794.jpg,Rachel Casciano; Zach Soskin,confirmed_people,,
Sunset/rachelzach-795.jpg,Sunset,rachelzach-795.jpg,Rachel Casciano; Zach Soskin,confirmed_people,,
Sunset/rachelzach-796.jpg,Sunset,rachelzach-796.jpg,Zach Soskin,confirmed_people,,
Sunset/rachelzach-797.jpg,Sunset,rachelzach-797.jpg,Rachel Casciano; Zach Soskin,corrected_people,replace,couple portrait
Sunset/rachelzach-798.jpg,Sunset,rachelzach-798.jpg,Rachel Casciano; Zach Soskin,corrected_people,replace,couple portrait
Sunset/rachelzach-799.jpg,Sunset,rachelzach-799.jpg,Rachel Casciano; Zach Soskin,corrected_people,replace,couple detail
Sunset/rachelzach-800.jpg,Sunset,rachelzach-800.jpg,Rachel Casciano; Zach Soskin,corrected_people,replace,couple from behind
Sunset/rachelzach-801.jpg,Sunset,rachelzach-801.jpg,Rachel Casciano; Zach Soskin,corrected_people,replace,couple from behind
Sunset/rachelzach-802.jpg,Sunset,rachelzach-802.jpg,Rachel Casciano,confirmed_people,,
Sunset/rachelzach-803.jpg,Sunset,rachelzach-803.jpg,Rachel Casciano; Zach Soskin,corrected_people,replace,couple portrait
Sunset/rachelzach-804.jpg,Sunset,rachelzach-804.jpg,Rachel Casciano; Zach Soskin,corrected_people,replace,couple portrait
Sunset/rachelzach-805.jpg,Sunset,rachelzach-805.jpg,Zach Soskin,confirmed_people,,
Sunset/rachelzach-806.jpg,Sunset,rachelzach-806.jpg,Zach Soskin,confirmed_people,,
Sunset/rachelzach-807.jpg,Sunset,rachelzach-807.jpg,Zach Soskin,confirmed_people,,
Sunset/rachelzach-808.jpg,Sunset,rachelzach-808.jpg,Rachel Casciano; Zach Soskin,confirmed_people,,
Sunset/rachelzach-809.jpg,Sunset,rachelzach-809.jpg,Rachel Casciano; Zach Soskin,confirmed_people,,
Sunset/rachelzach-810.jpg,Sunset,rachelzach-810.jpg,Zach Soskin,confirmed_people,,
Sunset/rachelzach-811.jpg,Sunset,rachelzach-811.jpg,Rachel Casciano; Zach Soskin,corrected_people,replace,couple from behind
Sunset/rachelzach-812.jpg,Sunset,rachelzach-812.jpg,Rachel Casciano,corrected_people,replace,bride from back
After Party/rachelzach-1100.jpg,After Party,rachelzach-1100.jpg,Meg,confirmed_people,,
After Party/rachelzach-1101.jpg,After Party,rachelzach-1101.jpg,Rachel Casciano; Steve M,confirmed_people,,
After Party/rachelzach-1102.jpg,After Party,rachelzach-1102.jpg,Meg,confirmed_people,,
After Party/rachelzach-1103.jpg,After Party,rachelzach-1103.jpg,Chad Slomovitz; Jake Lurie; Lauren Lurie,confirmed_people,,
After Party/rachelzach-1104.jpg,After Party,rachelzach-1104.jpg,Charlie Weisman; Debi; LAURA WEISMAN,confirmed_people,,
After Party/rachelzach-1105.jpg,After Party,rachelzach-1105.jpg,Brendan,confirmed_people,,
After Party/rachelzach-1106.jpg,After Party,rachelzach-1106.jpg,,unconfirmed,,
After Party/rachelzach-1107.jpg,After Party,rachelzach-1107.jpg,J Til; Nick Pugs,confirmed_people,,
After Party/rachelzach-1108.jpg,After Party,rachelzach-1108.jpg,Cogan; Nate O; Trelawny,confirmed_people,,
After Party/rachelzach-1109.jpg,After Party,rachelzach-1109.jpg,Gisel; J Til,confirmed_people,,
After Party/rachelzach-1110.jpg,After Party,rachelzach-1110.jpg,Gisel; J Til,confirmed_people,,
After Party/rachelzach-1111.jpg,After Party,rachelzach-1111.jpg,Jody Post,confirmed_people,,
After Party/rachelzach-1112.jpg,After Party,rachelzach-1112.jpg,Jeffry Lurie; Maddie Channess,confirmed_people,,
After Party/rachelzach-1113.jpg,After Party,rachelzach-1113.jpg,,unconfirmed,,
After Party/rachelzach-1114.jpg,After Party,rachelzach-1114.jpg,Meg,confirmed_people,,
After Party/rachelzach-1115.jpg,After Party,rachelzach-1115.jpg,Pasha,confirmed_people,,
After Party/rachelzach-1116.jpg,After Party,rachelzach-1116.jpg,Siri,confirmed_people,,
After Party/rachelzach-1117.jpg,After Party,rachelzach-1117.jpg,Pat Burton; Spencer Soltman,confirmed_people,,
After Party/rachelzach-1118.jpg,After Party,rachelzach-1118.jpg,,reviewed_no_person,ignore,backs turned on dance floor
After Party/rachelzach-1119.jpg,After Party,rachelzach-1119.jpg,Dubov; Ty Damon,confirmed_people,,
After Party/rachelzach-1120.jpg,After Party,rachelzach-1120.jpg,Norris,confirmed_people,,
After Party/rachelzach-1121.jpg,After Party,rachelzach-1121.jpg,Norris; Rob A,confirmed_people,,
After Party/rachelzach-1122.jpg,After Party,rachelzach-1122.jpg,,unconfirmed,,
After Party/rachelzach-1123.jpg,After Party,rachelzach-1123.jpg,Rob A,confirmed_people,,
After Party/rachelzach-1124.jpg,After Party,rachelzach-1124.jpg,Zach Soskin,confirmed_people,,
After Party/rachelzach-1125.jpg,After Party,rachelzach-1125.jpg,,reviewed_no_person,ignore,mostly backs and crowd
After Party/rachelzach-1126.jpg,After Party,rachelzach-1126.jpg,Phil C; SCOTT L,confirmed_people,,
After Party/rachelzach-1127.jpg,After Party,rachelzach-1127.jpg,Rick Soskin; Zach Soskin,confirmed_people,,
After Party/rachelzach-1128.jpg,After Party,rachelzach-1128.jpg,Steve M,confirmed_people,,
After Party/rachelzach-1129.jpg,After Party,rachelzach-1129.jpg,,unconfirmed,,
After Party/rachelzach-1130.jpg,After Party,rachelzach-1130.jpg,,unconfirmed,,
After Party/rachelzach-1131.jpg,After Party,rachelzach-1131.jpg,Abe Burton; Ellie Soskin; Zach Soskin,confirmed_people,,
After Party/rachelzach-1132.jpg,After Party,rachelzach-1132.jpg,Ellie Soskin; Lars; Zach Soskin,confirmed_people,,
After Party/rachelzach-1133.jpg,After Party,rachelzach-1133.jpg,Melanie Casciano; Rachel Casciano,confirmed_people,,
After Party/rachelzach-1134.jpg,After Party,rachelzach-1134.jpg,Jorie,confirmed_people,,
After Party/rachelzach-1135.jpg,After Party,rachelzach-1135.jpg,Jorie; Zach Soskin,confirmed_people,,
After Party/rachelzach-1136.jpg,After Party,rachelzach-1136.jpg,Robbie,confirmed_people,,
After Party/rachelzach-1137.jpg,After Party,rachelzach-1137.jpg,Bryant; Daniel Shin,confirmed_people,,
After Party/rachelzach-1138.jpg,After Party,rachelzach-1138.jpg,Bryant; Nate O,confirmed_people,,
After Party/rachelzach-1139.jpg,After Party,rachelzach-1139.jpg,,reviewed_no_person,ignore,wide dance crowd
After Party/rachelzach-1140.jpg,After Party,rachelzach-1140.jpg,,reviewed_no_person,ignore,occluded backs only
After Party/rachelzach-1141.jpg,After Party,rachelzach-1141.jpg,Dan Casciano,confirmed_people,,
After Party/rachelzach-1142.jpg,After Party,rachelzach-1142.jpg,,reviewed_no_person,ignore,venue exterior and doorway
After Party/rachelzach-1143.jpg,After Party,rachelzach-1143.jpg,Ellie Soskin; Jeffry Lurie; Zach Soskin,confirmed_people,,
After Party/rachelzach-1144.jpg,After Party,rachelzach-1144.jpg,Chad Slomovitz; Maddie Slomovitz; Rachel Casciano; Zach Soskin,confirmed_people,,
After Party/rachelzach-1145.jpg,After Party,rachelzach-1145.jpg,,unconfirmed,,
After Party/rachelzach-1146.jpg,After Party,rachelzach-1146.jpg,Maddie Channess,confirmed_people,,
After Party/rachelzach-1147.jpg,After Party,rachelzach-1147.jpg,Adam Brown; Lars; SCOTT L; Tara,confirmed_people,,
After Party/rachelzach-1148.jpg,After Party,rachelzach-1148.jpg,Adam Lynn; Phil Quist; Rachel Casciano,confirmed_people,,
After Party/rachelzach-1149.jpg,After Party,rachelzach-1149.jpg,Pasha; Steve M,confirmed_people,,
After Party/rachelzach-1150.jpg,After Party,rachelzach-1150.jpg,Pasha; Steve M,confirmed_people,,
After Party/rachelzach-1151.jpg,After Party,rachelzach-1151.jpg,Spencer Soltman,confirmed_people,,
After Party/rachelzach-1152.jpg,After Party,rachelzach-1152.jpg,Adam Brown; Cogan; Spencer Soltman; Tim J,confirmed_people,,
After Party/rachelzach-1153.jpg,After Party,rachelzach-1153.jpg,Adam Brown; Spencer Soltman,confirmed_people,,
After Party/rachelzach-1154.jpg,After Party,rachelzach-1154.jpg,Adam Brown; Cogan; Rachel Casciano,confirmed_people,,
After Party/rachelzach-1155.jpg,After Party,rachelzach-1155.jpg,Taylor Noyer,confirmed_people,,
After Party/rachelzach-1156.jpg,After Party,rachelzach-1156.jpg,Norris; Rachel Casciano; Rob A; Zach Soskin,confirmed_people,,
After Party/rachelzach-1157.jpg,After Party,rachelzach-1157.jpg,Norris; Rachel Casciano; Rob A,confirmed_people,,
After Party/rachelzach-1158.jpg,After Party,rachelzach-1158.jpg,Norris; Rachel Casciano; Rob A,confirmed_people,,
After Party/rachelzach-1159.jpg,After Party,rachelzach-1159.jpg,Rachel Casciano,confirmed_people,,
After Party/rachelzach-1160.jpg,After Party,rachelzach-1160.jpg,Zach Soskin,confirmed_people,,
After Party/rachelzach-1161.jpg,After Party,rachelzach-1161.jpg,Adam Lynn; Rachel Casciano; Zach Soskin,confirmed_people,,
After Party/rachelzach-1162.jpg,After Party,rachelzach-1162.jpg,Adam Lynn; Rachel Casciano,confirmed_people,,
After Party/rachelzach-1163.jpg,After Party,rachelzach-1163.jpg,Greg; Janice; Marty; Patti; Robbie,confirmed_people,,
After Party/rachelzach-1164.jpg,After Party,rachelzach-1164.jpg,Melanie Casciano,confirmed_people,,
After Party/rachelzach-1165.jpg,After Party,rachelzach-1165.jpg,Taylor Noyer,confirmed_people,,
Sneak Peek/1. RachelZach-2.jpg,Sneak Peek,1. RachelZach-2.jpg,Kaitlin Burns; Kelsey Meyers; Rachel Casciano; Stephanie Soskin,confirmed_people,,
Sneak Peek/RachelZach-2.jpg,Sneak Peek,RachelZach-2.jpg,Kayla; Rachel Casciano,confirmed_people,,
Sneak Peek/Sneak-2.jpg,Sneak Peek,Sneak-2.jpg,Charlie Weisman; Rachel Casciano; Zach Soskin,confirmed_people,,
Sneak Peek/1. RachelZach-3.jpg,Sneak Peek,1. RachelZach-3.jpg,Rachel Casciano; Zach Soskin,confirmed_people,,
Sneak Peek/RachelZach-3.jpg,Sneak Peek,RachelZach-3.jpg,Kaitlin Burns; Kayla; Kelsey Meyers; Lauren Bond; Rachel Casciano; Sally; Tara; Trelawny,confirmed_people,,
Sneak Peek/Sneak-3.jpg,Sneak Peek,Sneak-3.jpg,Nate O,confirmed_people,,
Sneak Peek/1. RachelZach-4.jpg,Sneak Peek,1. RachelZach-4.jpg,Zach Soskin,confirmed_people,,
Sneak Peek/RachelZach-4.jpg,Sneak Peek,RachelZach-4.jpg,Melanie Casciano; Rachel Casciano,confirmed_people,,
Sneak Peek/Sneak-4.jpg,Sneak Peek,Sneak-4.jpg,Meg,confirmed_people,,
Sneak Peek/1. RachelZach-5.jpg,Sneak Peek,1. RachelZach-5.jpg,Rachel Casciano; Zach Soskin,corrected_people,replace,couple portrait
Sneak Peek/RachelZach-5.jpg,Sneak Peek,RachelZach-5.jpg,Rachel Casciano,confirmed_people,,
Sneak Peek/Sneak-5.jpg,Sneak Peek,Sneak-5.jpg,Jeffry Lurie; Zach Soskin,confirmed_people,,
Sneak Peek/1. RachelZach-6.jpg,Sneak Peek,1. RachelZach-6.jpg,Adam Stillman; Maddie Channess; Maddie Slomovitz,confirmed_people,,
Sneak Peek/RachelZach-6.jpg,Sneak Peek,RachelZach-6.jpg,Rachel Casciano,confirmed_people,,
Sneak Peek/Sneak-6.jpg,Sneak Peek,Sneak-6.jpg,Pasha; Steve M,confirmed_people,,
Sneak Peek/1. RachelZach-7.jpg,Sneak Peek,1. RachelZach-7.jpg,Rachel Casciano,confirmed_people,,
Sneak Peek/RachelZach-7.jpg,Sneak Peek,RachelZach-7.jpg,Kelsey Meyers; Melanie Casciano; Rachel Casciano,confirmed_people,,
Sneak Peek/Sneak-7.jpg,Sneak Peek,Sneak-7.jpg,Norris; Rachel Casciano; Rob A,confirmed_people,,
Sneak Peek/1. RachelZach-8.jpg,Sneak Peek,1. RachelZach-8.jpg,Cogan,confirmed_people,,
Sneak Peek/RachelZach-8.jpg,Sneak Peek,RachelZach-8.jpg,Rachel Casciano,corrected_people,replace,bridal portrait crop
Sneak Peek/Sneak-8.jpg,Sneak Peek,Sneak-8.jpg,Rachel Casciano,confirmed_people,,
Sneak Peek/1. RachelZach-9.jpg,Sneak Peek,1. RachelZach-9.jpg,Adi; Jake Lurie; Jeffry Lurie; Lauren Lurie; Maddie Channess; Morgan,confirmed_people,,
Sneak Peek/RachelZach-9.jpg,Sneak Peek,RachelZach-9.jpg,Rachel Casciano,confirmed_people,,
Sneak Peek/1. RachelZach-10.jpg,Sneak Peek,1. RachelZach-10.jpg,,reviewed_no_person,ignore,floral detail
Sneak Peek/RachelZach-10.jpg,Sneak Peek,RachelZach-10.jpg,Kaitlin Burns; Kayla; Kelsey Meyers; Maddie Slomovitz; Sally; Stephanie Soskin; Tara; Trelawny,confirmed_people,,
Sneak Peek/1. RachelZach-11.jpg,Sneak Peek,1. RachelZach-11.jpg,,reviewed_no_person,ignore,cropped server
Sneak Peek/RachelZach-11.jpg,Sneak Peek,RachelZach-11.jpg,Kaitlin Burns; Kayla; Kelsey Meyers; Rachel Casciano; Tara; Trelawny,confirmed_people,,
Sneak Peek/1. RachelZach-12.jpg,Sneak Peek,1. RachelZach-12.jpg,Adam Brown,confirmed_people,,
Sneak Peek/RachelZach-12.jpg,Sneak Peek,RachelZach-12.jpg,Zach Soskin,confirmed_people,,
Sneak Peek/1. RachelZach-13.jpg,Sneak Peek,1. RachelZach-13.jpg,,unconfirmed,,
Sneak Peek/RachelZach-13.jpg,Sneak Peek,RachelZach-13.jpg,Patti; Robbie,confirmed_people,,
Sneak Peek/1. RachelZach-14.jpg,Sneak Peek,1. RachelZach-14.jpg,Debi; Nancy Lurie; Patti,confirmed_people,,
Sneak Peek/RachelZach-14.jpg,Sneak Peek,RachelZach-14.jpg,Patti,confirmed_people,,
Sneak Peek/1. RachelZach-15.jpg,Sneak Peek,1. RachelZach-15.jpg,Frankie B,confirmed_people,,
Sneak Peek/RachelZach-15.jpg,Sneak Peek,RachelZach-15.jpg,Zach Soskin,confirmed_people,,
Sneak Peek/1. RachelZach-16.jpg,Sneak Peek,1. RachelZach-16.jpg,Dave Gilboa,confirmed_people,,
Sneak Peek/RachelZach-16.jpg,Sneak Peek,RachelZach-16.jpg,Zach Soskin,confirmed_people,,
Sneak Peek/1. RachelZach-17.jpg,Sneak Peek,1. RachelZach-17.jpg,Leah M; Taylor Noyer,confirmed_people,,
Sneak Peek/RachelZach-17.jpg,Sneak Peek,RachelZach-17.jpg,Zach Soskin,confirmed_people,,
Sneak Peek/1. RachelZach-18.jpg,Sneak Peek,1. RachelZach-18.jpg,Cogan; J Til,confirmed_people,,
Sneak Peek/RachelZach-18.jpg,Sneak Peek,RachelZach-18.jpg,Zach Soskin,confirmed_people,,
Sneak Peek/1. RachelZach-19.jpg,Sneak Peek,1. RachelZach-19.jpg,David Post; Melanie Casciano; Rachel Casciano,confirmed_people,,
Sneak Peek/RachelZach-19.jpg,Sneak Peek,RachelZach-19.jpg,Zach Soskin,confirmed_people,,
Sneak Peek/1. RachelZach-20.jpg,Sneak Peek,1. RachelZach-20.jpg,Rachel Casciano; Robbie,confirmed_people,,
Sneak Peek/RachelZach-20.jpg,Sneak Peek,RachelZach-20.jpg,Zach Soskin,confirmed_people,,
Sneak Peek/1. RachelZach-21.jpg,Sneak Peek,1. RachelZach-21.jpg,,reviewed_no_person,ignore,faces cropped
Sneak Peek/RachelZach-21.jpg,Sneak Peek,RachelZach-21.jpg,Rachel Casciano; Zach Soskin,corrected_people,replace,couple portrait
Sneak Peek/1. RachelZach-22.jpg,Sneak Peek,1. RachelZach-22.jpg,Melanie Casciano; Rachel Casciano,confirmed_people,,
Sneak Peek/RachelZach-22.jpg,Sneak Peek,RachelZach-22.jpg,Zach Soskin,confirmed_people,,
Sneak Peek/1. RachelZach-23.jpg,Sneak Peek,1. RachelZach-23.jpg,Maura,confirmed_people,,
Sneak Peek/RachelZach-23.jpg,Sneak Peek,RachelZach-23.jpg,Rachel Casciano; Zach Soskin,confirmed_people,,
Sneak Peek/1. RachelZach-24.jpg,Sneak Peek,1. RachelZach-24.jpg,Joan Soskin,confirmed_people,,
Sneak Peek/RachelZach-24.jpg,Sneak Peek,RachelZach-24.jpg,Zach Soskin,confirmed_people,,
Sneak Peek/1. RachelZach-25.jpg,Sneak Peek,1. RachelZach-25.jpg,Sean Morse,confirmed_people,,
Sneak Peek/RachelZach-25.jpg,Sneak Peek,RachelZach-25.jpg,Rachel Casciano; Zach Soskin,confirmed_people,,
Sneak Peek/1. RachelZach-26.jpg,Sneak Peek,1. RachelZach-26.jpg,Carter,confirmed_people,,
Sneak Peek/RachelZach-26.jpg,Sneak Peek,RachelZach-26.jpg,Rachel Casciano; Zach Soskin,confirmed_people,,
Sneak Peek/1. RachelZach-27.jpg,Sneak Peek,1. RachelZach-27.jpg,,reviewed_no_person,ignore,display detail
Sneak Peek/RachelZach-27.jpg,Sneak Peek,RachelZach-27.jpg,Rachel Casciano; Zach Soskin,confirmed_people,,
Sneak Peek/1. RachelZach-28.jpg,Sneak Peek,1. RachelZach-28.jpg,David Burton,confirmed_people,,
Sneak Peek/RachelZach-28.jpg,Sneak Peek,RachelZach-28.jpg,Rachel Casciano; Zach Soskin,corrected_people,replace,couple detail
Sneak Peek/1. RachelZach-29.jpg,Sneak Peek,1. RachelZach-29.jpg,,unconfirmed,,
Sneak Peek/RachelZach-29.jpg,Sneak Peek,RachelZach-29.jpg,Rachel Casciano; Zach Soskin,corrected_people,replace,couple portrait
Sneak Peek/1. RachelZach-30.jpg,Sneak Peek,1. RachelZach-30.jpg,Meg,confirmed_people,,
Sneak Peek/RachelZach-30.jpg,Sneak Peek,RachelZach-30.jpg,Rachel Casciano; Zach Soskin,confirmed_people,,
Sneak Peek/1. RachelZach-31.jpg,Sneak Peek,1. RachelZach-31.jpg,Patti; Zach Soskin,confirmed_people,,
Sneak Peek/RachelZach-31.jpg,Sneak Peek,RachelZach-31.jpg,Rachel Casciano; Zach Soskin,confirmed_people,,
Sneak Peek/1. RachelZach-32.jpg,Sneak Peek,1. RachelZach-32.jpg,,reviewed_no_person,ignore,face obscured
Sneak Peek/RachelZach-32.jpg,Sneak Peek,RachelZach-32.jpg,Dan Casciano,confirmed_people,,
Sneak Peek/1. RachelZach-33.jpg,Sneak Peek,1. RachelZach-33.jpg,,reviewed_no_person,ignore,faces cropped
Sneak Peek/RachelZach-33.jpg,Sneak Peek,RachelZach-33.jpg,Dan Casciano,confirmed_people,,
Sneak Peek/1. RachelZach-34.jpg,Sneak Peek,1. RachelZach-34.jpg,Kelsey Meyers,confirmed_people,,
Sneak Peek/RachelZach-34.jpg,Sneak Peek,RachelZach-34.jpg,Rachel Casciano,confirmed_people,,
Sneak Peek/1. RachelZach-35.jpg,Sneak Peek,1. RachelZach-35.jpg,Rachel Casciano; Tara,confirmed_people,,
Sneak Peek/RachelZach-35.jpg,Sneak Peek,RachelZach-35.jpg,Rachel Casciano,confirmed_people,,
Sneak Peek/1. RachelZach-36.jpg,Sneak Peek,1. RachelZach-36.jpg,,reviewed_no_person,ignore,floral detail
Sneak Peek/RachelZach-36.jpg,Sneak Peek,RachelZach-36.jpg,Rachel Casciano,corrected_people,replace,bridal portrait crop
Sneak Peek/1. RachelZach-37.jpg,Sneak Peek,1. RachelZach-37.jpg,,reviewed_no_person,ignore,distant rooftop
Sneak Peek/RachelZach-37.jpg,Sneak Peek,RachelZach-37.jpg,Rachel Casciano,confirmed_people,,
Sneak Peek/1. RachelZach-38.jpg,Sneak Peek,1. RachelZach-38.jpg,,reviewed_no_person,ignore,seascape
Sneak Peek/RachelZach-38.jpg,Sneak Peek,RachelZach-38.jpg,Rachel Casciano,confirmed_people,,
Sneak Peek/1. RachelZach-39.jpg,Sneak Peek,1. RachelZach-39.jpg,Trelawny,confirmed_people,,
Sneak Peek/RachelZach-39.jpg,Sneak Peek,RachelZach-39.jpg,Rachel Casciano; Zach Soskin,confirmed_people,,
Sneak Peek/1. RachelZach-40.jpg,Sneak Peek,1. RachelZach-40.jpg,Matt,confirmed_people,,
Sneak Peek/RachelZach-40.jpg,Sneak Peek,RachelZach-40.jpg,Rachel Casciano; Zach Soskin,confirmed_people,,
Sneak Peek/1. RachelZach-41.jpg,Sneak Peek,1. RachelZach-41.jpg,Rachel Casciano; Riley; Robbie; Tim J; Zach Soskin,confirmed_people,,
Sneak Peek/RachelZach-41.jpg,Sneak Peek,RachelZach-41.jpg,Zach Soskin,confirmed_people,,
Sneak Peek/1. RachelZach-42.jpg,Sneak Peek,1. RachelZach-42.jpg,J Mohr; Rachel Casciano; Robbie; Tim J; Zach Soskin,confirmed_people,,
Sneak Peek/RachelZach-42.jpg,Sneak Peek,RachelZach-42.jpg,HECKLIN; SANDRA,confirmed_people,,
Sneak Peek/1. RachelZach-43.jpg,Sneak Peek,1. RachelZach-43.jpg,Patti; Rachel Casciano; Zach Soskin,confirmed_people,,
Sneak Peek/RachelZach-43.jpg,Sneak Peek,RachelZach-43.jpg,,reviewed_no_person,ignore,empty ceremony
Sneak Peek/1. RachelZach-44.jpg,Sneak Peek,1. RachelZach-44.jpg,Patti; Rachel Casciano; Zach Soskin,confirmed_people,,
Sneak Peek/RachelZach-44.jpg,Sneak Peek,RachelZach-44.jpg,,reviewed_no_person,ignore,ceremony detail
Sneak Peek/1. RachelZach-45.jpg,Sneak Peek,1. RachelZach-45.jpg,Rachel Casciano; Zach Soskin,confirmed_people,,
Sneak Peek/RachelZach-45.jpg,Sneak Peek,RachelZach-45.jpg,,reviewed_no_person,ignore,ceremony detail
Sneak Peek/1. RachelZach-46.jpg,Sneak Peek,1. RachelZach-46.jpg,Parker,confirmed_people,,
Sneak Peek/RachelZach-46.jpg,Sneak Peek,RachelZach-46.jpg,,reviewed_no_person,ignore,floral detail
Sneak Peek/1. RachelZach-47.jpg,Sneak Peek,1. RachelZach-47.jpg,,reviewed_no_person,ignore,seascape
Sneak Peek/RachelZach-47.jpg,Sneak Peek,RachelZach-47.jpg,,reviewed_no_person,ignore,empty ceremony
Sneak Peek/1. RachelZach-48.jpg,Sneak Peek,1. RachelZach-48.jpg,Chad Slomovitz; Maddie Slomovitz; Melanie Casciano; Patti; Rachel Casciano; Robbie; Zach Soskin,confirmed_people,,
Sneak Peek/RachelZach-48.jpg,Sneak Peek,RachelZach-48.jpg,,reviewed_no_person,ignore,distant group
Sneak Peek/1. RachelZach-49.jpg,Sneak Peek,1. RachelZach-49.jpg,Riley; Zach Soskin,confirmed_people,,
Sneak Peek/RachelZach-49.jpg,Sneak Peek,RachelZach-49.jpg,,reviewed_no_person,ignore,landscape
Sneak Peek/1. RachelZach-50.jpg,Sneak Peek,1. RachelZach-50.jpg,Chad Slomovitz; Patti; Zach Soskin,confirmed_people,,
Sneak Peek/RachelZach-50.jpg,Sneak Peek,RachelZach-50.jpg,,reviewed_no_person,ignore,distant group
Sneak Peek/1. RachelZach-51.jpg,Sneak Peek,1. RachelZach-51.jpg,Chad Slomovitz; Maddie Slomovitz; Zach Soskin,confirmed_people,,
Sneak Peek/RachelZach-51.jpg,Sneak Peek,RachelZach-51.jpg,,reviewed_no_person,ignore,landscape
Sneak Peek/1. RachelZach-52.jpg,Sneak Peek,1. RachelZach-52.jpg,Kelsey Meyers,confirmed_people,,
Sneak Peek/RachelZach-52.jpg,Sneak Peek,RachelZach-52.jpg,,reviewed_no_person,ignore,backs from distance
Sneak Peek/1. RachelZach-53.jpg,Sneak Peek,1. RachelZach-53.jpg,ASHLEY; Debi; Dee Burton; Nancy Lurie; Pat Burton; Todd Lurie,confirmed_people,,
Sneak Peek/RachelZach-53.jpg,Sneak Peek,RachelZach-53.jpg,Phil Quist,confirmed_people,,
Sneak Peek/1. RachelZach-54.jpg,Sneak Peek,1. RachelZach-54.jpg,Jeffry Lurie; Maddie Channess,confirmed_people,,
Sneak Peek/RachelZach-54.jpg,Sneak Peek,RachelZach-54.jpg,,reviewed_no_person,ignore,backs only
Sneak Peek/1. RachelZach-55.jpg,Sneak Peek,1. RachelZach-55.jpg,J Til; Maddie Slomovitz,confirmed_people,,
Sneak Peek/RachelZach-55.jpg,Sneak Peek,RachelZach-55.jpg,Rush,confirmed_people,,
Sneak Peek/1. RachelZach-56.jpg,Sneak Peek,1. RachelZach-56.jpg,Chad Slomovitz; Charlie Weisman; Maddie Slomovitz; Zach Soskin,confirmed_people,,
Sneak Peek/RachelZach-56.jpg,Sneak Peek,RachelZach-56.jpg,,reviewed_no_person,ignore,backs from distance
Sneak Peek/1. RachelZach-57.jpg,Sneak Peek,1. RachelZach-57.jpg,Chris; Jorie; Matt,confirmed_people,,
Sneak Peek/RachelZach-57.jpg,Sneak Peek,RachelZach-57.jpg,Debi; Phil C,confirmed_people,,
Sneak Peek/1. RachelZach-58.jpg,Sneak Peek,1. RachelZach-58.jpg,,unconfirmed,,
Sneak Peek/RachelZach-58.jpg,Sneak Peek,RachelZach-58.jpg,Robbie; Zach Soskin,confirmed_people,,
Sneak Peek/1. RachelZach-59.jpg,Sneak Peek,1. RachelZach-59.jpg,Patti,confirmed_people,,
Sneak Peek/RachelZach-59.jpg,Sneak Peek,RachelZach-59.jpg,Rachel Casciano; Zach Soskin,corrected_people,replace,couple embrace
Sneak Peek/RachelZach-60.jpg,Sneak Peek,RachelZach-60.jpg,J Til; Jake Lurie; Jeffry Lurie; Keagen; Patti; Robbie,confirmed_people,,
Sneak Peek/RachelZach-61.jpg,Sneak Peek,RachelZach-61.jpg,Dan Casciano; Debi; Erik; Keagen; Melanie Casciano; Rachel Casciano; Tim J,confirmed_people,,
Sneak Peek/RachelZach-62.jpg,Sneak Peek,RachelZach-62.jpg,Rachel Casciano; Zach Soskin,corrected_people,replace,ceremony couple
Sneak Peek/RachelZach-63.jpg,Sneak Peek,RachelZach-63.jpg,Rachel Casciano,confirmed_people,,
Sneak Peek/RachelZach-64.jpg,Sneak Peek,RachelZach-64.jpg,Phil C; Zach Soskin,confirmed_people,,
Sneak Peek/RachelZach-65.jpg,Sneak Peek,RachelZach-65.jpg,Zach Soskin,confirmed_people,,
Sneak Peek/RachelZach-66.jpg,Sneak Peek,RachelZach-66.jpg,Phil C; Rachel Casciano; Zach Soskin,confirmed_people,,
Sneak Peek/RachelZach-67.jpg,Sneak Peek,RachelZach-67.jpg,Zach Soskin,confirmed_people,,
Sneak Peek/RachelZach-68.jpg,Sneak Peek,RachelZach-68.jpg,Maddie Slomovitz; Rachel Casciano; Stephanie Soskin,confirmed_people,,
Sneak Peek/RachelZach-69.jpg,Sneak Peek,RachelZach-69.jpg,Rachel Casciano; Zach Soskin,corrected_people,replace,couple portrait
Sneak Peek/RachelZach-70.jpg,Sneak Peek,RachelZach-70.jpg,Rachel Casciano,confirmed_people,,
Sneak Peek/RachelZach-71.jpg,Sneak Peek,RachelZach-71.jpg,Keagen; Phil Quist; Rachel Casciano; Zach Soskin,confirmed_people,,
Sneak Peek/RachelZach-72.jpg,Sneak Peek,RachelZach-72.jpg,Keagen; Rachel Casciano; Zach Soskin,confirmed_people,,
Sneak Peek/RachelZach-73.jpg,Sneak Peek,RachelZach-73.jpg,Keagen; SCOTT L,confirmed_people,,
Sneak Peek/RachelZach-74.jpg,Sneak Peek,RachelZach-74.jpg,Rachel Casciano; Zach Soskin,confirmed_people,,
Sneak Peek/RachelZach-75.jpg,Sneak Peek,RachelZach-75.jpg,Rachel Casciano,confirmed_people,,
Sneak Peek/RachelZach-76.jpg,Sneak Peek,RachelZach-76.jpg,Dan Casciano; Melanie Casciano; Rachel Casciano; Zach Soskin,confirmed_people,,
Sneak Peek/RachelZach-77.jpg,Sneak Peek,RachelZach-77.jpg,Chad Slomovitz; Jorie; Maddie Slomovitz; Parker; Patti; Rachel Casciano; Robbie; Rylie; Stephanie Soskin; Zach Soskin,confirmed_people,,
Sneak Peek/RachelZach-78.jpg,Sneak Peek,RachelZach-78.jpg,Chad Slomovitz; Jorie; Maddie Slomovitz; Rachel Casciano; Riley; Stephanie Soskin; Zach Soskin,confirmed_people,,
Sneak Peek/RachelZach-79.jpg,Sneak Peek,RachelZach-79.jpg,Dan Casciano,confirmed_people,,
Sneak Peek/RachelZach-80.jpg,Sneak Peek,RachelZach-80.jpg,Ronald Harris,confirmed_people,,
Sneak Peek/RachelZach-81.jpg,Sneak Peek,RachelZach-81.jpg,Lauren Bond; Maddie Slomovitz; Rachel Casciano; Sally,confirmed_people,,
Sneak Peek/RachelZach-82.jpg,Sneak Peek,RachelZach-82.jpg,Kelsey Meyers; Lauren Bond; Rachel Casciano; Sally; Trelawny,confirmed_people,,
Sneak Peek/RachelZach-83.jpg,Sneak Peek,RachelZach-83.jpg,Meg,confirmed_people,,
Sneak Peek/RachelZach-84.jpg,Sneak Peek,RachelZach-84.jpg,Adi,confirmed_people,,
Sneak Peek/RachelZach-85.jpg,Sneak Peek,RachelZach-85.jpg,,unconfirmed,,
Sneak Peek/RachelZach-86.jpg,Sneak Peek,RachelZach-86.jpg,Jake Lurie; Kayla; Kelsey Meyers; Maddie Slomovitz; Phil C; Rachel Casciano; Sally; Tim J,confirmed_people,,
Sneak Peek/RachelZach-87.jpg,Sneak Peek,RachelZach-87.jpg,Rachel Casciano; Zach Soskin,corrected_people,replace,couple embrace
Sneak Peek/RachelZach-88.jpg,Sneak Peek,RachelZach-88.jpg,Rachel Casciano; Zach Soskin,confirmed_people,,
Sneak Peek/RachelZach-89.jpg,Sneak Peek,RachelZach-89.jpg,Rachel Casciano; Zach Soskin,corrected_people,replace,couple portrait
Sneak Peek/RachelZach-90.jpg,Sneak Peek,RachelZach-90.jpg,Harris; Riley,confirmed_people,,
Sneak Peek/RachelZach-91.jpg,Sneak Peek,RachelZach-91.jpg,,unconfirmed,,
Sneak Peek/RachelZach-92.jpg,Sneak Peek,RachelZach-92.jpg,,reviewed_no_person,ignore,empty venue
Sneak Peek/RachelZach-93.jpg,Sneak Peek,RachelZach-93.jpg,,reviewed_no_person,ignore,empty venue
Sneak Peek/RachelZach-94.jpg,Sneak Peek,RachelZach-94.jpg,,reviewed_no_person,ignore,empty venue
Sneak Peek/RachelZach-95.jpg,Sneak Peek,RachelZach-95.jpg,,reviewed_no_person,ignore,table detail
Sneak Peek/RachelZach-96.jpg,Sneak Peek,RachelZach-96.jpg,,reviewed_no_person,ignore,table detail
Sneak Peek/RachelZach-97.jpg,Sneak Peek,RachelZach-97.jpg,,reviewed_no_person,ignore,drink detail
Sneak Peek/RachelZach-98.jpg,Sneak Peek,RachelZach-98.jpg,,unconfirmed,,
Sneak Peek/RachelZach-99.jpg,Sneak Peek,RachelZach-99.jpg,,reviewed_no_person,ignore,floral detail
Sneak Peek/RachelZach-100.jpg,Sneak Peek,RachelZach-100.jpg,,reviewed_no_person,ignore,lighting detail
Sneak Peek/RachelZach-101.jpg,Sneak Peek,RachelZach-101.jpg,,reviewed_no_person,ignore,floral detail
Sneak Peek/RachelZach-102.jpg,Sneak Peek,RachelZach-102.jpg,Lauren Bond,confirmed_people,,
Sneak Peek/RachelZach-103.jpg,Sneak Peek,RachelZach-103.jpg,Aly Gilboa,confirmed_people,,
Sneak Peek/RachelZach-104.jpg,Sneak Peek,RachelZach-104.jpg,,reviewed_no_person,ignore,faces cropped
Sneak Peek/RachelZach-105.jpg,Sneak Peek,RachelZach-105.jpg,Dubov; Spencer Soltman; Tav,confirmed_people,,
Sneak Peek/RachelZach-106.jpg,Sneak Peek,RachelZach-106.jpg,HECKLIN; Parker,confirmed_people,,
Sneak Peek/RachelZach-107.jpg,Sneak Peek,RachelZach-107.jpg,,unconfirmed,,
Sneak Peek/RachelZach-108.jpg,Sneak Peek,RachelZach-108.jpg,,unconfirmed,,
Sneak Peek/RachelZach-109.jpg,Sneak Peek,RachelZach-109.jpg,Kayla,confirmed_people,,
Sneak Peek/RachelZach-110.jpg,Sneak Peek,RachelZach-110.jpg,Gisel; Kayla; Spencer Soltman,confirmed_people,,
Sneak Peek/RachelZach-111.jpg,Sneak Peek,RachelZach-111.jpg,Zach Soskin,confirmed_people,,
Sneak Peek/RachelZach-112.jpg,Sneak Peek,RachelZach-112.jpg,Zach Soskin,confirmed_people,,
Sneak Peek/RachelZach-113.jpg,Sneak Peek,RachelZach-113.jpg,Rachel Casciano,corrected_people,replace,bride from back
Sneak Peek/RachelZach-114.jpg,Sneak Peek,RachelZach-114.jpg,Rachel Casciano,confirmed_people,,
Sneak Peek/RachelZach-115.jpg,Sneak Peek,RachelZach-115.jpg,,unconfirmed,,
Sneak Peek/RachelZach-116.jpg,Sneak Peek,RachelZach-116.jpg,Rachel Casciano,confirmed_people,,
Sneak Peek/RachelZach-117.jpg,Sneak Peek,RachelZach-117.jpg,Rachel Casciano,confirmed_people,,
Sneak Peek/RachelZach-118.jpg,Sneak Peek,RachelZach-118.jpg,Nate O,confirmed_people,,
Sneak Peek/RachelZach-119.jpg,Sneak Peek,RachelZach-119.jpg,Chad Slomovitz; Nick Pugs; Patti; Rachel Casciano,confirmed_people,,
Sneak Peek/RachelZach-120.jpg,Sneak Peek,RachelZach-120.jpg,Meg,confirmed_people,,
Sneak Peek/RachelZach-121.jpg,Sneak Peek,RachelZach-121.jpg,Maddie Slomovitz,confirmed_people,,
Sneak Peek/RachelZach-122.jpg,Sneak Peek,RachelZach-122.jpg,Chad Slomovitz; Rachel Casciano,confirmed_people,,
Sneak Peek/RachelZach-123.jpg,Sneak Peek,RachelZach-123.jpg,Rachel Casciano,confirmed_people,,
Sneak Peek/RachelZach-124.jpg,Sneak Peek,RachelZach-124.jpg,Parker,confirmed_people,,
Sneak Peek/RachelZach-125.jpg,Sneak Peek,RachelZach-125.jpg,Frankie B; Parker; Stephanie Soskin,confirmed_people,,
Sneak Peek/RachelZach-126.jpg,Sneak Peek,RachelZach-126.jpg,Parker; Riley; Todd Lurie,confirmed_people,,
Sneak Peek/RachelZach-127.jpg,Sneak Peek,RachelZach-127.jpg,Zach Soskin,confirmed_people,,
Sneak Peek/RachelZach-128.jpg,Sneak Peek,RachelZach-128.jpg,,reviewed_no_person,ignore,food detail
Sneak Peek/RachelZach-129.jpg,Sneak Peek,RachelZach-129.jpg,Spencer Soltman,confirmed_people,,
Sneak Peek/RachelZach-130.jpg,Sneak Peek,RachelZach-130.jpg,Zach Soskin,confirmed_people,,
Sneak Peek/RachelZach-131.jpg,Sneak Peek,RachelZach-131.jpg,Rachel Casciano; Zach Soskin,corrected_people,replace,couple from behind
Sneak Peek/RachelZach-132.jpg,Sneak Peek,RachelZach-132.jpg,Rachel Casciano; Zach Soskin,confirmed_people,,
Sneak Peek/RachelZach-133.jpg,Sneak Peek,RachelZach-133.jpg,Rachel Casciano; Zach Soskin,confirmed_people,,
Sneak Peek/RachelZach-134.jpg,Sneak Peek,RachelZach-134.jpg,Zach Soskin,confirmed_people,,
Sneak Peek/RachelZach-135.jpg,Sneak Peek,RachelZach-135.jpg,Rachel Casciano; Zach Soskin,corrected_people,replace,couple portrait
Sneak Peek/RachelZach-136.jpg,Sneak Peek,RachelZach-136.jpg,Rachel Casciano; Zach Soskin,confirmed_people,,
Sneak Peek/RachelZach-137.jpg,Sneak Peek,RachelZach-137.jpg,Rachel Casciano; Zach Soskin,confirmed_people,,
Sneak Peek/RachelZach-138.jpg,Sneak Peek,RachelZach-138.jpg,Zach Soskin,confirmed_people,,
Sneak Peek/RachelZach-139.jpg,Sneak Peek,RachelZach-139.jpg,Rachel Casciano; Zach Soskin,corrected_people,replace,couple portrait
Sneak Peek/RachelZach-140.jpg,Sneak Peek,RachelZach-140.jpg,Rachel Casciano,corrected_people,replace,bride from back
Sneak Peek/RachelZach-141.jpg,Sneak Peek,RachelZach-141.jpg,Parker,confirmed_people,,
Sneak Peek/RachelZach-142.jpg,Sneak Peek,RachelZach-142.jpg,Dan Casciano; Melanie Casciano,confirmed_people,,
Sneak Peek/RachelZach-143.jpg,Sneak Peek,RachelZach-143.jpg,Maddie Slomovitz,confirmed_people,,
Sneak Peek/RachelZach-144.jpg,Sneak Peek,RachelZach-144.jpg,Rachel Casciano,confirmed_people,,
Sneak Peek/RachelZach-145.jpg,Sneak Peek,RachelZach-145.jpg,Rachel Casciano; Zach Soskin,corrected_people,replace,couple from behind
Sneak Peek/RachelZach-146.jpg,Sneak Peek,RachelZach-146.jpg,,reviewed_no_person,ignore,hands detail
Sneak Peek/RachelZach-147.jpg,Sneak Peek,RachelZach-147.jpg,Kayla; Sean Morse,confirmed_people,,
Sneak Peek/RachelZach-148.jpg,Sneak Peek,RachelZach-148.jpg,,reviewed_no_person,ignore,sunset landscape
Sneak Peek/RachelZach-149.jpg,Sneak Peek,RachelZach-149.jpg,Dan Casciano,confirmed_people,,
Sneak Peek/RachelZach-150.jpg,Sneak Peek,RachelZach-150.jpg,Rachel Casciano,confirmed_people,,
Sneak Peek/RachelZach-151.jpg,Sneak Peek,RachelZach-151.jpg,Rachel Casciano,confirmed_people,,
Sneak Peek/RachelZach-152.jpg,Sneak Peek,RachelZach-152.jpg,Patti,confirmed_people,,
Sneak Peek/RachelZach-153.jpg,Sneak Peek,RachelZach-153.jpg,Chad Slomovitz; Rachel Casciano; Zach Soskin,confirmed_people,,
Sneak Peek/RachelZach-154.jpg,Sneak Peek,RachelZach-154.jpg,,reviewed_no_person,ignore,backs/background dance moment; no useful searchable guest face
Sneak Peek/RachelZach-155.jpg,Sneak Peek,RachelZach-155.jpg,,reviewed_no_person,ignore,face cropped
Sneak Peek/1. RachelZach.jpg,Sneak Peek,1. RachelZach.jpg,,reviewed_no_person,ignore,floral detail
Sneak Peek/RachelZach.jpg,Sneak Peek,RachelZach.jpg,,reviewed_no_person,ignore,invitation detail
Sneak Peek/Sneak.jpg,Sneak Peek,Sneak.jpg,Jacquie; Kayla; Pat Burton; Spencer Soltman,confirmed_people,,
Film/rachelzachfilm-2.jpg,Film,rachelzachfilm-2.jpg,Rachel Casciano; Zach Soskin,corrected_people,replace,bride and groom portrait
Film/rachelzachfilm-3.jpg,Film,rachelzachfilm-3.jpg,Rachel Casciano; Zach Soskin,confirmed_people,,
Film/rachelzachfilm-4.jpg,Film,rachelzachfilm-4.jpg,Rachel Casciano; Zach Soskin,corrected_people,replace,bride and groom portrait
Film/rachelzachfilm-5.jpg,Film,rachelzachfilm-5.jpg,Rachel Casciano; Zach Soskin,confirmed_people,,
Film/rachelzachfilm-6.jpg,Film,rachelzachfilm-6.jpg,Rachel Casciano; Zach Soskin,confirmed_people,,
Film/rachelzachfilm-7.jpg,Film,rachelzachfilm-7.jpg,Rachel Casciano,confirmed_people,,
Film/rachelzachfilm-8.jpg,Film,rachelzachfilm-8.jpg,Zach Soskin,confirmed_people,,
Film/rachelzachfilm-9.jpg,Film,rachelzachfilm-9.jpg,Rachel Casciano; Zach Soskin,corrected_people,replace,bride and groom portrait
Film/rachelzachfilm-10.jpg,Film,rachelzachfilm-10.jpg,Zach Soskin,confirmed_people,,
Film/rachelzachfilm-11.jpg,Film,rachelzachfilm-11.jpg,Rachel Casciano; Zach Soskin,confirmed_people,,
Film/rachelzachfilm-12.jpg,Film,rachelzachfilm-12.jpg,Rachel Casciano,confirmed_people,,
Film/rachelzachfilm-13.jpg,Film,rachelzachfilm-13.jpg,Rachel Casciano; Zach Soskin,confirmed_people,,
Film/rachelzachfilm-14.jpg,Film,rachelzachfilm-14.jpg,Rachel Casciano,confirmed_people,,
Film/rachelzachfilm-15.jpg,Film,rachelzachfilm-15.jpg,Rachel Casciano; Zach Soskin,confirmed_people,,
Film/rachelzachfilm-16.jpg,Film,rachelzachfilm-16.jpg,Rachel Casciano; Zach Soskin,confirmed_people,,
Film/rachelzachfilm-17.jpg,Film,rachelzachfilm-17.jpg,Rachel Casciano; Zach Soskin,corrected_people,replace,bride and groom on stairs
Film/rachelzachfilm-18.jpg,Film,rachelzachfilm-18.jpg,Rachel Casciano; Zach Soskin,confirmed_people,,
Film/rachelzachfilm-19.jpg,Film,rachelzachfilm-19.jpg,Rachel Casciano; Zach Soskin,confirmed_people,,
Film/rachelzachfilm-20.jpg,Film,rachelzachfilm-20.jpg,Rachel Casciano; Zach Soskin,confirmed_people,,
Film/rachelzachfilm-21.jpg,Film,rachelzachfilm-21.jpg,Rachel Casciano; Zach Soskin,confirmed_people,,
Film/rachelzachfilm-22.jpg,Film,rachelzachfilm-22.jpg,Rachel Casciano; Zach Soskin,confirmed_people,,
Film/rachelzachfilm-23.jpg,Film,rachelzachfilm-23.jpg,Rachel Casciano; Zach Soskin,corrected_people,replace,bride and groom from behind
Film/rachelzachfilm-24.jpg,Film,rachelzachfilm-24.jpg,Zach Soskin,confirmed_people,,
Film/rachelzachfilm-25.jpg,Film,rachelzachfilm-25.jpg,Zach Soskin,confirmed_people,,
Film/rachelzachfilm-26.jpg,Film,rachelzachfilm-26.jpg,Zach Soskin,confirmed_people,,
Film/rachelzachfilm-27.jpg,Film,rachelzachfilm-27.jpg,Rachel Casciano,confirmed_people,,
Film/rachelzachfilm-28.jpg,Film,rachelzachfilm-28.jpg,Rachel Casciano; Zach Soskin,confirmed_people,,
Film/rachelzachfilm-29.jpg,Film,rachelzachfilm-29.jpg,Rachel Casciano; Zach Soskin,confirmed_people,,
Film/rachelzachfilm-30.jpg,Film,rachelzachfilm-30.jpg,Rachel Casciano; Zach Soskin,confirmed_people,,
Film/rachelzachfilm-31.jpg,Film,rachelzachfilm-31.jpg,Rachel Casciano; Zach Soskin,corrected_people,replace,bride and groom from behind
Film/rachelzachfilm-32.jpg,Film,rachelzachfilm-32.jpg,Rachel Casciano; Zach Soskin,corrected_people,replace,bride and groom from behind
Film/rachelzachfilm-33.jpg,Film,rachelzachfilm-33.jpg,Rachel Casciano; Zach Soskin,corrected_people,replace,bride and groom from behind
Film/rachelzachfilm-34.jpg,Film,rachelzachfilm-34.jpg,Rachel Casciano; Zach Soskin,corrected_people,replace,bride and groom from behind
Film/rachelzachfilm-35.jpg,Film,rachelzachfilm-35.jpg,Rachel Casciano; Zach Soskin,corrected_people,replace,bride and groom from behind
Film/rachelzachfilm-36.jpg,Film,rachelzachfilm-36.jpg,,reviewed_no_person,ignore,serving detail no face
Film/rachelzachfilm-37.jpg,Film,rachelzachfilm-37.jpg,,reviewed_no_person,ignore,staff/service moment rather than guest search result
Film/rachelzachfilm-38.jpg,Film,rachelzachfilm-38.jpg,,reviewed_no_person,ignore,staff/service detail rather than guest search result
Film/rachelzachfilm-39.jpg,Film,rachelzachfilm-39.jpg,,reviewed_no_person,ignore,serving detail no face
Film/rachelzachfilm-40.jpg,Film,rachelzachfilm-40.jpg,Parker; Ronald Harris,confirmed_people,,
Film/rachelzachfilm-41.jpg,Film,rachelzachfilm-41.jpg,,reviewed_no_person,ignore,floral detail
Film/rachelzachfilm-42.jpg,Film,rachelzachfilm-42.jpg,Ivan Licon; Kayla,confirmed_people,,
Film/rachelzachfilm-43.jpg,Film,rachelzachfilm-43.jpg,Spencer Soltman; Tim J,confirmed_people,,
Film/rachelzachfilm-44.jpg,Film,rachelzachfilm-44.jpg,,unconfirmed,,
Film/rachelzachfilm-45.jpg,Film,rachelzachfilm-45.jpg,,unconfirmed,,
Film/rachelzachfilm-46.jpg,Film,rachelzachfilm-46.jpg,Bryant; Spencer Soltman,confirmed_people,,
Film/rachelzachfilm-47.jpg,Film,rachelzachfilm-47.jpg,Bryant,confirmed_people,,
Film/rachelzachfilm-48.jpg,Film,rachelzachfilm-48.jpg,David Post,confirmed_people,,
Film/rachelzachfilm-49.jpg,Film,rachelzachfilm-49.jpg,Nate O,confirmed_people,,
Film/rachelzachfilm-50.jpg,Film,rachelzachfilm-50.jpg,J Til; Trelawny,confirmed_people,,
Film/rachelzachfilm-51.jpg,Film,rachelzachfilm-51.jpg,Carter,confirmed_people,,
Film/rachelzachfilm-52.jpg,Film,rachelzachfilm-52.jpg,Parker; Stephanie Soskin,confirmed_people,,
Film/rachelzachfilm-53.jpg,Film,rachelzachfilm-53.jpg,Parker,confirmed_people,,
Film/rachelzachfilm-54.jpg,Film,rachelzachfilm-54.jpg,Parker,confirmed_people,,
Film/rachelzachfilm-55.jpg,Film,rachelzachfilm-55.jpg,Jorie; Parker,confirmed_people,,
Film/rachelzachfilm-56.jpg,Film,rachelzachfilm-56.jpg,Parker,confirmed_people,,
Film/rachelzachfilm-57.jpg,Film,rachelzachfilm-57.jpg,,unconfirmed,,
Film/rachelzachfilm-58.jpg,Film,rachelzachfilm-58.jpg,,unconfirmed,,
Film/rachelzachfilm-59.jpg,Film,rachelzachfilm-59.jpg,Parker,confirmed_people,,
Film/rachelzachfilm-60.jpg,Film,rachelzachfilm-60.jpg,,unconfirmed,,
Film/rachelzachfilm-61.jpg,Film,rachelzachfilm-61.jpg,Parker,confirmed_people,,
Film/rachelzachfilm-62.jpg,Film,rachelzachfilm-62.jpg,,unconfirmed,,
Film/rachelzachfilm-63.jpg,Film,rachelzachfilm-63.jpg,Stephanie Soskin,confirmed_people,,
Film/rachelzachfilm-64.jpg,Film,rachelzachfilm-64.jpg,Jake Lurie,confirmed_people,,
Film/rachelzachfilm-65.jpg,Film,rachelzachfilm-65.jpg,Abe Burton,confirmed_people,,
Film/rachelzachfilm-66.jpg,Film,rachelzachfilm-66.jpg,Zach Soskin,confirmed_people,,
Film/rachelzachfilm-67.jpg,Film,rachelzachfilm-67.jpg,Zach Soskin,confirmed_people,,
Film/rachelzachfilm-68.jpg,Film,rachelzachfilm-68.jpg,Rachel Casciano; Zach Soskin,corrected_people,replace,bride and groom by pool
Film/rachelzachfilm-69.jpg,Film,rachelzachfilm-69.jpg,Rachel Casciano,confirmed_people,,
Film/rachelzachfilm-70.jpg,Film,rachelzachfilm-70.jpg,Rachel Casciano,confirmed_people,,
Film/rachelzachfilm-71.jpg,Film,rachelzachfilm-71.jpg,Rachel Casciano,corrected_people,replace,bridal portrait crop
Film/rachelzachfilm-72.jpg,Film,rachelzachfilm-72.jpg,Rachel Casciano,confirmed_people,,
Film/rachelzachfilm-73.jpg,Film,rachelzachfilm-73.jpg,Rachel Casciano,confirmed_people,,
Film/rachelzachfilm-74.jpg,Film,rachelzachfilm-74.jpg,Rachel Casciano,confirmed_people,,
Film/rachelzachfilm-75.jpg,Film,rachelzachfilm-75.jpg,Rachel Casciano,confirmed_people,,
Film/rachelzachfilm-76.jpg,Film,rachelzachfilm-76.jpg,Rachel Casciano; Zach Soskin,confirmed_people,,
Film/rachelzachfilm-77.jpg,Film,rachelzachfilm-77.jpg,Rachel Casciano; Zach Soskin,confirmed_people,,
Film/rachelzachfilm-78.jpg,Film,rachelzachfilm-78.jpg,Rachel Casciano; Zach Soskin,confirmed_people,,
Film/rachelzachfilm-79.jpg,Film,rachelzachfilm-79.jpg,Zach Soskin,confirmed_people,,
Film/rachelzachfilm-80.jpg,Film,rachelzachfilm-80.jpg,Rachel Casciano; Zach Soskin,confirmed_people,,
Film/rachelzachfilm-81.jpg,Film,rachelzachfilm-81.jpg,Rachel Casciano; Zach Soskin,confirmed_people,,
Film/rachelzachfilm-82.jpg,Film,rachelzachfilm-82.jpg,Rachel Casciano; Zach Soskin,confirmed_people,,
Film/rachelzachfilm-83.jpg,Film,rachelzachfilm-83.jpg,Rachel Casciano; Zach Soskin,confirmed_people,,
Film/rachelzachfilm-84.jpg,Film,rachelzachfilm-84.jpg,Rachel Casciano; Zach Soskin,confirmed_people,,
Film/rachelzachfilm-85.jpg,Film,rachelzachfilm-85.jpg,Rachel Casciano; Zach Soskin,confirmed_people,,
Film/rachelzachfilm-86.jpg,Film,rachelzachfilm-86.jpg,Rachel Casciano; Zach Soskin,confirmed_people,,
Film/rachelzachfilm-87.jpg,Film,rachelzachfilm-87.jpg,Zach Soskin,confirmed_people,,
Film/rachelzachfilm-88.jpg,Film,rachelzachfilm-88.jpg,Rachel Casciano; Zach Soskin,confirmed_people,,
Film/rachelzachfilm-89.jpg,Film,rachelzachfilm-89.jpg,Rachel Casciano; Zach Soskin,confirmed_people,,
Film/rachelzachfilm-90.jpg,Film,rachelzachfilm-90.jpg,Rachel Casciano; Zach Soskin,confirmed_people,,
Film/rachelzachfilm-91.jpg,Film,rachelzachfilm-91.jpg,Rachel Casciano; Zach Soskin,confirmed_people,,
Film/rachelzachfilm-92.jpg,Film,rachelzachfilm-92.jpg,Rachel Casciano; Zach Soskin,confirmed_people,,
Film/rachelzachfilm-93.jpg,Film,rachelzachfilm-93.jpg,Rachel Casciano; Zach Soskin,confirmed_people,,
Film/rachelzachfilm-94.jpg,Film,rachelzachfilm-94.jpg,Rachel Casciano; Zach Soskin,confirmed_people,,
Film/rachelzachfilm-95.jpg,Film,rachelzachfilm-95.jpg,Rachel Casciano; Zach Soskin,confirmed_people,,
Film/rachelzachfilm-96.jpg,Film,rachelzachfilm-96.jpg,Rachel Casciano; Zach Soskin,corrected_people,replace,bride and groom kiss
Film/rachelzachfilm-97.jpg,Film,rachelzachfilm-97.jpg,Zach Soskin,confirmed_people,,
Film/rachelzachfilm-98.jpg,Film,rachelzachfilm-98.jpg,,unconfirmed,,
Film/rachelzachfilm-99.jpg,Film,rachelzachfilm-99.jpg,,unconfirmed,,
Film/rachelzachfilm-100.jpg,Film,rachelzachfilm-100.jpg,Rachel Casciano,corrected_people,replace,bridal portrait
Film/rachelzachfilm-101.jpg,Film,rachelzachfilm-101.jpg,Rachel Casciano,confirmed_people,,
Film/rachelzachfilm-102.jpg,Film,rachelzachfilm-102.jpg,,unconfirmed,,
Film/rachelzachfilm-103.jpg,Film,rachelzachfilm-103.jpg,,unconfirmed,,
Film/rachelzachfilm-104.jpg,Film,rachelzachfilm-104.jpg,,unconfirmed,,
Film/rachelzachfilm-105.jpg,Film,rachelzachfilm-105.jpg,,unconfirmed,,
Film/rachelzachfilm-106.jpg,Film,rachelzachfilm-106.jpg,,unconfirmed,,
Film/rachelzachfilm-107.jpg,Film,rachelzachfilm-107.jpg,,unconfirmed,,
Film/rachelzachfilm-108.jpg,Film,rachelzachfilm-108.jpg,,unconfirmed,,
Film/rachelzachfilm-109.jpg,Film,rachelzachfilm-109.jpg,David Post,confirmed_people,,
Film/rachelzachfilm-110.jpg,Film,rachelzachfilm-110.jpg,,unconfirmed,,
Film/rachelzachfilm-111.jpg,Film,rachelzachfilm-111.jpg,Adam Lynn,confirmed_people,,
Film/rachelzachfilm-112.jpg,Film,rachelzachfilm-112.jpg,,unconfirmed,,
Film/rachelzachfilm-113.jpg,Film,rachelzachfilm-113.jpg,,unconfirmed,,
Film/rachelzachfilm-114.jpg,Film,rachelzachfilm-114.jpg,,unconfirmed,,
Film/rachelzachfilm-115.jpg,Film,rachelzachfilm-115.jpg,,reviewed_no_person,ignore,floral detail
Film/rachelzachfilm-116.jpg,Film,rachelzachfilm-116.jpg,,reviewed_no_person,ignore,ceremony crowd from behind/distance; not useful for self-search
Film/rachelzachfilm-117.jpg,Film,rachelzachfilm-117.jpg,,reviewed_no_person,ignore,floral detail with backs
Film/rachelzachfilm-118.jpg,Film,rachelzachfilm-118.jpg,,reviewed_no_person,ignore,ceremony crowd from behind/distance; not useful for self-search
Film/rachelzachfilm-119.jpg,Film,rachelzachfilm-119.jpg,Zach Soskin,confirmed_people,,
Film/rachelzachfilm-120.jpg,Film,rachelzachfilm-120.jpg,Zach Soskin,confirmed_people,,
Film/rachelzachfilm-121.jpg,Film,rachelzachfilm-121.jpg,Jorie; Parker; Riley; Robbie,confirmed_people,,
Film/rachelzachfilm-122.jpg,Film,rachelzachfilm-122.jpg,Jorie; Parker; Riley; Robbie,confirmed_people,,
Film/rachelzachfilm-123.jpg,Film,rachelzachfilm-123.jpg,Dan Casciano; Melanie Casciano; Rachel Casciano,confirmed_people,,
Film/rachelzachfilm-124.jpg,Film,rachelzachfilm-124.jpg,Dan Casciano; Melanie Casciano; Rachel Casciano,confirmed_people,,
Film/rachelzachfilm-125.jpg,Film,rachelzachfilm-125.jpg,Rachel Casciano; Zach Soskin,corrected_people,replace,distant ceremony couple
Film/rachelzachfilm-126.jpg,Film,rachelzachfilm-126.jpg,Rachel Casciano; Zach Soskin,corrected_people,replace,distant ceremony couple
Film/rachelzachfilm-127.jpg,Film,rachelzachfilm-127.jpg,Rachel Casciano; Zach Soskin,corrected_people,replace,bride and groom ceremony
Film/rachelzachfilm-128.jpg,Film,rachelzachfilm-128.jpg,Rachel Casciano; Zach Soskin,corrected_people,replace,bride and groom ceremony
Film/rachelzachfilm-129.jpg,Film,rachelzachfilm-129.jpg,J Til; Jake Lurie; Jeffry Lurie; Jorie; Keagen; Patti; Robbie; Ronald Harris; Tim J,confirmed_people,,
Film/rachelzachfilm-130.jpg,Film,rachelzachfilm-130.jpg,Chad Slomovitz; J Til; Jake Lurie; Jorie; Parker; Patti; Robbie; Ronald Harris; Tim J; Zach Soskin,confirmed_people,,
Film/rachelzachfilm-131.jpg,Film,rachelzachfilm-131.jpg,,unconfirmed,,
Film/rachelzachfilm-132.jpg,Film,rachelzachfilm-132.jpg,Chad Slomovitz; Ronald Harris,confirmed_people,,
Film/rachelzachfilm-133.jpg,Film,rachelzachfilm-133.jpg,Keagen; Tim J; Zach Soskin,confirmed_people,,
Film/rachelzachfilm-134.jpg,Film,rachelzachfilm-134.jpg,Keagen; Tim J; Zach Soskin,confirmed_people,,
Film/rachelzachfilm-135.jpg,Film,rachelzachfilm-135.jpg,,reviewed_no_person,ignore,floral detail
Film/rachelzachfilm-136.jpg,Film,rachelzachfilm-136.jpg,Phil C; Rachel Casciano; Zach Soskin,confirmed_people,,
Film/rachelzachfilm-137.jpg,Film,rachelzachfilm-137.jpg,Phil C; Rachel Casciano; Zach Soskin,confirmed_people,,
Film/rachelzachfilm-138.jpg,Film,rachelzachfilm-138.jpg,Phil C; Rachel Casciano; Zach Soskin,confirmed_people,,
Film/rachelzachfilm-139.jpg,Film,rachelzachfilm-139.jpg,Rachel Casciano; Zach Soskin,confirmed_people,,
Film/rachelzachfilm-140.jpg,Film,rachelzachfilm-140.jpg,Phil C; Rachel Casciano; Zach Soskin,confirmed_people,,
Film/rachelzachfilm-141.jpg,Film,rachelzachfilm-141.jpg,Phil C; Zach Soskin,confirmed_people,,
Film/rachelzachfilm-142.jpg,Film,rachelzachfilm-142.jpg,Phil C; Zach Soskin,confirmed_people,,
Film/rachelzachfilm-143.jpg,Film,rachelzachfilm-143.jpg,Phil C; Zach Soskin,confirmed_people,,
Film/rachelzachfilm-144.jpg,Film,rachelzachfilm-144.jpg,Phil C; Rachel Casciano; Zach Soskin,confirmed_people,,
Film/rachelzachfilm-145.jpg,Film,rachelzachfilm-145.jpg,Phil C; Rachel Casciano; Zach Soskin,confirmed_people,,
Film/rachelzachfilm-146.jpg,Film,rachelzachfilm-146.jpg,Phil C,confirmed_people,,
Film/rachelzachfilm-147.jpg,Film,rachelzachfilm-147.jpg,Rachel Casciano,corrected_people,replace,bride from side
Film/rachelzachfilm-148.jpg,Film,rachelzachfilm-148.jpg,Dan Casciano,confirmed_people,,
Film/rachelzachfilm-149.jpg,Film,rachelzachfilm-149.jpg,Dan Casciano; Sally,confirmed_people,,
Film/rachelzachfilm-150.jpg,Film,rachelzachfilm-150.jpg,Patti; Robbie; Ronald Harris; Zach Soskin,confirmed_people,,
Film/rachelzachfilm-151.jpg,Film,rachelzachfilm-151.jpg,Patti; Robbie; Ronald Harris; Zach Soskin,confirmed_people,,
Film/rachelzachfilm-152.jpg,Film,rachelzachfilm-152.jpg,Rachel Casciano; Zach Soskin,corrected_people,replace,bride and groom ceremony
Film/rachelzachfilm-153.jpg,Film,rachelzachfilm-153.jpg,Phil C,confirmed_people,,
Film/rachelzachfilm-154.jpg,Film,rachelzachfilm-154.jpg,Maddie Slomovitz; Melanie Casciano,confirmed_people,,
Film/rachelzachfilm-155.jpg,Film,rachelzachfilm-155.jpg,Rachel Casciano; Zach Soskin,corrected_people,replace,couple portrait
Film/rachelzachfilm-156.jpg,Film,rachelzachfilm-156.jpg,Charlie Weisman,confirmed_people,,
Film/rachelzachfilm-157.jpg,Film,rachelzachfilm-157.jpg,,reviewed_no_person,ignore,distant guests
Film/rachelzachfilm-158.jpg,Film,rachelzachfilm-158.jpg,Jorie; Parker; Stephanie Soskin,confirmed_people,,
Film/rachelzachfilm-159.jpg,Film,rachelzachfilm-159.jpg,,unconfirmed,,
Film/rachelzachfilm-160.jpg,Film,rachelzachfilm-160.jpg,,unconfirmed,,
Film/rachelzachfilm-161.jpg,Film,rachelzachfilm-161.jpg,,reviewed_no_person,ignore,children mostly turned away
Film/rachelzachfilm-162.jpg,Film,rachelzachfilm-162.jpg,Jeremy Burton Burton,confirmed_people,,
Film/rachelzachfilm-163.jpg,Film,rachelzachfilm-163.jpg,Phil Quist,confirmed_people,,
Film/rachelzachfilm-164.jpg,Film,rachelzachfilm-164.jpg,,unconfirmed,,
Film/rachelzachfilm-165.jpg,Film,rachelzachfilm-165.jpg,,reviewed_no_person,ignore,wide cocktail group
Film/rachelzachfilm-166.jpg,Film,rachelzachfilm-166.jpg,,unconfirmed,,
Film/rachelzachfilm-167.jpg,Film,rachelzachfilm-167.jpg,JUELS; Spencer Soltman,confirmed_people,,
Film/rachelzachfilm-168.jpg,Film,rachelzachfilm-168.jpg,,unconfirmed,,
Film/rachelzachfilm-169.jpg,Film,rachelzachfilm-169.jpg,Nate O,confirmed_people,,
Film/rachelzachfilm-170.jpg,Film,rachelzachfilm-170.jpg,,reviewed_no_person,ignore,backs and partial guests
Film/rachelzachfilm-171.jpg,Film,rachelzachfilm-171.jpg,Ellie Soskin,confirmed_people,,
Film/rachelzachfilm-172.jpg,Film,rachelzachfilm-172.jpg,,reviewed_no_person,ignore,guest back view
Film/rachelzachfilm-173.jpg,Film,rachelzachfilm-173.jpg,,reviewed_no_person,ignore,guest back view
Film/rachelzachfilm-174.jpg,Film,rachelzachfilm-174.jpg,Daniel Shin,confirmed_people,,
Film/rachelzachfilm-175.jpg,Film,rachelzachfilm-175.jpg,,reviewed_no_person,ignore,wide guest group
Film/rachelzachfilm-176.jpg,Film,rachelzachfilm-176.jpg,,reviewed_no_person,ignore,backs only
Film/rachelzachfilm-177.jpg,Film,rachelzachfilm-177.jpg,,reviewed_no_person,ignore,back view
Film/rachelzachfilm-178.jpg,Film,rachelzachfilm-178.jpg,,reviewed_no_person,ignore,occluded legs
Film/rachelzachfilm-179.jpg,Film,rachelzachfilm-179.jpg,Matt,confirmed_people,,
Film/rachelzachfilm-180.jpg,Film,rachelzachfilm-180.jpg,,reviewed_no_person,ignore,table floral detail
Film/rachelzachfilm-181.jpg,Film,rachelzachfilm-181.jpg,,reviewed_no_person,ignore,table floral detail
Film/rachelzachfilm-182.jpg,Film,rachelzachfilm-182.jpg,,reviewed_no_person,ignore,table floral detail
Film/rachelzachfilm-183.jpg,Film,rachelzachfilm-183.jpg,,reviewed_no_person,ignore,table floral detail
Film/rachelzachfilm-184.jpg,Film,rachelzachfilm-184.jpg,,reviewed_no_person,ignore,place setting detail
Film/rachelzachfilm-185.jpg,Film,rachelzachfilm-185.jpg,,reviewed_no_person,ignore,place setting detail
Film/rachelzachfilm-186.jpg,Film,rachelzachfilm-186.jpg,,reviewed_no_person,ignore,table floral detail
Film/rachelzachfilm-187.jpg,Film,rachelzachfilm-187.jpg,,reviewed_no_person,ignore,reception table detail
Film/rachelzachfilm-188.jpg,Film,rachelzachfilm-188.jpg,,reviewed_no_person,ignore,empty reception setup
Film/rachelzachfilm-189.jpg,Film,rachelzachfilm-189.jpg,,reviewed_no_person,ignore,empty reception setup
Film/rachelzachfilm-190.jpg,Film,rachelzachfilm-190.jpg,,reviewed_no_person,ignore,pattern detail
Film/rachelzachfilm-191.jpg,Film,rachelzachfilm-191.jpg,,reviewed_no_person,ignore,table floral detail
Film/rachelzachfilm-192.jpg,Film,rachelzachfilm-192.jpg,,reviewed_no_person,ignore,empty reception setup
Film/rachelzachfilm-193.jpg,Film,rachelzachfilm-193.jpg,,reviewed_no_person,ignore,empty reception setup
Film/rachelzachfilm-194.jpg,Film,rachelzachfilm-194.jpg,,reviewed_no_person,ignore,table floral detail
Film/rachelzachfilm-195.jpg,Film,rachelzachfilm-195.jpg,,reviewed_no_person,ignore,lantern detail
Film/rachelzachfilm-196.jpg,Film,rachelzachfilm-196.jpg,Zach Soskin,confirmed_people,,
Film/rachelzachfilm-197.jpg,Film,rachelzachfilm-197.jpg,Rachel Casciano; Zach Soskin,corrected_people,replace,first dance couple
Film/rachelzachfilm-198.jpg,Film,rachelzachfilm-198.jpg,Rachel Casciano; Zach Soskin,corrected_people,replace,first dance couple
Film/rachelzachfilm-199.jpg,Film,rachelzachfilm-199.jpg,Zach Soskin,confirmed_people,,
Film/rachelzachfilm-200.jpg,Film,rachelzachfilm-200.jpg,Zach Soskin,confirmed_people,,
Film/rachelzachfilm-201.jpg,Film,rachelzachfilm-201.jpg,Rachel Casciano; Zach Soskin,corrected_people,replace,couple from behind
Film/rachelzachfilm-202.jpg,Film,rachelzachfilm-202.jpg,Zach Soskin,confirmed_people,,
Film/rachelzachfilm-203.jpg,Film,rachelzachfilm-203.jpg,Rachel Casciano; Zach Soskin,corrected_people,replace,first dance couple
Film/rachelzachfilm-204.jpg,Film,rachelzachfilm-204.jpg,Zach Soskin,confirmed_people,,
Film/rachelzachfilm-205.jpg,Film,rachelzachfilm-205.jpg,Zach Soskin,confirmed_people,,
Film/rachelzachfilm-206.jpg,Film,rachelzachfilm-206.jpg,Rachel Casciano; Zach Soskin,confirmed_people,,
Film/rachelzachfilm-207.jpg,Film,rachelzachfilm-207.jpg,Rachel Casciano; Zach Soskin,corrected_people,replace,first dance couple
Film/rachelzachfilm-208.jpg,Film,rachelzachfilm-208.jpg,Zach Soskin,confirmed_people,,
Film/rachelzachfilm-209.jpg,Film,rachelzachfilm-209.jpg,Zach Soskin,confirmed_people,,
Film/rachelzachfilm-210.jpg,Film,rachelzachfilm-210.jpg,Rachel Casciano; Zach Soskin,corrected_people,replace,first dance couple
Film/rachelzachfilm-211.jpg,Film,rachelzachfilm-211.jpg,Rachel Casciano; Zach Soskin,confirmed_people,,
Film/rachelzachfilm-212.jpg,Film,rachelzachfilm-212.jpg,Rachel Casciano; Zach Soskin,corrected_people,replace,couple dancing
Film/rachelzachfilm-213.jpg,Film,rachelzachfilm-213.jpg,Rachel Casciano; Zach Soskin,corrected_people,replace,couple dancing
Film/rachelzachfilm-214.jpg,Film,rachelzachfilm-214.jpg,Rachel Casciano,confirmed_people,,
Film/rachelzachfilm-215.jpg,Film,rachelzachfilm-215.jpg,Rachel Casciano,confirmed_people,,
Film/rachelzachfilm-216.jpg,Film,rachelzachfilm-216.jpg,,reviewed_no_person,ignore,landscape tree
Film/rachelzachfilm-217.jpg,Film,rachelzachfilm-217.jpg,,reviewed_no_person,ignore,wide reception guests
Film/rachelzachfilm-218.jpg,Film,rachelzachfilm-218.jpg,Cogan; Nick Pugs,confirmed_people,,
Film/rachelzachfilm-219.jpg,Film,rachelzachfilm-219.jpg,,reviewed_no_person,ignore,food table detail
Film/rachelzachfilm-220.jpg,Film,rachelzachfilm-220.jpg,Rachel Casciano; Zach Soskin,corrected_people,replace,couple portrait
Film/rachelzachfilm-221.jpg,Film,rachelzachfilm-221.jpg,Rachel Casciano; Zach Soskin,confirmed_people,,
Film/rachelzachfilm-222.jpg,Film,rachelzachfilm-222.jpg,Rachel Casciano; Zach Soskin,corrected_people,replace,couple portrait
Film/rachelzachfilm-223.jpg,Film,rachelzachfilm-223.jpg,Rachel Casciano; Zach Soskin,corrected_people,replace,couple portrait
Film/rachelzachfilm-224.jpg,Film,rachelzachfilm-224.jpg,Rachel Casciano; Zach Soskin,corrected_people,replace,couple from behind
Film/rachelzachfilm-225.jpg,Film,rachelzachfilm-225.jpg,Rachel Casciano,confirmed_people,,
Film/rachelzachfilm-226.jpg,Film,rachelzachfilm-226.jpg,Rachel Casciano; Zach Soskin,corrected_people,replace,couple portrait
Film/rachelzachfilm-227.jpg,Film,rachelzachfilm-227.jpg,Rachel Casciano,confirmed_people,,
Film/rachelzachfilm-228.jpg,Film,rachelzachfilm-228.jpg,Rachel Casciano; Zach Soskin,corrected_people,replace,couple portrait
Film/rachelzachfilm-229.jpg,Film,rachelzachfilm-229.jpg,,reviewed_no_person,ignore,landscape tree
Film/rachelzachfilm-230.jpg,Film,rachelzachfilm-230.jpg,,reviewed_no_person,ignore,seated/background guests from behind; no useful searchable face
Film/rachelzachfilm-231.jpg,Film,rachelzachfilm-231.jpg,Patti,confirmed_people,,
Film/rachelzachfilm-232.jpg,Film,rachelzachfilm-232.jpg,Frankie B; Lauren Lurie; Phil Becker,confirmed_people,,
Film/rachelzachfilm-233.jpg,Film,rachelzachfilm-233.jpg,Rachel Casciano; Riley,confirmed_people,,
Film/rachelzachfilm-234.jpg,Film,rachelzachfilm-234.jpg,Rachel Casciano,confirmed_people,,
Film/rachelzachfilm-235.jpg,Film,rachelzachfilm-235.jpg,Dan Casciano; Melanie Casciano,confirmed_people,,
Film/rachelzachfilm-236.jpg,Film,rachelzachfilm-236.jpg,Dan Casciano; Melanie Casciano,confirmed_people,,
Film/rachelzachfilm-237.jpg,Film,rachelzachfilm-237.jpg,Rachel Casciano; Zach Soskin,confirmed_people,,
Film/rachelzachfilm-238.jpg,Film,rachelzachfilm-238.jpg,Rachel Casciano; Zach Soskin,confirmed_people,,
Film/rachelzachfilm-239.jpg,Film,rachelzachfilm-239.jpg,Dan Casciano; Melanie Casciano,confirmed_people,,
Film/rachelzachfilm-240.jpg,Film,rachelzachfilm-240.jpg,Rachel Casciano; Trelawny,confirmed_people,,
Film/rachelzachfilm-241.jpg,Film,rachelzachfilm-241.jpg,,reviewed_no_person,ignore,seated guests from behind; no useful searchable face
Film/rachelzachfilm-242.jpg,Film,rachelzachfilm-242.jpg,Zach Soskin,confirmed_people,,
Film/rachelzachfilm-243.jpg,Film,rachelzachfilm-243.jpg,,unconfirmed,,
Film/rachelzachfilm-244.jpg,Film,rachelzachfilm-244.jpg,,unconfirmed,,
Film/rachelzachfilm-245.jpg,Film,rachelzachfilm-245.jpg,,reviewed_no_person,ignore,cropped seated detail
Film/rachelzachfilm-246.jpg,Film,rachelzachfilm-246.jpg,Rachel Casciano,confirmed_people,,
Film/rachelzachfilm-247.jpg,Film,rachelzachfilm-247.jpg,Rachel Casciano; Zach Soskin,confirmed_people,,
Film/rachelzachfilm-248.jpg,Film,rachelzachfilm-248.jpg,Rachel Casciano; Zach Soskin,confirmed_people,,
Film/rachelzachfilm.jpg,Film,rachelzachfilm.jpg,Rachel Casciano; Zach Soskin,corrected_people,replace,couple portrait
