path,event,filename,people_count,people
After Party/rachelzach-1100.jpg,After Party,rachelzach-1100.jpg,1,Meg
After Party/rachelzach-1101.jpg,After Party,rachelzach-1101.jpg,2,Rachel Casciano; Steve M
After Party/rachelzach-1102.jpg,After Party,rachelzach-1102.jpg,1,Meg
After Party/rachelzach-1103.jpg,After Party,rachelzach-1103.jpg,3,Chad Slomovitz; Jake Lurie; Lauren Lurie
After Party/rachelzach-1104.jpg,After Party,rachelzach-1104.jpg,3,Charlie Weisman; Debi; LAURA WEISMAN
After Party/rachelzach-1105.jpg,After Party,rachelzach-1105.jpg,1,Brendan
After Party/rachelzach-1106.jpg,After Party,rachelzach-1106.jpg,0,
After Party/rachelzach-1107.jpg,After Party,rachelzach-1107.jpg,2,J Til; Nick Pugs
After Party/rachelzach-1108.jpg,After Party,rachelzach-1108.jpg,3,Cogan; Nate O; Trelawny
After Party/rachelzach-1109.jpg,After Party,rachelzach-1109.jpg,2,Gisel; J Til
After Party/rachelzach-1110.jpg,After Party,rachelzach-1110.jpg,2,Gisel; J Til
After Party/rachelzach-1111.jpg,After Party,rachelzach-1111.jpg,1,Jody Post
After Party/rachelzach-1112.jpg,After Party,rachelzach-1112.jpg,2,Jeffry Lurie; Maddie Channess
After Party/rachelzach-1113.jpg,After Party,rachelzach-1113.jpg,0,
After Party/rachelzach-1114.jpg,After Party,rachelzach-1114.jpg,1,Meg
After Party/rachelzach-1115.jpg,After Party,rachelzach-1115.jpg,1,Pasha
After Party/rachelzach-1116.jpg,After Party,rachelzach-1116.jpg,1,Siri
After Party/rachelzach-1117.jpg,After Party,rachelzach-1117.jpg,2,Pat Burton; Spencer Soltman
After Party/rachelzach-1118.jpg,After Party,rachelzach-1118.jpg,0,
After Party/rachelzach-1119.jpg,After Party,rachelzach-1119.jpg,2,Dubov; Ty Damon
After Party/rachelzach-1120.jpg,After Party,rachelzach-1120.jpg,1,Norris
After Party/rachelzach-1121.jpg,After Party,rachelzach-1121.jpg,2,Norris; Rob A
After Party/rachelzach-1122.jpg,After Party,rachelzach-1122.jpg,0,
After Party/rachelzach-1123.jpg,After Party,rachelzach-1123.jpg,1,Rob A
After Party/rachelzach-1124.jpg,After Party,rachelzach-1124.jpg,1,Zach Soskin
After Party/rachelzach-1125.jpg,After Party,rachelzach-1125.jpg,0,
After Party/rachelzach-1126.jpg,After Party,rachelzach-1126.jpg,2,Phil C; SCOTT L
After Party/rachelzach-1127.jpg,After Party,rachelzach-1127.jpg,2,Rick Soskin; Zach Soskin
After Party/rachelzach-1128.jpg,After Party,rachelzach-1128.jpg,1,Steve M
After Party/rachelzach-1129.jpg,After Party,rachelzach-1129.jpg,0,
After Party/rachelzach-1130.jpg,After Party,rachelzach-1130.jpg,0,
After Party/rachelzach-1131.jpg,After Party,rachelzach-1131.jpg,3,Abe Burton; Ellie Soskin; Zach Soskin
After Party/rachelzach-1132.jpg,After Party,rachelzach-1132.jpg,3,Ellie Soskin; Lars; Zach Soskin
After Party/rachelzach-1133.jpg,After Party,rachelzach-1133.jpg,2,Melanie Casciano; Rachel Casciano
After Party/rachelzach-1134.jpg,After Party,rachelzach-1134.jpg,1,Jorie
After Party/rachelzach-1135.jpg,After Party,rachelzach-1135.jpg,2,Jorie; Zach Soskin
After Party/rachelzach-1136.jpg,After Party,rachelzach-1136.jpg,1,Robbie
After Party/rachelzach-1137.jpg,After Party,rachelzach-1137.jpg,2,Bryant; Daniel Shin
After Party/rachelzach-1138.jpg,After Party,rachelzach-1138.jpg,2,Bryant; Nate O
After Party/rachelzach-1139.jpg,After Party,rachelzach-1139.jpg,0,
After Party/rachelzach-1140.jpg,After Party,rachelzach-1140.jpg,0,
After Party/rachelzach-1141.jpg,After Party,rachelzach-1141.jpg,1,Dan Casciano
After Party/rachelzach-1142.jpg,After Party,rachelzach-1142.jpg,0,
After Party/rachelzach-1143.jpg,After Party,rachelzach-1143.jpg,3,Ellie Soskin; Jeffry Lurie; Zach Soskin
After Party/rachelzach-1144.jpg,After Party,rachelzach-1144.jpg,4,Chad Slomovitz; Maddie Slomovitz; Rachel Casciano; Zach Soskin
After Party/rachelzach-1145.jpg,After Party,rachelzach-1145.jpg,0,
After Party/rachelzach-1146.jpg,After Party,rachelzach-1146.jpg,1,Maddie Channess
After Party/rachelzach-1147.jpg,After Party,rachelzach-1147.jpg,4,Adam Brown; Lars; SCOTT L; Tara
After Party/rachelzach-1148.jpg,After Party,rachelzach-1148.jpg,3,Adam Lynn; Phil Quist; Rachel Casciano
After Party/rachelzach-1149.jpg,After Party,rachelzach-1149.jpg,2,Pasha; Steve M
After Party/rachelzach-1150.jpg,After Party,rachelzach-1150.jpg,2,Pasha; Steve M
After Party/rachelzach-1151.jpg,After Party,rachelzach-1151.jpg,1,Spencer Soltman
After Party/rachelzach-1152.jpg,After Party,rachelzach-1152.jpg,4,Adam Brown; Cogan; Spencer Soltman; Tim J
After Party/rachelzach-1153.jpg,After Party,rachelzach-1153.jpg,2,Adam Brown; Spencer Soltman
After Party/rachelzach-1154.jpg,After Party,rachelzach-1154.jpg,3,Adam Brown; Cogan; Rachel Casciano
After Party/rachelzach-1155.jpg,After Party,rachelzach-1155.jpg,1,Taylor Noyer
After Party/rachelzach-1156.jpg,After Party,rachelzach-1156.jpg,4,Norris; Rachel Casciano; Rob A; Zach Soskin
After Party/rachelzach-1157.jpg,After Party,rachelzach-1157.jpg,3,Norris; Rachel Casciano; Rob A
After Party/rachelzach-1158.jpg,After Party,rachelzach-1158.jpg,3,Norris; Rachel Casciano; Rob A
After Party/rachelzach-1159.jpg,After Party,rachelzach-1159.jpg,1,Rachel Casciano
After Party/rachelzach-1160.jpg,After Party,rachelzach-1160.jpg,1,Zach Soskin
After Party/rachelzach-1161.jpg,After Party,rachelzach-1161.jpg,3,Adam Lynn; Rachel Casciano; Zach Soskin
After Party/rachelzach-1162.jpg,After Party,rachelzach-1162.jpg,2,Adam Lynn; Rachel Casciano
After Party/rachelzach-1163.jpg,After Party,rachelzach-1163.jpg,5,Greg; Janice; Marty; Patti; Robbie
After Party/rachelzach-1164.jpg,After Party,rachelzach-1164.jpg,1,Melanie Casciano
After Party/rachelzach-1165.jpg,After Party,rachelzach-1165.jpg,1,Taylor Noyer
Ceremony/rachelzach-195.jpg,Ceremony,rachelzach-195.jpg,0,
Ceremony/rachelzach-196.jpg,Ceremony,rachelzach-196.jpg,0,
Ceremony/rachelzach-198.jpg,Ceremony,rachelzach-198.jpg,0,
Ceremony/rachelzach-199.jpg,Ceremony,rachelzach-199.jpg,0,
Ceremony/rachelzach-202.jpg,Ceremony,rachelzach-202.jpg,0,
Ceremony/rachelzach-205.jpg,Ceremony,rachelzach-205.jpg,1,Tim J
Ceremony/rachelzach-209.jpg,Ceremony,rachelzach-209.jpg,0,
Ceremony/rachelzach-211.jpg,Ceremony,rachelzach-211.jpg,0,
Ceremony/rachelzach-212.jpg,Ceremony,rachelzach-212.jpg,0,
Ceremony/rachelzach-213.jpg,Ceremony,rachelzach-213.jpg,0,
Ceremony/rachelzach-214.jpg,Ceremony,rachelzach-214.jpg,1,Marty
Ceremony/rachelzach-216.jpg,Ceremony,rachelzach-216.jpg,0,
Ceremony/rachelzach-217.jpg,Ceremony,rachelzach-217.jpg,0,
Ceremony/rachelzach-218.jpg,Ceremony,rachelzach-218.jpg,2,Adi; Morgan
Ceremony/rachelzach-219.jpg,Ceremony,rachelzach-219.jpg,1,Bryant
Ceremony/rachelzach-220.jpg,Ceremony,rachelzach-220.jpg,2,Bryant; Sean Morse
Ceremony/rachelzach-221.jpg,Ceremony,rachelzach-221.jpg,2,JUELS; Spencer Soltman
Ceremony/rachelzach-225.jpg,Ceremony,rachelzach-225.jpg,0,
Ceremony/rachelzach-226.jpg,Ceremony,rachelzach-226.jpg,0,
Ceremony/rachelzach-227.jpg,Ceremony,rachelzach-227.jpg,0,
Ceremony/rachelzach-228.jpg,Ceremony,rachelzach-228.jpg,0,
Ceremony/rachelzach-229.jpg,Ceremony,rachelzach-229.jpg,0,
Ceremony/rachelzach-230.jpg,Ceremony,rachelzach-230.jpg,1,Siri
Ceremony/rachelzach-231.jpg,Ceremony,rachelzach-231.jpg,3,JUELS; Steve M; Tav
Ceremony/rachelzach-232.jpg,Ceremony,rachelzach-232.jpg,0,
Ceremony/rachelzach-233.jpg,Ceremony,rachelzach-233.jpg,3,Carter; Richie; Rush
Ceremony/rachelzach-234.jpg,Ceremony,rachelzach-234.jpg,0,
Ceremony/rachelzach-235.jpg,Ceremony,rachelzach-235.jpg,2,Ronald Harris; Sam Ankin
Ceremony/rachelzach-236.jpg,Ceremony,rachelzach-236.jpg,1,Phil Quist
Ceremony/rachelzach-237.jpg,Ceremony,rachelzach-237.jpg,1,Phil Quist
Ceremony/rachelzach-238.jpg,Ceremony,rachelzach-238.jpg,1,Phil Quist
Ceremony/rachelzach-239.jpg,Ceremony,rachelzach-239.jpg,0,
Ceremony/rachelzach-240.jpg,Ceremony,rachelzach-240.jpg,2,Jamie; Natalie
Ceremony/rachelzach-241.jpg,Ceremony,rachelzach-241.jpg,0,
Ceremony/rachelzach-242.jpg,Ceremony,rachelzach-242.jpg,1,Adam Lynn
Ceremony/rachelzach-243.jpg,Ceremony,rachelzach-243.jpg,3,Amanda; Bryant; Nate O
Ceremony/rachelzach-244.jpg,Ceremony,rachelzach-244.jpg,2,Dubov; Spencer Soltman
Ceremony/rachelzach-245.jpg,Ceremony,rachelzach-245.jpg,1,Rush
Ceremony/rachelzach-246.jpg,Ceremony,rachelzach-246.jpg,0,
Ceremony/rachelzach-247.jpg,Ceremony,rachelzach-247.jpg,0,
Ceremony/rachelzach-248.jpg,Ceremony,rachelzach-248.jpg,0,
Ceremony/rachelzach-249.jpg,Ceremony,rachelzach-249.jpg,4,Chad Slomovitz; Patti; Robbie; Zach Soskin
Ceremony/rachelzach-250.jpg,Ceremony,rachelzach-250.jpg,0,
Ceremony/rachelzach-251.jpg,Ceremony,rachelzach-251.jpg,1,Ronald Harris
Ceremony/rachelzach-252.jpg,Ceremony,rachelzach-252.jpg,1,Phil C
Ceremony/rachelzach-253.jpg,Ceremony,rachelzach-253.jpg,2,Bob P; Lauren Lurie
Ceremony/rachelzach-254.jpg,Ceremony,rachelzach-254.jpg,3,Debi; Lauren Lurie; Phil C
Ceremony/rachelzach-255.jpg,Ceremony,rachelzach-255.jpg,2,Robbie; Zach Soskin
Ceremony/rachelzach-256.jpg,Ceremony,rachelzach-256.jpg,1,Debi
Ceremony/rachelzach-257.jpg,Ceremony,rachelzach-257.jpg,0,
Ceremony/rachelzach-258.jpg,Ceremony,rachelzach-258.jpg,3,Patti; Robbie; Zach Soskin
Ceremony/rachelzach-259.jpg,Ceremony,rachelzach-259.jpg,3,Patti; Robbie; Zach Soskin
Ceremony/rachelzach-260.jpg,Ceremony,rachelzach-260.jpg,2,Chad Slomovitz; Maddie Slomovitz
Ceremony/rachelzach-261.jpg,Ceremony,rachelzach-261.jpg,1,Patti
Ceremony/rachelzach-262.jpg,Ceremony,rachelzach-262.jpg,0,
Ceremony/rachelzach-263.jpg,Ceremony,rachelzach-263.jpg,1,Zach Soskin
Ceremony/rachelzach-264.jpg,Ceremony,rachelzach-264.jpg,3,Chad Slomovitz; Maddie Slomovitz; Stephanie Soskin
Ceremony/rachelzach-265.jpg,Ceremony,rachelzach-265.jpg,2,Jake Lurie; Sally
Ceremony/rachelzach-266.jpg,Ceremony,rachelzach-266.jpg,0,
Ceremony/rachelzach-267.jpg,Ceremony,rachelzach-267.jpg,0,
Ceremony/rachelzach-268.jpg,Ceremony,rachelzach-268.jpg,2,J Til; Kaitlin Burns
Ceremony/rachelzach-269.jpg,Ceremony,rachelzach-269.jpg,1,Tara
Ceremony/rachelzach-270.jpg,Ceremony,rachelzach-270.jpg,3,Jake Lurie; Lauren Lurie; Sally
Ceremony/rachelzach-271.jpg,Ceremony,rachelzach-271.jpg,1,Sally
Ceremony/rachelzach-272.jpg,Ceremony,rachelzach-272.jpg,2,Tim J; Trelawny
Ceremony/rachelzach-273.jpg,Ceremony,rachelzach-273.jpg,0,
Ceremony/rachelzach-274.jpg,Ceremony,rachelzach-274.jpg,2,J Til; Kaitlin Burns
Ceremony/rachelzach-275.jpg,Ceremony,rachelzach-275.jpg,2,J Til; Kaitlin Burns
Ceremony/rachelzach-276.jpg,Ceremony,rachelzach-276.jpg,2,Keagen; Lauren Bond
Ceremony/rachelzach-277.jpg,Ceremony,rachelzach-277.jpg,3,SCOTT L; Tim J; Trelawny
Ceremony/rachelzach-278.jpg,Ceremony,rachelzach-278.jpg,2,Tim J; Trelawny
Ceremony/rachelzach-279.jpg,Ceremony,rachelzach-279.jpg,2,Keagen; Lauren Bond
Ceremony/rachelzach-280.jpg,Ceremony,rachelzach-280.jpg,2,Jorie; Kelsey Meyers
Ceremony/rachelzach-281.jpg,Ceremony,rachelzach-281.jpg,2,Keagen; Lauren Bond
Ceremony/rachelzach-282.jpg,Ceremony,rachelzach-282.jpg,1,Keagen
Ceremony/rachelzach-283.jpg,Ceremony,rachelzach-283.jpg,2,Jeffry Lurie; Kayla
Ceremony/rachelzach-284.jpg,Ceremony,rachelzach-284.jpg,5,Jason Howarth; Jorie; Kelsey Meyers; Leeann; SCOTT L
Ceremony/rachelzach-285.jpg,Ceremony,rachelzach-285.jpg,2,Beth; Debi
Ceremony/rachelzach-286.jpg,Ceremony,rachelzach-286.jpg,0,
Ceremony/rachelzach-287.jpg,Ceremony,rachelzach-287.jpg,2,Leeann; Parker
Ceremony/rachelzach-288.jpg,Ceremony,rachelzach-288.jpg,4,J Til; Keagen; Parker; Tim J
Ceremony/rachelzach-289.jpg,Ceremony,rachelzach-289.jpg,2,Phil C; Zach Soskin
Ceremony/rachelzach-290.jpg,Ceremony,rachelzach-290.jpg,2,Phil C; Zach Soskin
Ceremony/rachelzach-291.jpg,Ceremony,rachelzach-291.jpg,5,J Til; Jorie; Keagen; Riley; Tim J
Ceremony/rachelzach-292.jpg,Ceremony,rachelzach-292.jpg,0,
Ceremony/rachelzach-293.jpg,Ceremony,rachelzach-293.jpg,6,J Til; Jake Lurie; Keagen; Patti; Robbie; Tim J
Ceremony/rachelzach-294.jpg,Ceremony,rachelzach-294.jpg,8,J Til; Jake Lurie; Jeffry Lurie; Keagen; Parker; Patti; Robbie; Tim J
Ceremony/rachelzach-295.jpg,Ceremony,rachelzach-295.jpg,1,Zach Soskin
Ceremony/rachelzach-296.jpg,Ceremony,rachelzach-296.jpg,1,Zach Soskin
Ceremony/rachelzach-297.jpg,Ceremony,rachelzach-297.jpg,2,Dan Casciano; Rachel Casciano
Ceremony/rachelzach-298.jpg,Ceremony,rachelzach-298.jpg,0,
Ceremony/rachelzach-299.jpg,Ceremony,rachelzach-299.jpg,1,Keagen
Ceremony/rachelzach-300.jpg,Ceremony,rachelzach-300.jpg,6,Dan Casciano; Debi; Erik; Melanie Casciano; Nancy Lurie; Rachel Casciano
Ceremony/rachelzach-301.jpg,Ceremony,rachelzach-301.jpg,1,Zach Soskin
Ceremony/rachelzach-302.jpg,Ceremony,rachelzach-302.jpg,8,Dan Casciano; Debi; Erik; Keagen; Melanie Casciano; Rachel Casciano; Tim J; TODD LEONARD
Ceremony/rachelzach-303.jpg,Ceremony,rachelzach-303.jpg,7,Beth; Dan Casciano; Jake Lurie; Keagen; Parker; Patti; Tim J
Ceremony/rachelzach-304.jpg,Ceremony,rachelzach-304.jpg,2,Phil C; Zach Soskin
Ceremony/rachelzach-305.jpg,Ceremony,rachelzach-305.jpg,6,Adam Stillman; Beth; J Til; Keagen; Patti; Rachel Casciano
Ceremony/rachelzach-306.jpg,Ceremony,rachelzach-306.jpg,8,J Til; Jake Lurie; Keagen; Patti; Robbie; Ronald Harris; Tim J; Zach Soskin
Ceremony/rachelzach-307.jpg,Ceremony,rachelzach-307.jpg,2,Phil C; Zach Soskin
Ceremony/rachelzach-308.jpg,Ceremony,rachelzach-308.jpg,0,
Ceremony/rachelzach-309.jpg,Ceremony,rachelzach-309.jpg,0,
Ceremony/rachelzach-310.jpg,Ceremony,rachelzach-310.jpg,2,Phil C; Zach Soskin
Ceremony/rachelzach-311.jpg,Ceremony,rachelzach-311.jpg,2,Phil C; Zach Soskin
Ceremony/rachelzach-312.jpg,Ceremony,rachelzach-312.jpg,2,Phil C; Zach Soskin
Ceremony/rachelzach-313.jpg,Ceremony,rachelzach-313.jpg,1,Rachel Casciano
Ceremony/rachelzach-314.jpg,Ceremony,rachelzach-314.jpg,2,Phil C; Zach Soskin
Ceremony/rachelzach-315.jpg,Ceremony,rachelzach-315.jpg,2,Phil C; Zach Soskin
Ceremony/rachelzach-316.jpg,Ceremony,rachelzach-316.jpg,7,Chad Slomovitz; Jeffry Lurie; Jorie; Parker; Patti; Phil C; Ronald Harris
Ceremony/rachelzach-317.jpg,Ceremony,rachelzach-317.jpg,3,Keagen; Tim J; Zach Soskin
Ceremony/rachelzach-318.jpg,Ceremony,rachelzach-318.jpg,4,Dan Casciano; Maddie Slomovitz; Sam Ankin; Stephanie Soskin
Ceremony/rachelzach-319.jpg,Ceremony,rachelzach-319.jpg,1,Zach Soskin
Ceremony/rachelzach-320.jpg,Ceremony,rachelzach-320.jpg,1,Zach Soskin
Ceremony/rachelzach-321.jpg,Ceremony,rachelzach-321.jpg,1,Zach Soskin
Ceremony/rachelzach-322.jpg,Ceremony,rachelzach-322.jpg,2,Phil C; Zach Soskin
Ceremony/rachelzach-323.jpg,Ceremony,rachelzach-323.jpg,8,J Til; Jody Post; Keagen; Parker; Patti; Robbie; Ronald Harris; Tim J
Ceremony/rachelzach-324.jpg,Ceremony,rachelzach-324.jpg,0,
Ceremony/rachelzach-325.jpg,Ceremony,rachelzach-325.jpg,1,Zach Soskin
Ceremony/rachelzach-326.jpg,Ceremony,rachelzach-326.jpg,0,
Ceremony/rachelzach-327.jpg,Ceremony,rachelzach-327.jpg,2,Phil C; Zach Soskin
Ceremony/rachelzach-328.jpg,Ceremony,rachelzach-328.jpg,0,
Ceremony/rachelzach-329.jpg,Ceremony,rachelzach-329.jpg,2,Phil C; Zach Soskin
Ceremony/rachelzach-330.jpg,Ceremony,rachelzach-330.jpg,3,Phil C; Rachel Casciano; Zach Soskin
Ceremony/rachelzach-331.jpg,Ceremony,rachelzach-331.jpg,3,Phil C; Rachel Casciano; Zach Soskin
Ceremony/rachelzach-332.jpg,Ceremony,rachelzach-332.jpg,2,Phil C; Zach Soskin
Ceremony/rachelzach-333.jpg,Ceremony,rachelzach-333.jpg,3,Phil C; Rachel Casciano; Zach Soskin
Ceremony/rachelzach-334.jpg,Ceremony,rachelzach-334.jpg,0,
Ceremony/rachelzach-335.jpg,Ceremony,rachelzach-335.jpg,2,Adi; Brendan
Ceremony/rachelzach-336.jpg,Ceremony,rachelzach-336.jpg,2,Phil C; Zach Soskin
Ceremony/rachelzach-337.jpg,Ceremony,rachelzach-337.jpg,1,Nate waldron
Ceremony/rachelzach-338.jpg,Ceremony,rachelzach-338.jpg,2,Phil C; Zach Soskin
Ceremony/rachelzach-339.jpg,Ceremony,rachelzach-339.jpg,2,Phil C; Zach Soskin
Ceremony/rachelzach-340.jpg,Ceremony,rachelzach-340.jpg,2,Phil C; Zach Soskin
Ceremony/rachelzach-341.jpg,Ceremony,rachelzach-341.jpg,0,
Ceremony/rachelzach-342.jpg,Ceremony,rachelzach-342.jpg,1,Dan Casciano
Ceremony/rachelzach-343.jpg,Ceremony,rachelzach-343.jpg,2,Jamie; Tim Meyers
Ceremony/rachelzach-344.jpg,Ceremony,rachelzach-344.jpg,3,Chris; Jamie; Phil Quist
Ceremony/rachelzach-345.jpg,Ceremony,rachelzach-345.jpg,2,Debi; Morgan
Ceremony/rachelzach-346.jpg,Ceremony,rachelzach-346.jpg,2,Melanie Casciano; Zach Soskin
Ceremony/rachelzach-347.jpg,Ceremony,rachelzach-347.jpg,0,
Ceremony/rachelzach-348.jpg,Ceremony,rachelzach-348.jpg,0,
Ceremony/rachelzach-349.jpg,Ceremony,rachelzach-349.jpg,0,
Ceremony/rachelzach-350.jpg,Ceremony,rachelzach-350.jpg,3,Patti; Robbie; Ronald Harris
Ceremony/rachelzach-351.jpg,Ceremony,rachelzach-351.jpg,4,Patti; Robbie; Ronald Harris; Zach Soskin
Ceremony/rachelzach-352.jpg,Ceremony,rachelzach-352.jpg,0,
Ceremony/rachelzach-353.jpg,Ceremony,rachelzach-353.jpg,0,
Ceremony/rachelzach-354.jpg,Ceremony,rachelzach-354.jpg,2,Phil C; Zach Soskin
Ceremony/rachelzach-355.jpg,Ceremony,rachelzach-355.jpg,1,Zach Soskin
Ceremony/rachelzach-356.jpg,Ceremony,rachelzach-356.jpg,1,Zach Soskin
Ceremony/rachelzach-357.jpg,Ceremony,rachelzach-357.jpg,1,Zach Soskin
Ceremony/rachelzach-358.jpg,Ceremony,rachelzach-358.jpg,7,Chad Slomovitz; Jeffry Lurie; Jorie; Parker; Patti; Robbie; Ronald Harris
Ceremony/rachelzach-359.jpg,Ceremony,rachelzach-359.jpg,1,Rachel Casciano
Ceremony/rachelzach-360.jpg,Ceremony,rachelzach-360.jpg,0,
Ceremony/rachelzach-361.jpg,Ceremony,rachelzach-361.jpg,0,
Ceremony/rachelzach-362.jpg,Ceremony,rachelzach-362.jpg,6,Dan Casciano; Kaitlin Burns; Kelsey Meyers; Melanie Casciano; Sally; Tara
Ceremony/rachelzach-363.jpg,Ceremony,rachelzach-363.jpg,1,Robbie
Ceremony/rachelzach-364.jpg,Ceremony,rachelzach-364.jpg,1,Zach Soskin
Ceremony/rachelzach-365.jpg,Ceremony,rachelzach-365.jpg,1,Rachel Casciano
Ceremony/rachelzach-366.jpg,Ceremony,rachelzach-366.jpg,1,Rachel Casciano
Ceremony/rachelzach-367.jpg,Ceremony,rachelzach-367.jpg,1,Rachel Casciano
Ceremony/rachelzach-368.jpg,Ceremony,rachelzach-368.jpg,1,Zach Soskin
Ceremony/rachelzach-369.jpg,Ceremony,rachelzach-369.jpg,1,Zach Soskin
Ceremony/rachelzach-370.jpg,Ceremony,rachelzach-370.jpg,0,
Ceremony/rachelzach-371.jpg,Ceremony,rachelzach-371.jpg,0,
Ceremony/rachelzach-372.jpg,Ceremony,rachelzach-372.jpg,2,Phil C; Zach Soskin
Ceremony/rachelzach-373.jpg,Ceremony,rachelzach-373.jpg,1,Zach Soskin
Ceremony/rachelzach-374.jpg,Ceremony,rachelzach-374.jpg,1,Zach Soskin
Ceremony/rachelzach-375.jpg,Ceremony,rachelzach-375.jpg,1,Rachel Casciano
Ceremony/rachelzach-376.jpg,Ceremony,rachelzach-376.jpg,1,Rachel Casciano
Ceremony/rachelzach-377.jpg,Ceremony,rachelzach-377.jpg,3,Gisel; Nate O; Tim Meyers
Ceremony/rachelzach-378.jpg,Ceremony,rachelzach-378.jpg,1,Rachel Casciano
Ceremony/rachelzach-379.jpg,Ceremony,rachelzach-379.jpg,1,Rachel Casciano
Ceremony/rachelzach-380.jpg,Ceremony,rachelzach-380.jpg,3,Maddie Slomovitz; Rachel Casciano; Stephanie Soskin
Ceremony/rachelzach-381.jpg,Ceremony,rachelzach-381.jpg,2,Rachel Casciano; Stephanie Soskin
Ceremony/rachelzach-382.jpg,Ceremony,rachelzach-382.jpg,3,Maddie Slomovitz; Rachel Casciano; Stephanie Soskin
Ceremony/rachelzach-383.jpg,Ceremony,rachelzach-383.jpg,1,Rachel Casciano
Ceremony/rachelzach-384.jpg,Ceremony,rachelzach-384.jpg,0,
Ceremony/rachelzach-385.jpg,Ceremony,rachelzach-385.jpg,0,
Ceremony/rachelzach-386.jpg,Ceremony,rachelzach-386.jpg,2,Phil C; Zach Soskin
Ceremony/rachelzach-387.jpg,Ceremony,rachelzach-387.jpg,1,Phil C
Ceremony/rachelzach-388.jpg,Ceremony,rachelzach-388.jpg,2,Phil C; Zach Soskin
Ceremony/rachelzach-389.jpg,Ceremony,rachelzach-389.jpg,0,
Ceremony/rachelzach-390.jpg,Ceremony,rachelzach-390.jpg,0,
Ceremony/rachelzach-391.jpg,Ceremony,rachelzach-391.jpg,1,Zach Soskin
Ceremony/rachelzach-392.jpg,Ceremony,rachelzach-392.jpg,0,
Ceremony/rachelzach-393.jpg,Ceremony,rachelzach-393.jpg,0,
Ceremony/rachelzach-394.jpg,Ceremony,rachelzach-394.jpg,0,
Ceremony/rachelzach-395.jpg,Ceremony,rachelzach-395.jpg,1,Rachel Casciano
Ceremony/rachelzach-396.jpg,Ceremony,rachelzach-396.jpg,1,Rachel Casciano
Ceremony/rachelzach-397.jpg,Ceremony,rachelzach-397.jpg,5,Keagen; Rachel Casciano; Sally; Tim J; Zach Soskin
Ceremony/rachelzach-398.jpg,Ceremony,rachelzach-398.jpg,4,Keagen; Rachel Casciano; Tim J; Zach Soskin
Ceremony/rachelzach-399.jpg,Ceremony,rachelzach-399.jpg,3,Keagen; Rachel Casciano; Zach Soskin
Ceremony/rachelzach-400.jpg,Ceremony,rachelzach-400.jpg,4,Keagen; Phil Quist; Rachel Casciano; Zach Soskin
Ceremony/rachelzach-401.jpg,Ceremony,rachelzach-401.jpg,3,Keagen; Rachel Casciano; Zach Soskin
Ceremony/rachelzach-402.jpg,Ceremony,rachelzach-402.jpg,3,Keagen; Rachel Casciano; Zach Soskin
Ceremony/rachelzach-403.jpg,Ceremony,rachelzach-403.jpg,2,Rachel Casciano; Zach Soskin
Ceremony/rachelzach-404.jpg,Ceremony,rachelzach-404.jpg,1,SCOTT L
Ceremony/rachelzach-405.jpg,Ceremony,rachelzach-405.jpg,2,Keagen; SCOTT L
Ceremony/rachelzach-406.jpg,Ceremony,rachelzach-406.jpg,1,Keagen
Ceremony/rachelzach-407.jpg,Ceremony,rachelzach-407.jpg,2,SCOTT L; Zach Soskin
Ceremony/rachelzach-408.jpg,Ceremony,rachelzach-408.jpg,1,SCOTT L
Ceremony/rachelzach-409.jpg,Ceremony,rachelzach-409.jpg,1,Zach Soskin
Ceremony/rachelzach-410.jpg,Ceremony,rachelzach-410.jpg,2,Rachel Casciano; Zach Soskin
Ceremony/rachelzach-411.jpg,Ceremony,rachelzach-411.jpg,2,Matt; Rachel Casciano
Ceremony/rachelzach-412.jpg,Ceremony,rachelzach-412.jpg,0,
Ceremony/rachelzach-413.jpg,Ceremony,rachelzach-413.jpg,0,
Ceremony/rachelzach-414.jpg,Ceremony,rachelzach-414.jpg,1,Zach Soskin
Ceremony/rachelzach-415.jpg,Ceremony,rachelzach-415.jpg,0,
Ceremony/rachelzach-416.jpg,Ceremony,rachelzach-416.jpg,2,Nate O; Siri
Ceremony/rachelzach-417.jpg,Ceremony,rachelzach-417.jpg,0,
Ceremony/rachelzach-418.jpg,Ceremony,rachelzach-418.jpg,2,Rachel Casciano; Zach Soskin
Ceremony/rachelzach-419.jpg,Ceremony,rachelzach-419.jpg,1,Zach Soskin
Ceremony/rachelzach-420.jpg,Ceremony,rachelzach-420.jpg,0,
Ceremony/rachelzach-421.jpg,Ceremony,rachelzach-421.jpg,2,Rachel Casciano; Zach Soskin
Ceremony/rachelzach-422.jpg,Ceremony,rachelzach-422.jpg,2,Rachel Casciano; Zach Soskin
Ceremony/rachelzach-423.jpg,Ceremony,rachelzach-423.jpg,1,Rachel Casciano
Ceremony Details/rachelzach-181.jpg,Ceremony Details,rachelzach-181.jpg,0,
Ceremony Details/rachelzach-182.jpg,Ceremony Details,rachelzach-182.jpg,0,
Ceremony Details/rachelzach-183.jpg,Ceremony Details,rachelzach-183.jpg,0,
Ceremony Details/rachelzach-184.jpg,Ceremony Details,rachelzach-184.jpg,0,
Ceremony Details/rachelzach-185.jpg,Ceremony Details,rachelzach-185.jpg,0,
Ceremony Details/rachelzach-186.jpg,Ceremony Details,rachelzach-186.jpg,0,
Ceremony Details/rachelzach-187.jpg,Ceremony Details,rachelzach-187.jpg,0,
Ceremony Details/rachelzach-188.jpg,Ceremony Details,rachelzach-188.jpg,0,
Ceremony Details/rachelzach-189.jpg,Ceremony Details,rachelzach-189.jpg,0,
Ceremony Details/rachelzach-190.jpg,Ceremony Details,rachelzach-190.jpg,0,
Ceremony Details/rachelzach-191.jpg,Ceremony Details,rachelzach-191.jpg,0,
Ceremony Details/rachelzach-192.jpg,Ceremony Details,rachelzach-192.jpg,0,
Ceremony Details/rachelzach-193.jpg,Ceremony Details,rachelzach-193.jpg,0,
Ceremony Details/rachelzach-194.jpg,Ceremony Details,rachelzach-194.jpg,0,
Ceremony Details/rachelzach-197.jpg,Ceremony Details,rachelzach-197.jpg,0,
Ceremony Details/rachelzach-200.jpg,Ceremony Details,rachelzach-200.jpg,0,
Ceremony Details/rachelzach-201.jpg,Ceremony Details,rachelzach-201.jpg,0,
Ceremony Details/rachelzach-203.jpg,Ceremony Details,rachelzach-203.jpg,0,
Ceremony Details/rachelzach-204.jpg,Ceremony Details,rachelzach-204.jpg,0,
Ceremony Details/rachelzach-206.jpg,Ceremony Details,rachelzach-206.jpg,0,
Ceremony Details/rachelzach-207.jpg,Ceremony Details,rachelzach-207.jpg,0,
Ceremony Details/rachelzach-208.jpg,Ceremony Details,rachelzach-208.jpg,0,
Ceremony Details/rachelzach-210.jpg,Ceremony Details,rachelzach-210.jpg,0,
Ceremony Details/rachelzach-215.jpg,Ceremony Details,rachelzach-215.jpg,0,
Ceremony Details/rachelzach-222.jpg,Ceremony Details,rachelzach-222.jpg,0,
Ceremony Details/rachelzach-223.jpg,Ceremony Details,rachelzach-223.jpg,0,
Ceremony Details/rachelzach-224.jpg,Ceremony Details,rachelzach-224.jpg,0,
Cocktail Hour/rachelzach-443.jpg,Cocktail Hour,rachelzach-443.jpg,1,Ronald Harris
Cocktail Hour/rachelzach-449.jpg,Cocktail Hour,rachelzach-449.jpg,1,Charlie Weisman
Cocktail Hour/rachelzach-456.jpg,Cocktail Hour,rachelzach-456.jpg,0,
Cocktail Hour/rachelzach-457.jpg,Cocktail Hour,rachelzach-457.jpg,0,
Cocktail Hour/rachelzach-458.jpg,Cocktail Hour,rachelzach-458.jpg,1,Meg
Cocktail Hour/rachelzach-460.jpg,Cocktail Hour,rachelzach-460.jpg,1,Frankie B
Cocktail Hour/rachelzach-463.jpg,Cocktail Hour,rachelzach-463.jpg,1,Adi
Cocktail Hour/rachelzach-468.jpg,Cocktail Hour,rachelzach-468.jpg,1,Taylor Becker
Cocktail Hour/rachelzach-488.jpg,Cocktail Hour,rachelzach-488.jpg,1,Meg
Cocktail Hour/rachelzach-493.jpg,Cocktail Hour,rachelzach-493.jpg,1,Zach Soskin
Cocktail Hour/rachelzach-494.jpg,Cocktail Hour,rachelzach-494.jpg,2,Rachel Casciano; Zach Soskin
Cocktail Hour/rachelzach-495.jpg,Cocktail Hour,rachelzach-495.jpg,1,Erin
Cocktail Hour/rachelzach-496.jpg,Cocktail Hour,rachelzach-496.jpg,2,Rachel Casciano; Zach Soskin
Cocktail Hour/rachelzach-497.jpg,Cocktail Hour,rachelzach-497.jpg,0,
Cocktail Hour/rachelzach-498.jpg,Cocktail Hour,rachelzach-498.jpg,0,
Cocktail Hour/rachelzach-499.jpg,Cocktail Hour,rachelzach-499.jpg,1,Zach Soskin
Cocktail Hour/rachelzach-500.jpg,Cocktail Hour,rachelzach-500.jpg,1,Zach Soskin
Cocktail Hour/rachelzach-501.jpg,Cocktail Hour,rachelzach-501.jpg,1,Zach Soskin
Cocktail Hour/rachelzach-502.jpg,Cocktail Hour,rachelzach-502.jpg,2,Jorie; Stephanie Soskin
Cocktail Hour/rachelzach-503.jpg,Cocktail Hour,rachelzach-503.jpg,2,Harris; Riley
Cocktail Hour/rachelzach-504.jpg,Cocktail Hour,rachelzach-504.jpg,0,
Cocktail Hour/rachelzach-505.jpg,Cocktail Hour,rachelzach-505.jpg,0,
Cocktail Hour/rachelzach-506.jpg,Cocktail Hour,rachelzach-506.jpg,0,
Cocktail Hour/rachelzach-507.jpg,Cocktail Hour,rachelzach-507.jpg,0,
Cocktail Hour/rachelzach-508.jpg,Cocktail Hour,rachelzach-508.jpg,1,Parker
Cocktail Hour/rachelzach-515.jpg,Cocktail Hour,rachelzach-515.jpg,0,
Cocktail Hour/rachelzach-516.jpg,Cocktail Hour,rachelzach-516.jpg,0,
Cocktail Hour/rachelzach-526.jpg,Cocktail Hour,rachelzach-526.jpg,2,Jake Lurie; Lauren Lurie
Cocktail Hour/rachelzach-527.jpg,Cocktail Hour,rachelzach-527.jpg,0,
Cocktail Hour/rachelzach-533.jpg,Cocktail Hour,rachelzach-533.jpg,0,
Cocktail Hour/rachelzach-549.jpg,Cocktail Hour,rachelzach-549.jpg,3,Brendan; Erik; Todd Lurie
Cocktail Hour/rachelzach-550.jpg,Cocktail Hour,rachelzach-550.jpg,0,
Cocktail Hour/rachelzach-551.jpg,Cocktail Hour,rachelzach-551.jpg,5,Erik; Phil C; Rachel Casciano; Scotty P; Zach Soskin
Cocktail Hour/rachelzach-552.jpg,Cocktail Hour,rachelzach-552.jpg,4,J Til; Jason Howarth; Scotty P; Zach Soskin
Cocktail Hour/rachelzach-553.jpg,Cocktail Hour,rachelzach-553.jpg,0,
Cocktail Hour/rachelzach-554.jpg,Cocktail Hour,rachelzach-554.jpg,1,Rachel Casciano
Cocktail Hour/rachelzach-555.jpg,Cocktail Hour,rachelzach-555.jpg,0,
Cocktail Hour/rachelzach-556.jpg,Cocktail Hour,rachelzach-556.jpg,2,Aly Gilboa; Erin
Cocktail Hour/rachelzach-557.jpg,Cocktail Hour,rachelzach-557.jpg,0,
Cocktail Hour/rachelzach-558.jpg,Cocktail Hour,rachelzach-558.jpg,1,Lauren Bond
Cocktail Hour/rachelzach-559.jpg,Cocktail Hour,rachelzach-559.jpg,0,
Cocktail Hour/rachelzach-560.jpg,Cocktail Hour,rachelzach-560.jpg,0,
Cocktail Hour/rachelzach-561.jpg,Cocktail Hour,rachelzach-561.jpg,0,
Cocktail Hour/rachelzach-562.jpg,Cocktail Hour,rachelzach-562.jpg,0,
Cocktail Hour/rachelzach-563.jpg,Cocktail Hour,rachelzach-563.jpg,0,
Cocktail Hour/rachelzach-564.jpg,Cocktail Hour,rachelzach-564.jpg,2,Aly Gilboa; Trelawny
Cocktail Hour/rachelzach-565.jpg,Cocktail Hour,rachelzach-565.jpg,5,Gisel; Kaitlin Burns; Nate waldron; Pat Burton; Sean Morse
Cocktail Hour/rachelzach-566.jpg,Cocktail Hour,rachelzach-566.jpg,6,Aly Gilboa; Charlie Weisman; Dave Gilboa; Rachel Casciano; Sam Ankin; Zach Soskin
Cocktail Hour/rachelzach-567.jpg,Cocktail Hour,rachelzach-567.jpg,5,HECKLIN; Lauren Lurie; Nancy Lurie; SANDRA; Todd Lurie
Cocktail Hour/rachelzach-568.jpg,Cocktail Hour,rachelzach-568.jpg,1,Chris N
Cocktail Hour/rachelzach-569.jpg,Cocktail Hour,rachelzach-569.jpg,0,
Cocktail Hour/rachelzach-570.jpg,Cocktail Hour,rachelzach-570.jpg,1,Maddie Channess
Cocktail Hour/rachelzach-571.jpg,Cocktail Hour,rachelzach-571.jpg,0,
Cocktail Hour/rachelzach-572.jpg,Cocktail Hour,rachelzach-572.jpg,0,
Cocktail Hour/rachelzach-573.jpg,Cocktail Hour,rachelzach-573.jpg,2,Adam Stillman; Emily Stillman
Cocktail Hour/rachelzach-574.jpg,Cocktail Hour,rachelzach-574.jpg,0,
Cocktail Hour/rachelzach-575.jpg,Cocktail Hour,rachelzach-575.jpg,3,Bob P; Patti; Robbie
Cocktail Hour/rachelzach-576.jpg,Cocktail Hour,rachelzach-576.jpg,5,BECKY; Bob P; David Benrud; Patti; Robbie
Cocktail Hour/rachelzach-577.jpg,Cocktail Hour,rachelzach-577.jpg,0,
Cocktail Hour/rachelzach-578.jpg,Cocktail Hour,rachelzach-578.jpg,6,BECKY; Bob P; David Benrud; Greg; Patti; Robbie
Cocktail Hour/rachelzach-579.jpg,Cocktail Hour,rachelzach-579.jpg,4,David Benrud; Greg; Patti; Robbie
Cocktail Hour/rachelzach-580.jpg,Cocktail Hour,rachelzach-580.jpg,5,David Benrud; Janice; Marty; Patti; Robbie
Cocktail Hour/rachelzach-581.jpg,Cocktail Hour,rachelzach-581.jpg,0,
Cocktail Hour/rachelzach-582.jpg,Cocktail Hour,rachelzach-582.jpg,6,BECKY; Bob P; David Benrud; Janice; Patti; Robbie
Cocktail Hour/rachelzach-583.jpg,Cocktail Hour,rachelzach-583.jpg,3,Patti; Robbie; Sam Soskin
Cocktail Hour/rachelzach-584.jpg,Cocktail Hour,rachelzach-584.jpg,1,Rush
Cocktail Hour/rachelzach-585.jpg,Cocktail Hour,rachelzach-585.jpg,0,
Cocktail Hour/rachelzach-586.jpg,Cocktail Hour,rachelzach-586.jpg,3,Dubov; Spencer Soltman; Tav
Cocktail Hour/rachelzach-587.jpg,Cocktail Hour,rachelzach-587.jpg,3,Jules; Spencer Soltman; Tav
Cocktail Hour/rachelzach-588.jpg,Cocktail Hour,rachelzach-588.jpg,0,
Cocktail Hour/rachelzach-589.jpg,Cocktail Hour,rachelzach-589.jpg,2,Rachel Casciano; Zach Soskin
Cocktail Hour/rachelzach-590.jpg,Cocktail Hour,rachelzach-590.jpg,0,
Cocktail Hour/rachelzach-591.jpg,Cocktail Hour,rachelzach-591.jpg,4,Chris N; Kelsey Nuelle; Rachel Casciano; Zach Soskin
Cocktail Hour/rachelzach-592.jpg,Cocktail Hour,rachelzach-592.jpg,0,
Cocktail Hour/rachelzach-593.jpg,Cocktail Hour,rachelzach-593.jpg,2,BECKY; Patti
Cocktail Hour/rachelzach-594.jpg,Cocktail Hour,rachelzach-594.jpg,2,HECKLIN; Parker
Cocktail Hour/rachelzach-595.jpg,Cocktail Hour,rachelzach-595.jpg,2,HECKLIN; Parker
Cocktail Hour/rachelzach-596.jpg,Cocktail Hour,rachelzach-596.jpg,1,Zach Soskin
Cocktail Hour/rachelzach-597.jpg,Cocktail Hour,rachelzach-597.jpg,0,
Cocktail Hour/rachelzach-598.jpg,Cocktail Hour,rachelzach-598.jpg,1,Adam Lynn
Cocktail Hour/rachelzach-599.jpg,Cocktail Hour,rachelzach-599.jpg,1,Debi
Cocktail Hour/rachelzach-600.jpg,Cocktail Hour,rachelzach-600.jpg,2,Nancy Lurie; Todd Lurie
Cocktail Hour/rachelzach-601.jpg,Cocktail Hour,rachelzach-601.jpg,0,
Cocktail Hour/rachelzach-602.jpg,Cocktail Hour,rachelzach-602.jpg,1,Steve M
Cocktail Hour/rachelzach-603.jpg,Cocktail Hour,rachelzach-603.jpg,0,
Cocktail Hour/rachelzach-604.jpg,Cocktail Hour,rachelzach-604.jpg,1,Keagen
Cocktail Hour/rachelzach-605.jpg,Cocktail Hour,rachelzach-605.jpg,0,
Cocktail Hour/rachelzach-606.jpg,Cocktail Hour,rachelzach-606.jpg,0,
Cocktail Hour/rachelzach-607.jpg,Cocktail Hour,rachelzach-607.jpg,1,Parker
Cocktail Hour/rachelzach-608.jpg,Cocktail Hour,rachelzach-608.jpg,6,Chris; Chris N; Kelsey Nuelle; Matt; Rachel Casciano; Zach Soskin
Cocktail Hour/rachelzach-609.jpg,Cocktail Hour,rachelzach-609.jpg,1,Jorie
Cocktail Hour/rachelzach-610.jpg,Cocktail Hour,rachelzach-610.jpg,0,
Cocktail Hour/rachelzach-611.jpg,Cocktail Hour,rachelzach-611.jpg,0,
Cocktail Hour/rachelzach-612.jpg,Cocktail Hour,rachelzach-612.jpg,2,David Benrud; Greg
Cocktail Hour/rachelzach-613.jpg,Cocktail Hour,rachelzach-613.jpg,5,BECKY; Bob P; David Benrud; Greg; Robbie
Cocktail Hour/rachelzach-614.jpg,Cocktail Hour,rachelzach-614.jpg,0,
Cocktail Hour/rachelzach-615.jpg,Cocktail Hour,rachelzach-615.jpg,4,Adam Stillman; Emily Stillman; Rachel Casciano; Zach Soskin
Cocktail Hour/rachelzach-616.jpg,Cocktail Hour,rachelzach-616.jpg,0,
Cocktail Hour/rachelzach-617.jpg,Cocktail Hour,rachelzach-617.jpg,2,Chris N; Kelsey Nuelle
Cocktail Hour/rachelzach-618.jpg,Cocktail Hour,rachelzach-618.jpg,1,Zach Soskin
Cocktail Hour/rachelzach-619.jpg,Cocktail Hour,rachelzach-619.jpg,2,Chris; Maura
Cocktail Hour/rachelzach-620.jpg,Cocktail Hour,rachelzach-620.jpg,0,
Cocktail Hour/rachelzach-621.jpg,Cocktail Hour,rachelzach-621.jpg,0,
Cocktail Hour/rachelzach-622.jpg,Cocktail Hour,rachelzach-622.jpg,1,Dubov
Cocktail Hour/rachelzach-623.jpg,Cocktail Hour,rachelzach-623.jpg,2,Rachel Casciano; Zach Soskin
Cocktail Hour/rachelzach-624.jpg,Cocktail Hour,rachelzach-624.jpg,2,Rachel Casciano; Zach Soskin
Cocktail Hour/rachelzach-625.jpg,Cocktail Hour,rachelzach-625.jpg,2,Rachel Casciano; Zach Soskin
Cocktail Hour/rachelzach-626.jpg,Cocktail Hour,rachelzach-626.jpg,2,Rachel Casciano; Zach Soskin
Cocktail Hour/rachelzach-627.jpg,Cocktail Hour,rachelzach-627.jpg,2,Rachel Casciano; Zach Soskin
Cocktail Hour/rachelzach-628.jpg,Cocktail Hour,rachelzach-628.jpg,3,Rachel Casciano; Tyler; Zach Soskin
Cocktail Hour/rachelzach-632.jpg,Cocktail Hour,rachelzach-632.jpg,1,Kayla
Cocktail Hour/rachelzach-633.jpg,Cocktail Hour,rachelzach-633.jpg,1,Kayla
Cocktail Hour/rachelzach-634.jpg,Cocktail Hour,rachelzach-634.jpg,3,Gisel; Kayla; Spencer Soltman
Cocktail Hour/rachelzach-635.jpg,Cocktail Hour,rachelzach-635.jpg,3,Gisel; Kayla; Spencer Soltman
Cocktail Hour/rachelzach-636.jpg,Cocktail Hour,rachelzach-636.jpg,0,
Cocktail Hour/rachelzach-637.jpg,Cocktail Hour,rachelzach-637.jpg,0,
Cocktail Hour/rachelzach-638.jpg,Cocktail Hour,rachelzach-638.jpg,2,Spencer Soltman; Tav
Cocktail Hour/rachelzach-639.jpg,Cocktail Hour,rachelzach-639.jpg,1,Rod
Cocktail Hour/rachelzach-640.jpg,Cocktail Hour,rachelzach-640.jpg,0,
Cocktail Hour/rachelzach-641.jpg,Cocktail Hour,rachelzach-641.jpg,0,
Cocktail Hour/rachelzach-642.jpg,Cocktail Hour,rachelzach-642.jpg,0,
Cocktail Hour/rachelzach-643.jpg,Cocktail Hour,rachelzach-643.jpg,0,
Cocktail Hour/rachelzach-644.jpg,Cocktail Hour,rachelzach-644.jpg,1,Natalie
Cocktail Hour/rachelzach-645.jpg,Cocktail Hour,rachelzach-645.jpg,0,
Cocktail Hour/rachelzach-646.jpg,Cocktail Hour,rachelzach-646.jpg,0,
Cocktail Hour/rachelzach-647.jpg,Cocktail Hour,rachelzach-647.jpg,0,
Cocktail Hour/rachelzach-648.jpg,Cocktail Hour,rachelzach-648.jpg,1,Maddie Slomovitz
Cocktail Hour/rachelzach-649.jpg,Cocktail Hour,rachelzach-649.jpg,2,Adam Lynn; Zach Soskin
Cocktail Hour/rachelzach-650.jpg,Cocktail Hour,rachelzach-650.jpg,0,
Cocktail Hour/rachelzach-651.jpg,Cocktail Hour,rachelzach-651.jpg,0,
Cocktail Hour/rachelzach-652.jpg,Cocktail Hour,rachelzach-652.jpg,0,
Dancing/rachelzach-932.jpg,Dancing,rachelzach-932.jpg,1,Zach Soskin
Dancing/rachelzach-933.jpg,Dancing,rachelzach-933.jpg,1,Sean Morse
Dancing/rachelzach-934.jpg,Dancing,rachelzach-934.jpg,3,Chad Slomovitz; Nick Pugs; Zach Soskin
Dancing/rachelzach-935.jpg,Dancing,rachelzach-935.jpg,2,Nick Pugs; Patti
Dancing/rachelzach-936.jpg,Dancing,rachelzach-936.jpg,3,Nick Pugs; Patti; Sean Morse
Dancing/rachelzach-937.jpg,Dancing,rachelzach-937.jpg,0,
Dancing/rachelzach-938.jpg,Dancing,rachelzach-938.jpg,1,Keagen
Dancing/rachelzach-939.jpg,Dancing,rachelzach-939.jpg,3,Maddie Slomovitz; Rachel Casciano; Sean Morse
Dancing/rachelzach-940.jpg,Dancing,rachelzach-940.jpg,3,Kaitlin Burns; Nate O; Pat Burton
Dancing/rachelzach-941.jpg,Dancing,rachelzach-941.jpg,0,
Dancing/rachelzach-942.jpg,Dancing,rachelzach-942.jpg,1,Adam Lynn
Dancing/rachelzach-943.jpg,Dancing,rachelzach-943.jpg,4,Jacquie; Kayla; Pat Burton; Spencer Soltman
Dancing/rachelzach-944.jpg,Dancing,rachelzach-944.jpg,5,David Burton; Jacquie; Kayla; SCOTT L; Spencer Soltman
Dancing/rachelzach-945.jpg,Dancing,rachelzach-945.jpg,2,Erin; Sam Ankin
Dancing/rachelzach-946.jpg,Dancing,rachelzach-946.jpg,3,Chad Slomovitz; Rachel Casciano; Zach Soskin
Dancing/rachelzach-947.jpg,Dancing,rachelzach-947.jpg,3,Chad Slomovitz; Frankie B; Zach Soskin
Dancing/rachelzach-948.jpg,Dancing,rachelzach-948.jpg,1,Dan Casciano
Dancing/rachelzach-949.jpg,Dancing,rachelzach-949.jpg,1,Melanie Casciano
Dancing/rachelzach-950.jpg,Dancing,rachelzach-950.jpg,3,Dan Casciano; Dave Gilboa; Keagen
Dancing/rachelzach-951.jpg,Dancing,rachelzach-951.jpg,5,Chad Slomovitz; Dan Casciano; Melanie Casciano; Robbie; Siri
Dancing/rachelzach-952.jpg,Dancing,rachelzach-952.jpg,4,Kaitlin Burns; SCOTT L; Sean Morse; Steve M
Dancing/rachelzach-953.jpg,Dancing,rachelzach-953.jpg,3,Adam Brown; Lars; Siri
Dancing/rachelzach-954.jpg,Dancing,rachelzach-954.jpg,2,Mohr; Siri
Dancing/rachelzach-955.jpg,Dancing,rachelzach-955.jpg,3,Keagen; Robbie; Zach Soskin
Dancing/rachelzach-956.jpg,Dancing,rachelzach-956.jpg,4,Dubov; Maddie Channess; Maddie Slomovitz; Rachel Casciano
Dancing/rachelzach-957.jpg,Dancing,rachelzach-957.jpg,3,Rachel Casciano; Ronald Harris; Siri
Dancing/rachelzach-958.jpg,Dancing,rachelzach-958.jpg,4,Brendan; Greg; Ronald Harris; Siri
Dancing/rachelzach-959.jpg,Dancing,rachelzach-959.jpg,4,Dubov; Frankie B; Maddie Channess; Maddie Slomovitz
Dancing/rachelzach-960.jpg,Dancing,rachelzach-960.jpg,6,Brendan; Meg; Ronald Harris; Siri; Taylor Noyer; Zach Soskin
Dancing/rachelzach-961.jpg,Dancing,rachelzach-961.jpg,4,Charlie Weisman; Jeffry Lurie; Maddie Channess; Rachel Casciano
Dancing/rachelzach-962.jpg,Dancing,rachelzach-962.jpg,6,Bryant; Jeffry Lurie; Maddie Channess; Maddie Slomovitz; Steve M; Taylor Noyer
Dancing/rachelzach-963.jpg,Dancing,rachelzach-963.jpg,6,Charlie Weisman; Jeffry Lurie; Maddie Channess; Rachel Casciano; Siri; Taylor Noyer
Dancing/rachelzach-964.jpg,Dancing,rachelzach-964.jpg,0,
Dancing/rachelzach-965.jpg,Dancing,rachelzach-965.jpg,0,
Dancing/rachelzach-966.jpg,Dancing,rachelzach-966.jpg,4,Jorie; Parker; Stephanie Soskin; Zach Soskin
Dancing/rachelzach-967.jpg,Dancing,rachelzach-967.jpg,4,Jody Post; Lisa Caplan; Patti; Ronald Harris
Dancing/rachelzach-968.jpg,Dancing,rachelzach-968.jpg,4,Gisel; Kayla; Nate waldron; Phil C
Dancing/rachelzach-969.jpg,Dancing,rachelzach-969.jpg,1,Zach Soskin
Dancing/rachelzach-970.jpg,Dancing,rachelzach-970.jpg,4,Jeremy Burton Burton; Keagen; Phil C; Zach Soskin
Dancing/rachelzach-971.jpg,Dancing,rachelzach-971.jpg,2,Jorie; Riley
Dancing/rachelzach-972.jpg,Dancing,rachelzach-972.jpg,1,Taylor Noyer
Dancing/rachelzach-973.jpg,Dancing,rachelzach-973.jpg,1,Lauren Lurie
Dancing/rachelzach-974.jpg,Dancing,rachelzach-974.jpg,1,Jake Lurie
Dancing/rachelzach-975.jpg,Dancing,rachelzach-975.jpg,2,Maddie Channess; Rachel Casciano
Dancing/rachelzach-976.jpg,Dancing,rachelzach-976.jpg,0,
Dancing/rachelzach-977.jpg,Dancing,rachelzach-977.jpg,0,
Dancing/rachelzach-978.jpg,Dancing,rachelzach-978.jpg,0,
Dancing/rachelzach-979.jpg,Dancing,rachelzach-979.jpg,0,
Dancing/rachelzach-980.jpg,Dancing,rachelzach-980.jpg,0,
Dancing/rachelzach-981.jpg,Dancing,rachelzach-981.jpg,0,
Dancing/rachelzach-982.jpg,Dancing,rachelzach-982.jpg,1,Chad Slomovitz
Dancing/rachelzach-983.jpg,Dancing,rachelzach-983.jpg,5,Adam Brown; Chris N; Kaitlin Burns; Pat Burton; Taylor Noyer
Dancing/rachelzach-984.jpg,Dancing,rachelzach-984.jpg,4,Chris N; Kelsey Nuelle; Pat Burton; Zach Soskin
Dancing/rachelzach-985.jpg,Dancing,rachelzach-985.jpg,3,Bryant; Rachel Casciano; Sean Morse
Dancing/rachelzach-986.jpg,Dancing,rachelzach-986.jpg,2,Chris N; Taylor Noyer
Dancing/rachelzach-987.jpg,Dancing,rachelzach-987.jpg,0,
Dancing/rachelzach-988.jpg,Dancing,rachelzach-988.jpg,0,
Dancing/rachelzach-989.jpg,Dancing,rachelzach-989.jpg,1,Chad Slomovitz
Dancing/rachelzach-990.jpg,Dancing,rachelzach-990.jpg,0,
Dancing/rachelzach-991.jpg,Dancing,rachelzach-991.jpg,1,Alex Muecke
Dancing/rachelzach-992.jpg,Dancing,rachelzach-992.jpg,0,
Dancing/rachelzach-993.jpg,Dancing,rachelzach-993.jpg,2,Melanie Casciano; Robbie
Dancing/rachelzach-994.jpg,Dancing,rachelzach-994.jpg,0,
Dancing/rachelzach-995.jpg,Dancing,rachelzach-995.jpg,1,Lauren Lurie
Dancing/rachelzach-996.jpg,Dancing,rachelzach-996.jpg,2,Maddie Slomovitz; Nate waldron
Dancing/rachelzach-997.jpg,Dancing,rachelzach-997.jpg,2,Alex Muecke; Zach Soskin
Dancing/rachelzach-998.jpg,Dancing,rachelzach-998.jpg,1,Alex Muecke
Dancing/rachelzach-999.jpg,Dancing,rachelzach-999.jpg,1,Nate waldron
Dancing/rachelzach-1000.jpg,Dancing,rachelzach-1000.jpg,1,Trelawny
Dancing/rachelzach-1001.jpg,Dancing,rachelzach-1001.jpg,3,Maddie Slomovitz; Robbie; Spencer Soltman
Dancing/rachelzach-1002.jpg,Dancing,rachelzach-1002.jpg,5,Jeffry Lurie; Maddie Slomovitz; Nancy Lurie; Rachel Casciano; Spencer Soltman
Dancing/rachelzach-1003.jpg,Dancing,rachelzach-1003.jpg,4,Jeffry Lurie; Maddie Slomovitz; Nancy Lurie; Spencer Soltman
Dancing/rachelzach-1004.jpg,Dancing,rachelzach-1004.jpg,0,
Dancing/rachelzach-1005.jpg,Dancing,rachelzach-1005.jpg,0,
Dancing/rachelzach-1006.jpg,Dancing,rachelzach-1006.jpg,2,Jake Lurie; Lauren Lurie
Dancing/rachelzach-1007.jpg,Dancing,rachelzach-1007.jpg,0,
Dancing/rachelzach-1008.jpg,Dancing,rachelzach-1008.jpg,0,
Dancing/rachelzach-1009.jpg,Dancing,rachelzach-1009.jpg,0,
Dancing/rachelzach-1010.jpg,Dancing,rachelzach-1010.jpg,3,Kayla; Phil C; Sally
Dancing/rachelzach-1011.jpg,Dancing,rachelzach-1011.jpg,3,Phil C; Sally; Zach Soskin
Dancing/rachelzach-1012.jpg,Dancing,rachelzach-1012.jpg,1,Abe Burton
Dancing/rachelzach-1013.jpg,Dancing,rachelzach-1013.jpg,2,Rachel Casciano; Zach Soskin
Dancing/rachelzach-1014.jpg,Dancing,rachelzach-1014.jpg,1,Zach Soskin
Dancing/rachelzach-1015.jpg,Dancing,rachelzach-1015.jpg,1,Zach Soskin
Dancing/rachelzach-1016.jpg,Dancing,rachelzach-1016.jpg,2,Rachel Casciano; Robbie
Dancing/rachelzach-1017.jpg,Dancing,rachelzach-1017.jpg,0,
Dancing/rachelzach-1018.jpg,Dancing,rachelzach-1018.jpg,2,Carter; Cogan
Dancing/rachelzach-1019.jpg,Dancing,rachelzach-1019.jpg,3,Dubov; Nate waldron; Spencer Soltman
Dancing/rachelzach-1020.jpg,Dancing,rachelzach-1020.jpg,6,Keagen; Lauren Bond; Phil Quist; Rachel Casciano; Trelawny; Zach Soskin
Dancing/rachelzach-1021.jpg,Dancing,rachelzach-1021.jpg,1,Sean Morse
Dancing/rachelzach-1022.jpg,Dancing,rachelzach-1022.jpg,0,
Dancing/rachelzach-1023.jpg,Dancing,rachelzach-1023.jpg,0,
Dancing/rachelzach-1024.jpg,Dancing,rachelzach-1024.jpg,3,Nate waldron; Sean Morse; Zach Soskin
Dancing/rachelzach-1025.jpg,Dancing,rachelzach-1025.jpg,2,Bryant; Frankie B
Dancing/rachelzach-1026.jpg,Dancing,rachelzach-1026.jpg,5,Chad Slomovitz; Jeffry Lurie; Jorie; Rachel Casciano; Taylor Noyer
Dancing/rachelzach-1027.jpg,Dancing,rachelzach-1027.jpg,10,Adam Brown; Bryant; Erik; Jeffry Lurie; Keagen; Lauren Bond; Maddie Slomovitz; Rachel Casciano; Taylor Noyer; Zach Soskin
Dancing/rachelzach-1028.jpg,Dancing,rachelzach-1028.jpg,2,Erik; Zach Soskin
Dancing/rachelzach-1029.jpg,Dancing,rachelzach-1029.jpg,5,Jake Lurie; Jeffry Lurie; Jorie; Lauren Bond; Zach Soskin
Dancing/rachelzach-1030.jpg,Dancing,rachelzach-1030.jpg,7,Adam Brown; Jeffry Lurie; Keagen; Nate O; Phil Quist; Rachel Casciano; Zach Soskin
Dancing/rachelzach-1031.jpg,Dancing,rachelzach-1031.jpg,2,Keagen; Zach Soskin
Dancing/rachelzach-1032.jpg,Dancing,rachelzach-1032.jpg,0,
Dancing/rachelzach-1033.jpg,Dancing,rachelzach-1033.jpg,0,
Dancing/rachelzach-1034.jpg,Dancing,rachelzach-1034.jpg,2,Frankie B; Phil Quist
Dancing/rachelzach-1035.jpg,Dancing,rachelzach-1035.jpg,3,Chris N; Frankie B; Jules
Dancing/rachelzach-1036.jpg,Dancing,rachelzach-1036.jpg,1,Tim J
Dancing/rachelzach-1037.jpg,Dancing,rachelzach-1037.jpg,2,Meg; Mohr
Dancing/rachelzach-1038.jpg,Dancing,rachelzach-1038.jpg,1,Pasha
Dancing/rachelzach-1039.jpg,Dancing,rachelzach-1039.jpg,2,Nate O; Phil Quist
Dancing/rachelzach-1040.jpg,Dancing,rachelzach-1040.jpg,2,Patti; Robbie
Dancing/rachelzach-1041.jpg,Dancing,rachelzach-1041.jpg,2,Patti; Robbie
Dancing/rachelzach-1042.jpg,Dancing,rachelzach-1042.jpg,3,Bryant; Daniel Shin; Zach Soskin
Dancing/rachelzach-1043.jpg,Dancing,rachelzach-1043.jpg,1,Daniel Shin
Dancing/rachelzach-1044.jpg,Dancing,rachelzach-1044.jpg,2,Daniel Shin; Robbie
Dancing/rachelzach-1045.jpg,Dancing,rachelzach-1045.jpg,1,Kelsey Nuelle
Dancing/rachelzach-1046.jpg,Dancing,rachelzach-1046.jpg,1,Jake Lurie
Dancing/rachelzach-1047.jpg,Dancing,rachelzach-1047.jpg,1,Erik
Dancing/rachelzach-1048.jpg,Dancing,rachelzach-1048.jpg,0,
Dancing/rachelzach-1049.jpg,Dancing,rachelzach-1049.jpg,0,
Dancing/rachelzach-1050.jpg,Dancing,rachelzach-1050.jpg,1,Melanie Casciano
Dancing/rachelzach-1051.jpg,Dancing,rachelzach-1051.jpg,2,Melanie Casciano; Spencer Soltman
Dancing/rachelzach-1052.jpg,Dancing,rachelzach-1052.jpg,2,Kelsey Nuelle; Spencer Soltman
Dancing/rachelzach-1053.jpg,Dancing,rachelzach-1053.jpg,3,Kelsey Nuelle; Nate waldron; Zach Soskin
Dancing/rachelzach-1054.jpg,Dancing,rachelzach-1054.jpg,1,Bryant
Dancing/rachelzach-1055.jpg,Dancing,rachelzach-1055.jpg,1,Bryant
Dancing/rachelzach-1056.jpg,Dancing,rachelzach-1056.jpg,1,Steve M
Dancing/rachelzach-1057.jpg,Dancing,rachelzach-1057.jpg,5,Bryant; Daniel Shin; Pasha; Spencer Soltman; Steve M
Dancing/rachelzach-1058.jpg,Dancing,rachelzach-1058.jpg,2,Bryant; Daniel Shin
Dancing/rachelzach-1059.jpg,Dancing,rachelzach-1059.jpg,2,Phil C; Spencer Soltman
Dancing/rachelzach-1060.jpg,Dancing,rachelzach-1060.jpg,2,Brendan; Daniel Shin
Dancing/rachelzach-1061.jpg,Dancing,rachelzach-1061.jpg,2,Lars; Tara
Dancing/rachelzach-1062.jpg,Dancing,rachelzach-1062.jpg,0,
Dancing/rachelzach-1063.jpg,Dancing,rachelzach-1063.jpg,0,
Dancing/rachelzach-1064.jpg,Dancing,rachelzach-1064.jpg,0,
Dancing/rachelzach-1065.jpg,Dancing,rachelzach-1065.jpg,0,
Dancing/rachelzach-1066.jpg,Dancing,rachelzach-1066.jpg,0,
Dancing/rachelzach-1067.jpg,Dancing,rachelzach-1067.jpg,0,
Dancing/rachelzach-1068.jpg,Dancing,rachelzach-1068.jpg,0,
Dancing/rachelzach-1069.jpg,Dancing,rachelzach-1069.jpg,2,Chad Slomovitz; Rachel Casciano
Dancing/rachelzach-1070.jpg,Dancing,rachelzach-1070.jpg,0,
Dancing/rachelzach-1071.jpg,Dancing,rachelzach-1071.jpg,3,Adam Brown; Kelsey Nuelle; Rachel Casciano
Dancing/rachelzach-1072.jpg,Dancing,rachelzach-1072.jpg,2,Rachel Casciano; Rick Soskin
Dancing/rachelzach-1073.jpg,Dancing,rachelzach-1073.jpg,2,Kelsey Meyers; Rachel Casciano
Dancing/rachelzach-1074.jpg,Dancing,rachelzach-1074.jpg,0,
Dancing/rachelzach-1075.jpg,Dancing,rachelzach-1075.jpg,2,Rachel Casciano; Zach Soskin
Dancing/rachelzach-1076.jpg,Dancing,rachelzach-1076.jpg,0,
Dancing/rachelzach-1077.jpg,Dancing,rachelzach-1077.jpg,1,Charlie Weisman
Dancing/rachelzach-1078.jpg,Dancing,rachelzach-1078.jpg,2,Charlie Weisman; Rachel Casciano
Dancing/rachelzach-1079.jpg,Dancing,rachelzach-1079.jpg,3,Charlie Weisman; Rachel Casciano; Zach Soskin
Dancing/rachelzach-1080.jpg,Dancing,rachelzach-1080.jpg,3,Charlie Weisman; Rachel Casciano; Zach Soskin
Dancing/rachelzach-1081.jpg,Dancing,rachelzach-1081.jpg,3,Charlie Weisman; Joan Soskin; Rachel Casciano
Dancing/rachelzach-1082.jpg,Dancing,rachelzach-1082.jpg,1,Rachel Casciano
Dancing/rachelzach-1083.jpg,Dancing,rachelzach-1083.jpg,0,
Dancing/rachelzach-1084.jpg,Dancing,rachelzach-1084.jpg,2,Dan Casciano; Rachel Casciano
Dancing/rachelzach-1085.jpg,Dancing,rachelzach-1085.jpg,2,Rachel Casciano; Tim J
Dancing/rachelzach-1086.jpg,Dancing,rachelzach-1086.jpg,1,Keagen
Dancing/rachelzach-1087.jpg,Dancing,rachelzach-1087.jpg,3,Jake Lurie; Nate O; Nick Pugs
Dancing/rachelzach-1088.jpg,Dancing,rachelzach-1088.jpg,3,Alex Muecke; Meg; Nick Adam
Dancing/rachelzach-1089.jpg,Dancing,rachelzach-1089.jpg,1,Kelsey Meyers
Dancing/rachelzach-1090.jpg,Dancing,rachelzach-1090.jpg,0,
Dancing/rachelzach-1091.jpg,Dancing,rachelzach-1091.jpg,5,Chris N; Dan Casciano; Jason Howarth; Melanie Casciano; Zach Soskin
Dancing/rachelzach-1092.jpg,Dancing,rachelzach-1092.jpg,1,Rachel Casciano
Dancing/rachelzach-1093.jpg,Dancing,rachelzach-1093.jpg,2,Jeffry Lurie; Maddie Slomovitz
Dancing/rachelzach-1094.jpg,Dancing,rachelzach-1094.jpg,2,Jeffry Lurie; Maddie Slomovitz
Dancing/rachelzach-1095.jpg,Dancing,rachelzach-1095.jpg,4,Keagen; Nate O; Siri; Ty Damon
Dancing/rachelzach-1096.jpg,Dancing,rachelzach-1096.jpg,3,Nate O; Ty Damon; Zach Soskin
Dancing/rachelzach-1097.jpg,Dancing,rachelzach-1097.jpg,1,Nate O
Dancing/rachelzach-1098.jpg,Dancing,rachelzach-1098.jpg,5,Nate O; Phil Quist; Siri; Ty Damon; Zach Soskin
Dancing/rachelzach-1099.jpg,Dancing,rachelzach-1099.jpg,5,Keagen; Nate O; Siri; Ty Damon; Zach Soskin
Day 1/rachelzachday1-2.jpg,Day 1,rachelzachday1-2.jpg,0,
Day 1/rachelzachday1-3.jpg,Day 1,rachelzachday1-3.jpg,0,
Day 1/rachelzachday1-4.jpg,Day 1,rachelzachday1-4.jpg,0,
Day 1/rachelzachday1-5.jpg,Day 1,rachelzachday1-5.jpg,0,
Day 1/rachelzachday1-6.jpg,Day 1,rachelzachday1-6.jpg,0,
Day 1/rachelzachday1-7.jpg,Day 1,rachelzachday1-7.jpg,0,
Day 1/rachelzachday1-8.jpg,Day 1,rachelzachday1-8.jpg,0,
Day 1/rachelzachday1-9.jpg,Day 1,rachelzachday1-9.jpg,10,Kaitlin Burns; Kayla; Kelsey Meyers; Lauren Bond; Maddie Slomovitz; Rachel Casciano; Sally; Stephanie Soskin; Tara; Trelawny
Day 1/rachelzachday1-10.jpg,Day 1,rachelzachday1-10.jpg,4,Kaitlin Burns; Kelsey Meyers; Rachel Casciano; Stephanie Soskin
Day 1/rachelzachday1-11.jpg,Day 1,rachelzachday1-11.jpg,5,Kaitlin Burns; Kayla; Kelsey Meyers; Maddie Slomovitz; Rachel Casciano
Day 1/rachelzachday1-12.jpg,Day 1,rachelzachday1-12.jpg,4,Kayla; Kelsey Meyers; Maddie Slomovitz; Rachel Casciano
Day 1/rachelzachday1-13.jpg,Day 1,rachelzachday1-13.jpg,10,Adam Stillman; Chad Slomovitz; J Til; Jake Lurie; Jeffry Lurie; Jorie; Keagen; Phil C; Tim J; Zach Soskin
Day 1/rachelzachday1-14.jpg,Day 1,rachelzachday1-14.jpg,9,Adam Stillman; Chad Slomovitz; J Til; Jake Lurie; Jeffry Lurie; Keagen; Phil C; Tim J; Zach Soskin
Day 1/rachelzachday1-15.jpg,Day 1,rachelzachday1-15.jpg,1,Parker
Day 1/rachelzachday1-16.jpg,Day 1,rachelzachday1-16.jpg,14,Adam Stillman; Chad Slomovitz; Dan Casciano; J Til; Jake Lurie; Jeffry Lurie; Jorie; Keagen; Parker; Phil C; Riley; Robbie; Tim J; Zach Soskin
Day 1/rachelzachday1-17.jpg,Day 1,rachelzachday1-17.jpg,13,Adam Stillman; Chad Slomovitz; Dan Casciano; J Til; Jake Lurie; Jeffry Lurie; Jorie; Keagen; Parker; Phil C; Robbie; Tim J; Zach Soskin
Day 1/rachelzachday1-18.jpg,Day 1,rachelzachday1-18.jpg,9,Chad Slomovitz; Jorie; Maddie Slomovitz; Parker; Patti; Rachel Casciano; Robbie; Stephanie Soskin; Zach Soskin
Day 1/rachelzachday1-19.jpg,Day 1,rachelzachday1-19.jpg,10,Chad Slomovitz; Jorie; Maddie Slomovitz; Parker; Patti; Rachel Casciano; Riley; Robbie; Stephanie Soskin; Zach Soskin
Day 1/rachelzachday1-20.jpg,Day 1,rachelzachday1-20.jpg,6,Dan Casciano; Melanie Casciano; Patti; Rachel Casciano; Robbie; Zach Soskin
Day 1/rachelzachday1-21.jpg,Day 1,rachelzachday1-21.jpg,6,Dan Casciano; Melanie Casciano; Patti; Rachel Casciano; Robbie; Zach Soskin
Day 1/rachelzachday1-22.jpg,Day 1,rachelzachday1-22.jpg,4,Dan Casciano; Melanie Casciano; Rachel Casciano; Zach Soskin
Day 1/rachelzachday1-23.jpg,Day 1,rachelzachday1-23.jpg,4,Patti; Rachel Casciano; Robbie; Zach Soskin
Day 1/rachelzachday1-24.jpg,Day 1,rachelzachday1-24.jpg,6,Chad Slomovitz; Jorie; Maddie Slomovitz; Rachel Casciano; Stephanie Soskin; Zach Soskin
Day 1/rachelzachday1-25.jpg,Day 1,rachelzachday1-25.jpg,1,Zach Soskin
Day 1/rachelzachday1-26.jpg,Day 1,rachelzachday1-26.jpg,1,Zach Soskin
Day 1/rachelzachday1-27.jpg,Day 1,rachelzachday1-27.jpg,1,Zach Soskin
Day 1/rachelzachday1-28.jpg,Day 1,rachelzachday1-28.jpg,0,
Day 1/rachelzachday1-29.jpg,Day 1,rachelzachday1-29.jpg,1,Zach Soskin
Day 1/rachelzachday1-30.jpg,Day 1,rachelzachday1-30.jpg,1,Zach Soskin
Day 1/rachelzachday1-31.jpg,Day 1,rachelzachday1-31.jpg,0,
Day 1/rachelzachday1-32.jpg,Day 1,rachelzachday1-32.jpg,2,Rachel Casciano; Zach Soskin
Day 1/rachelzachday1-33.jpg,Day 1,rachelzachday1-33.jpg,1,Rachel Casciano
Day 1/rachelzachday1-34.jpg,Day 1,rachelzachday1-34.jpg,2,Rachel Casciano; Zach Soskin
Day 1/rachelzachday1-35.jpg,Day 1,rachelzachday1-35.jpg,0,
Day 1/rachelzachday1-36.jpg,Day 1,rachelzachday1-36.jpg,1,Zach Soskin
Day 1/rachelzachday1-37.jpg,Day 1,rachelzachday1-37.jpg,2,Rachel Casciano; Zach Soskin
Day 1/rachelzachday1-38.jpg,Day 1,rachelzachday1-38.jpg,2,Rachel Casciano; Zach Soskin
Day 1/rachelzachday1-39.jpg,Day 1,rachelzachday1-39.jpg,2,Rachel Casciano; Zach Soskin
Day 1/rachelzachday1-40.jpg,Day 1,rachelzachday1-40.jpg,2,Rachel Casciano; Zach Soskin
Day 1/rachelzachday1-41.jpg,Day 1,rachelzachday1-41.jpg,1,Zach Soskin
Day 1/rachelzachday1-42.jpg,Day 1,rachelzachday1-42.jpg,2,Rachel Casciano; Zach Soskin
Day 1/rachelzachday1-43.jpg,Day 1,rachelzachday1-43.jpg,2,Rachel Casciano; Zach Soskin
Day 1/rachelzachday1-44.jpg,Day 1,rachelzachday1-44.jpg,0,
Day 1/rachelzachday1-45.jpg,Day 1,rachelzachday1-45.jpg,1,Zach Soskin
Day 1/rachelzachday1-46.jpg,Day 1,rachelzachday1-46.jpg,0,
Day 1/rachelzachday1-47.jpg,Day 1,rachelzachday1-47.jpg,0,
Day 1/rachelzachday1-48.jpg,Day 1,rachelzachday1-48.jpg,3,Rachel Casciano; Tyler; Zach Soskin
Day 1/rachelzachday1-49.jpg,Day 1,rachelzachday1-49.jpg,3,Adam Stillman; Maddie Channess; Maddie Slomovitz
Day 1/rachelzachday1-50.jpg,Day 1,rachelzachday1-50.jpg,2,Ronald Harris; Zach Soskin
Day 1/rachelzachday1-51.jpg,Day 1,rachelzachday1-51.jpg,4,Jake Lurie; Lauren Lurie; Nancy Lurie; Todd Lurie
Day 1/rachelzachday1-52.jpg,Day 1,rachelzachday1-52.jpg,6,Jake Lurie; Jeffry Lurie; Lauren Lurie; Maddie Channess; Nancy Lurie; Todd Lurie
Day 1/rachelzachday1-53.jpg,Day 1,rachelzachday1-53.jpg,0,
Day 1/rachelzachday1-54.jpg,Day 1,rachelzachday1-54.jpg,2,Ivan Licon; J Til
Day 1/rachelzachday1-55.jpg,Day 1,rachelzachday1-55.jpg,1,Tara
Day 1/rachelzachday1-56.jpg,Day 1,rachelzachday1-56.jpg,0,
Day 1/rachelzachday1-57.jpg,Day 1,rachelzachday1-57.jpg,0,
Day 1/rachelzachday1-58.jpg,Day 1,rachelzachday1-58.jpg,0,
Day 1/rachelzachday1-59.jpg,Day 1,rachelzachday1-59.jpg,0,
Day 1/rachelzachday1-60.jpg,Day 1,rachelzachday1-60.jpg,1,Ronald Harris
Day 1/rachelzachday1-61.jpg,Day 1,rachelzachday1-61.jpg,0,
Day 1/rachelzachday1-62.jpg,Day 1,rachelzachday1-62.jpg,1,Rachel Casciano
Day 1/rachelzachday1-63.jpg,Day 1,rachelzachday1-63.jpg,0,
Day 1/rachelzachday1-64.jpg,Day 1,rachelzachday1-64.jpg,1,Rachel Casciano
Day 1/rachelzachday1-65.jpg,Day 1,rachelzachday1-65.jpg,0,
Day 1/rachelzachday1-66.jpg,Day 1,rachelzachday1-66.jpg,1,JUELS
Day 1/rachelzachday1-67.jpg,Day 1,rachelzachday1-67.jpg,1,Parker
Day 1/rachelzachday1-68.jpg,Day 1,rachelzachday1-68.jpg,1,Cogan
Day 1/rachelzachday1-69.jpg,Day 1,rachelzachday1-69.jpg,1,Cogan
Day 1/rachelzachday1-70.jpg,Day 1,rachelzachday1-70.jpg,1,Aly Gilboa
Day 1/rachelzachday1-71.jpg,Day 1,rachelzachday1-71.jpg,0,
Day 1/rachelzachday1-72.jpg,Day 1,rachelzachday1-72.jpg,1,Bryant
Day 1/rachelzachday1-73.jpg,Day 1,rachelzachday1-73.jpg,1,ASHLEY
Day 1/rachelzachday1-74.jpg,Day 1,rachelzachday1-74.jpg,1,Alyssa Scott
Day 1/rachelzachday1-75.jpg,Day 1,rachelzachday1-75.jpg,1,Frankie B
Day 1/rachelzachday1-76.jpg,Day 1,rachelzachday1-76.jpg,1,Jorie
Day 1/rachelzachday1-77.jpg,Day 1,rachelzachday1-77.jpg,1,Lauren Lurie
Day 1/rachelzachday1-78.jpg,Day 1,rachelzachday1-78.jpg,0,
Day 1/rachelzachday1-79.jpg,Day 1,rachelzachday1-79.jpg,6,Adi; Jake Lurie; Jeffry Lurie; Lauren Lurie; Maddie Channess; Morgan
Day 1/rachelzachday1-80.jpg,Day 1,rachelzachday1-80.jpg,0,
Day 1/rachelzachday1-81.jpg,Day 1,rachelzachday1-81.jpg,0,
Day 1/rachelzachday1-82.jpg,Day 1,rachelzachday1-82.jpg,0,
Day 1/rachelzachday1-83.jpg,Day 1,rachelzachday1-83.jpg,1,Adam Brown
Day 1/rachelzachday1-84.jpg,Day 1,rachelzachday1-84.jpg,1,Rush
Day 1/rachelzachday1-85.jpg,Day 1,rachelzachday1-85.jpg,0,
Day 1/rachelzachday1-86.jpg,Day 1,rachelzachday1-86.jpg,0,
Day 1/rachelzachday1-87.jpg,Day 1,rachelzachday1-87.jpg,2,Allan C; SANDRA
Day 1/rachelzachday1-88.jpg,Day 1,rachelzachday1-88.jpg,4,J Til; Sean Morse; Spencer Soltman; Steve M
Day 1/rachelzachday1-89.jpg,Day 1,rachelzachday1-89.jpg,1,David Post
Day 1/rachelzachday1-90.jpg,Day 1,rachelzachday1-90.jpg,1,Sally
Day 1/rachelzachday1-91.jpg,Day 1,rachelzachday1-91.jpg,0,
Day 1/rachelzachday1-92.jpg,Day 1,rachelzachday1-92.jpg,0,
Day 1/rachelzachday1-93.jpg,Day 1,rachelzachday1-93.jpg,1,Parker
Day 1/rachelzachday1-94.jpg,Day 1,rachelzachday1-94.jpg,0,
Day 1/rachelzachday1-95.jpg,Day 1,rachelzachday1-95.jpg,1,Adam Brown
Day 1/rachelzachday1-96.jpg,Day 1,rachelzachday1-96.jpg,0,
Day 1/rachelzachday1-97.jpg,Day 1,rachelzachday1-97.jpg,0,
Day 1/rachelzachday1-98.jpg,Day 1,rachelzachday1-98.jpg,0,
Day 1/rachelzachday1-99.jpg,Day 1,rachelzachday1-99.jpg,0,
Day 1/rachelzachday1-100.jpg,Day 1,rachelzachday1-100.jpg,0,
Day 1/rachelzachday1-101.jpg,Day 1,rachelzachday1-101.jpg,1,Robbie
Day 1/rachelzachday1-102.jpg,Day 1,rachelzachday1-102.jpg,2,Bob P; David Benrud
Day 1/rachelzachday1-103.jpg,Day 1,rachelzachday1-103.jpg,0,
Day 1/rachelzachday1-104.jpg,Day 1,rachelzachday1-104.jpg,2,Adi; Jake Lurie
Day 1/rachelzachday1-105.jpg,Day 1,rachelzachday1-105.jpg,0,
Day 1/rachelzachday1-106.jpg,Day 1,rachelzachday1-106.jpg,1,Lauren Lurie
Day 1/rachelzachday1-107.jpg,Day 1,rachelzachday1-107.jpg,2,Nancy Lurie; Patti
Day 1/rachelzachday1-108.jpg,Day 1,rachelzachday1-108.jpg,2,Beth; Nancy Lurie
Day 1/rachelzachday1-109.jpg,Day 1,rachelzachday1-109.jpg,3,Alex Muecke; J Til; Zach Soskin
Day 1/rachelzachday1-110.jpg,Day 1,rachelzachday1-110.jpg,2,Daniel Shin; J Til
Day 1/rachelzachday1-111.jpg,Day 1,rachelzachday1-111.jpg,1,Zach Soskin
Day 1/rachelzachday1-112.jpg,Day 1,rachelzachday1-112.jpg,4,Jorie; Patti; Stephanie Soskin; Zach Soskin
Day 1/rachelzachday1-113.jpg,Day 1,rachelzachday1-113.jpg,0,
Day 1/rachelzachday1-114.jpg,Day 1,rachelzachday1-114.jpg,1,Frankie B
Day 1/rachelzachday1-115.jpg,Day 1,rachelzachday1-115.jpg,1,Dave Gilboa
Day 1/rachelzachday1-116.jpg,Day 1,rachelzachday1-116.jpg,0,
Day 1/rachelzachday1-117.jpg,Day 1,rachelzachday1-117.jpg,1,David Benrud
Day 1/rachelzachday1-118.jpg,Day 1,rachelzachday1-118.jpg,1,Bob P
Day 1/rachelzachday1-119.jpg,Day 1,rachelzachday1-119.jpg,0,
Day 1/rachelzachday1-120.jpg,Day 1,rachelzachday1-120.jpg,0,
Day 1/rachelzachday1-121.jpg,Day 1,rachelzachday1-121.jpg,1,Keagen
Day 1/rachelzachday1-122.jpg,Day 1,rachelzachday1-122.jpg,2,Debi; Nancy Lurie
Day 1/rachelzachday1-123.jpg,Day 1,rachelzachday1-123.jpg,1,Elizabeth Licon
Day 1/rachelzachday1-124.jpg,Day 1,rachelzachday1-124.jpg,0,
Day 1/rachelzachday1-125.jpg,Day 1,rachelzachday1-125.jpg,2,Leah M; Taylor Noyer
Day 1/rachelzachday1-126.jpg,Day 1,rachelzachday1-126.jpg,2,Leah M; Taylor Noyer
Day 1/rachelzachday1-127.jpg,Day 1,rachelzachday1-127.jpg,0,
Day 1/rachelzachday1-128.jpg,Day 1,rachelzachday1-128.jpg,0,
Day 1/rachelzachday1-129.jpg,Day 1,rachelzachday1-129.jpg,1,Robbie
Day 1/rachelzachday1-130.jpg,Day 1,rachelzachday1-130.jpg,1,Chris N
Day 1/rachelzachday1-131.jpg,Day 1,rachelzachday1-131.jpg,0,
Day 1/rachelzachday1-132.jpg,Day 1,rachelzachday1-132.jpg,0,
Day 1/rachelzachday1-133.jpg,Day 1,rachelzachday1-133.jpg,1,Rush
Day 1/rachelzachday1-134.jpg,Day 1,rachelzachday1-134.jpg,0,
Day 1/rachelzachday1-135.jpg,Day 1,rachelzachday1-135.jpg,2,Cogan; J Til
Day 1/rachelzachday1-136.jpg,Day 1,rachelzachday1-136.jpg,2,Cogan; J Til
Day 1/rachelzachday1-137.jpg,Day 1,rachelzachday1-137.jpg,3,David Post; Melanie Casciano; Rachel Casciano
Day 1/rachelzachday1-138.jpg,Day 1,rachelzachday1-138.jpg,1,Rachel Casciano
Day 1/rachelzachday1-139.jpg,Day 1,rachelzachday1-139.jpg,0,
Day 1/rachelzachday1-140.jpg,Day 1,rachelzachday1-140.jpg,1,Rachel Casciano
Day 1/rachelzachday1-141.jpg,Day 1,rachelzachday1-141.jpg,1,Rachel Casciano
Day 1/rachelzachday1-142.jpg,Day 1,rachelzachday1-142.jpg,1,Rachel Casciano
Day 1/rachelzachday1-143.jpg,Day 1,rachelzachday1-143.jpg,1,Sean Morse
Day 1/rachelzachday1-144.jpg,Day 1,rachelzachday1-144.jpg,1,Rachel Casciano
Day 1/rachelzachday1-145.jpg,Day 1,rachelzachday1-145.jpg,2,Rachel Casciano; Robbie
Day 1/rachelzachday1-146.jpg,Day 1,rachelzachday1-146.jpg,0,
Day 1/rachelzachday1-147.jpg,Day 1,rachelzachday1-147.jpg,2,Melanie Casciano; Rachel Casciano
Day 1/rachelzachday1-148.jpg,Day 1,rachelzachday1-148.jpg,1,Jacquie
Day 1/rachelzachday1-149.jpg,Day 1,rachelzachday1-149.jpg,0,
Day 1/rachelzachday1-150.jpg,Day 1,rachelzachday1-150.jpg,1,Maura
Day 1/rachelzachday1-151.jpg,Day 1,rachelzachday1-151.jpg,0,
Day 1/rachelzachday1-152.jpg,Day 1,rachelzachday1-152.jpg,3,Pat Burton; Robbie; Scotty P
Day 1/rachelzachday1-153.jpg,Day 1,rachelzachday1-153.jpg,1,Joan Soskin
Day 1/rachelzachday1-154.jpg,Day 1,rachelzachday1-154.jpg,0,
Day 1/rachelzachday1-155.jpg,Day 1,rachelzachday1-155.jpg,0,
Day 1/rachelzachday1-156.jpg,Day 1,rachelzachday1-156.jpg,0,
Day 1/rachelzachday1-157.jpg,Day 1,rachelzachday1-157.jpg,1,Ronald Harris
Day 1/rachelzachday1-158.jpg,Day 1,rachelzachday1-158.jpg,2,Aly Gilboa; Charlie Weisman
Day 1/rachelzachday1-159.jpg,Day 1,rachelzachday1-159.jpg,2,Nick Pugs; Trelawny
Day 1/rachelzachday1-160.jpg,Day 1,rachelzachday1-160.jpg,1,Sean Morse
Day 1/rachelzachday1-161.jpg,Day 1,rachelzachday1-161.jpg,1,Sean Morse
Day 1/rachelzachday1-162.jpg,Day 1,rachelzachday1-162.jpg,1,Carter
Day 1/rachelzachday1-163.jpg,Day 1,rachelzachday1-163.jpg,1,Carter
Day 1/rachelzachday1-164.jpg,Day 1,rachelzachday1-164.jpg,0,
Day 1/rachelzachday1-165.jpg,Day 1,rachelzachday1-165.jpg,1,Marty
Day 1/rachelzachday1-166.jpg,Day 1,rachelzachday1-166.jpg,1,SANDRA
Day 1/rachelzachday1-167.jpg,Day 1,rachelzachday1-167.jpg,3,JUELS; Kaitlin Burns; Kayla
Day 1/rachelzachday1-168.jpg,Day 1,rachelzachday1-168.jpg,2,Jake Lurie; Todd Lurie
Day 1/rachelzachday1-169.jpg,Day 1,rachelzachday1-169.jpg,1,Taylor Noyer
Day 1/rachelzachday1-170.jpg,Day 1,rachelzachday1-170.jpg,0,
Day 1/rachelzachday1-171.jpg,Day 1,rachelzachday1-171.jpg,1,David Burton
Day 1/rachelzachday1-172.jpg,Day 1,rachelzachday1-172.jpg,1,Stephanie Soskin
Day 1/rachelzachday1-173.jpg,Day 1,rachelzachday1-173.jpg,0,
Day 1/rachelzachday1-174.jpg,Day 1,rachelzachday1-174.jpg,1,Meg
Day 1/rachelzachday1-175.jpg,Day 1,rachelzachday1-175.jpg,1,Meg
Day 1/rachelzachday1-176.jpg,Day 1,rachelzachday1-176.jpg,2,Kelsey Meyers; Meg
Day 1/rachelzachday1-177.jpg,Day 1,rachelzachday1-177.jpg,2,Lindsey Miller; Siri
Day 1/rachelzachday1-178.jpg,Day 1,rachelzachday1-178.jpg,1,Alex Muecke
Day 1/rachelzachday1-179.jpg,Day 1,rachelzachday1-179.jpg,2,Melanie Casciano; Robbie
Day 1/rachelzachday1-180.jpg,Day 1,rachelzachday1-180.jpg,1,Marty
Day 1/rachelzachday1-181.jpg,Day 1,rachelzachday1-181.jpg,2,David Post; Dee Burton
Day 1/rachelzachday1-182.jpg,Day 1,rachelzachday1-182.jpg,2,Patti; Zach Soskin
Day 1/rachelzachday1-183.jpg,Day 1,rachelzachday1-183.jpg,3,Elizabeth Licon; Rachel Casciano; Zach Soskin
Day 1/rachelzachday1-184.jpg,Day 1,rachelzachday1-184.jpg,2,Debi; Dee Burton
Day 1/rachelzachday1-185.jpg,Day 1,rachelzachday1-185.jpg,3,Erik; Maddie Channess; Sam Ankin
Day 1/rachelzachday1-186.jpg,Day 1,rachelzachday1-186.jpg,3,Alex Muecke; Meg; Rachel Casciano
Day 1/rachelzachday1-187.jpg,Day 1,rachelzachday1-187.jpg,2,Alex Muecke; Meg
Day 1/rachelzachday1-188.jpg,Day 1,rachelzachday1-188.jpg,1,Matt
Day 1/rachelzachday1-189.jpg,Day 1,rachelzachday1-189.jpg,2,Bryant; Steve M
Day 1/rachelzachday1-190.jpg,Day 1,rachelzachday1-190.jpg,1,Steve M
Day 1/rachelzachday1-191.jpg,Day 1,rachelzachday1-191.jpg,1,Spencer Soltman
Day 1/rachelzachday1-192.jpg,Day 1,rachelzachday1-192.jpg,0,
Day 1/rachelzachday1-193.jpg,Day 1,rachelzachday1-193.jpg,0,
Day 1/rachelzachday1-194.jpg,Day 1,rachelzachday1-194.jpg,1,Phil Quist
Day 1/rachelzachday1-195.jpg,Day 1,rachelzachday1-195.jpg,1,Siri
Day 1/rachelzachday1-196.jpg,Day 1,rachelzachday1-196.jpg,0,
Day 1/rachelzachday1-197.jpg,Day 1,rachelzachday1-197.jpg,1,Kelsey Meyers
Day 1/rachelzachday1-198.jpg,Day 1,rachelzachday1-198.jpg,4,Adi; Erin; Morgan; Taylor Becker
Day 1/rachelzachday1-199.jpg,Day 1,rachelzachday1-199.jpg,0,
Day 1/rachelzachday1-200.jpg,Day 1,rachelzachday1-200.jpg,0,
Day 1/rachelzachday1-201.jpg,Day 1,rachelzachday1-201.jpg,1,Riley
Day 1/rachelzachday1-202.jpg,Day 1,rachelzachday1-202.jpg,2,Rachel Casciano; Tara
Day 1/rachelzachday1-203.jpg,Day 1,rachelzachday1-203.jpg,1,Tara
Day 1/rachelzachday1-204.jpg,Day 1,rachelzachday1-204.jpg,1,Adam Brown
Day 1/rachelzachday1-205.jpg,Day 1,rachelzachday1-205.jpg,0,
Day 1/rachelzachday1-206.jpg,Day 1,rachelzachday1-206.jpg,0,
Day 1/rachelzachday1-207.jpg,Day 1,rachelzachday1-207.jpg,1,Gisel
Day 1/rachelzachday1-208.jpg,Day 1,rachelzachday1-208.jpg,3,Rachel Casciano; Tyler; Zach Soskin
Day 1/rachelzachday1-209.jpg,Day 1,rachelzachday1-209.jpg,2,Rachel Casciano; Zach Soskin
Day 1/rachelzachday1-210.jpg,Day 1,rachelzachday1-210.jpg,1,Rachel Casciano
Day 1/rachelzachday1-211.jpg,Day 1,rachelzachday1-211.jpg,0,
Day 1/rachelzachday1-212.jpg,Day 1,rachelzachday1-212.jpg,2,Rachel Casciano; Zach Soskin
Day 1/rachelzachday1-213.jpg,Day 1,rachelzachday1-213.jpg,2,Rachel Casciano; Zach Soskin
Day 1/rachelzachday1-214.jpg,Day 1,rachelzachday1-214.jpg,1,Zach Soskin
Day 1/rachelzachday1-215.jpg,Day 1,rachelzachday1-215.jpg,1,Zach Soskin
Day 1/rachelzachday1-216.jpg,Day 1,rachelzachday1-216.jpg,0,
Day 1/rachelzachday1-217.jpg,Day 1,rachelzachday1-217.jpg,2,Gisel; J Til
Day 1/rachelzachday1-218.jpg,Day 1,rachelzachday1-218.jpg,1,Kelsey Meyers
Day 1/rachelzachday1-219.jpg,Day 1,rachelzachday1-219.jpg,1,Marty
Day 1/rachelzachday1-220.jpg,Day 1,rachelzachday1-220.jpg,2,Chris; Maura
Day 1/rachelzachday1-221.jpg,Day 1,rachelzachday1-221.jpg,1,Abe Burton
Day 1/rachelzachday1-222.jpg,Day 1,rachelzachday1-222.jpg,4,Adi; Erin; Harris; Phil Becker
Day 1/rachelzachday1-223.jpg,Day 1,rachelzachday1-223.jpg,0,
Day 1/rachelzachday1-224.jpg,Day 1,rachelzachday1-224.jpg,1,Trelawny
Day 1/rachelzachday1-225.jpg,Day 1,rachelzachday1-225.jpg,1,Rachel Casciano
Day 1/rachelzachday1-226.jpg,Day 1,rachelzachday1-226.jpg,1,Trelawny
Day 1/rachelzachday1-227.jpg,Day 1,rachelzachday1-227.jpg,2,Rachel Casciano; Zach Soskin
Day 1/rachelzachday1-228.jpg,Day 1,rachelzachday1-228.jpg,2,Rachel Casciano; Zach Soskin
Day 1/rachelzachday1-229.jpg,Day 1,rachelzachday1-229.jpg,1,Trelawny
Day 1/rachelzachday1-230.jpg,Day 1,rachelzachday1-230.jpg,2,Maura; Stephanie Soskin
Day 1/rachelzachday1-231.jpg,Day 1,rachelzachday1-231.jpg,9,ASHLEY; Bryant; Cogan; Kayla; Lindsey Miller; Meg; Nate O; Nick Pugs; Spencer Soltman
Day 1/rachelzachday1-232.jpg,Day 1,rachelzachday1-232.jpg,1,Trelawny
Day 1/rachelzachday1-233.jpg,Day 1,rachelzachday1-233.jpg,4,Parker; Rachel Casciano; Robbie; Zach Soskin
Day 1/rachelzachday1-234.jpg,Day 1,rachelzachday1-234.jpg,5,Rachel Casciano; Riley; Robbie; Tim J; Zach Soskin
Day 1/rachelzachday1-235.jpg,Day 1,rachelzachday1-235.jpg,3,Rachel Casciano; Robbie; Zach Soskin
Day 1/rachelzachday1-236.jpg,Day 1,rachelzachday1-236.jpg,4,J Mohr; Rachel Casciano; Robbie; Zach Soskin
Day 1/rachelzachday1-237.jpg,Day 1,rachelzachday1-237.jpg,1,Trelawny
Day 1/rachelzachday1-238.jpg,Day 1,rachelzachday1-238.jpg,3,Patti; Rachel Casciano; Zach Soskin
Day 1/rachelzachday1-239.jpg,Day 1,rachelzachday1-239.jpg,4,Maddie Slomovitz; Mohr; Rachel Casciano; Zach Soskin
Day 1/rachelzachday1-240.jpg,Day 1,rachelzachday1-240.jpg,2,Maddie Slomovitz; Melanie Casciano
Day 1/rachelzachday1-241.jpg,Day 1,rachelzachday1-241.jpg,6,Bryant; Dan Casciano; Debi; Gisel; J Til; Lauren Bond
Day 1/rachelzachday1-242.jpg,Day 1,rachelzachday1-242.jpg,3,Patti; Rachel Casciano; Zach Soskin
Day 1/rachelzachday1-243.jpg,Day 1,rachelzachday1-243.jpg,2,J Mohr; Robbie
Day 1/rachelzachday1-244.jpg,Day 1,rachelzachday1-244.jpg,1,Allan C
Day 1/rachelzachday1-245.jpg,Day 1,rachelzachday1-245.jpg,2,Rachel Casciano; Zach Soskin
Day 1/rachelzachday1-246.jpg,Day 1,rachelzachday1-246.jpg,2,Rachel Casciano; Zach Soskin
Day 1/rachelzachday1-247.jpg,Day 1,rachelzachday1-247.jpg,2,Rachel Casciano; Zach Soskin
Day 1/rachelzachday1-248.jpg,Day 1,rachelzachday1-248.jpg,1,Trelawny
Day 1/rachelzachday1-249.jpg,Day 1,rachelzachday1-249.jpg,3,Patti; Rachel Casciano; Zach Soskin
Day 1/rachelzachday1-250.jpg,Day 1,rachelzachday1-250.jpg,1,Parker
Day 1/rachelzachday1-251.jpg,Day 1,rachelzachday1-251.jpg,0,
Day 1/rachelzachday1-252.jpg,Day 1,rachelzachday1-252.jpg,0,
Day 1/rachelzachday1-253.jpg,Day 1,rachelzachday1-253.jpg,0,
Day 1/rachelzachday1-254.jpg,Day 1,rachelzachday1-254.jpg,0,
Day 1/rachelzachday1-255.jpg,Day 1,rachelzachday1-255.jpg,5,Chad Slomovitz; Melanie Casciano; Rachel Casciano; Robbie; Zach Soskin
Day 1/rachelzachday1-256.jpg,Day 1,rachelzachday1-256.jpg,6,Maddie Slomovitz; Melanie Casciano; Patti; Rachel Casciano; Robbie; Zach Soskin
Day 1/rachelzachday1-257.jpg,Day 1,rachelzachday1-257.jpg,7,Chad Slomovitz; Maddie Slomovitz; Melanie Casciano; Patti; Rachel Casciano; Robbie; Zach Soskin
Day 1/rachelzachday1-258.jpg,Day 1,rachelzachday1-258.jpg,7,Chad Slomovitz; Maddie Slomovitz; Melanie Casciano; Patti; Rachel Casciano; Robbie; Zach Soskin
Day 1/rachelzachday1-259.jpg,Day 1,rachelzachday1-259.jpg,8,ASHLEY; Bryant; Dee Burton; Dubov; Nate O; Nate waldron; Nick Pugs; Spencer Soltman
Day 1/rachelzachday1-260.jpg,Day 1,rachelzachday1-260.jpg,3,Allan C; Rachel Casciano; Zach Soskin
Day 1/rachelzachday1-261.jpg,Day 1,rachelzachday1-261.jpg,0,
Day 1/rachelzachday1-262.jpg,Day 1,rachelzachday1-262.jpg,6,Aly Gilboa; Natalie; Parker; Patti; Rachel Casciano; Zach Soskin
Day 1/rachelzachday1-263.jpg,Day 1,rachelzachday1-263.jpg,4,Aly Gilboa; Dave Gilboa; Rachel Casciano; Zach Soskin
Day 1/rachelzachday1-264.jpg,Day 1,rachelzachday1-264.jpg,4,Bryant; Keagen; Meg; Nick Pugs
Day 1/rachelzachday1-265.jpg,Day 1,rachelzachday1-265.jpg,2,Bryant; Dubov
Day 1/rachelzachday1-266.jpg,Day 1,rachelzachday1-266.jpg,2,Jorie; Riley
Day 1/rachelzachday1-267.jpg,Day 1,rachelzachday1-267.jpg,3,Harris; Riley; Zach Soskin
Day 1/rachelzachday1-268.jpg,Day 1,rachelzachday1-268.jpg,10,Chad Slomovitz; Maddie Slomovitz; Mohr; Parker; Patti; Rachel Casciano; Robbie; Tim J; Trelawny; Zach Soskin
Day 1/rachelzachday1-269.jpg,Day 1,rachelzachday1-269.jpg,1,Kelsey Meyers
Day 1/rachelzachday1-270.jpg,Day 1,rachelzachday1-270.jpg,1,Lauren Bond
Day 1/rachelzachday1-271.jpg,Day 1,rachelzachday1-271.jpg,1,Tim J
Day 1/rachelzachday1-272.jpg,Day 1,rachelzachday1-272.jpg,3,Chad Slomovitz; Patti; Zach Soskin
Day 1/rachelzachday1-273.jpg,Day 1,rachelzachday1-273.jpg,3,Chad Slomovitz; Maddie Slomovitz; Zach Soskin
Day 1/rachelzachday1-274.jpg,Day 1,rachelzachday1-274.jpg,1,Kelsey Meyers
Day 1/rachelzachday1-275.jpg,Day 1,rachelzachday1-275.jpg,1,Kelsey Meyers
Day 1/rachelzachday1-276.jpg,Day 1,rachelzachday1-276.jpg,4,Patti; Rachel Casciano; Riley; Zach Soskin
Day 1/rachelzachday1-277.jpg,Day 1,rachelzachday1-277.jpg,3,Rachel Casciano; Riley; Zach Soskin
Day 1/rachelzachday1-278.jpg,Day 1,rachelzachday1-278.jpg,6,ASHLEY; Debi; Dee Burton; Kayla; Nancy Lurie; Todd Lurie
Day 1/rachelzachday1-279.jpg,Day 1,rachelzachday1-279.jpg,6,ASHLEY; Debi; Dee Burton; Nancy Lurie; Pat Burton; Todd Lurie
Day 1/rachelzachday1-280.jpg,Day 1,rachelzachday1-280.jpg,4,Chad Slomovitz; Rachel Casciano; Robbie; Zach Soskin
Day 1/rachelzachday1-281.jpg,Day 1,rachelzachday1-281.jpg,1,Rod
Day 1/rachelzachday1-282.jpg,Day 1,rachelzachday1-282.jpg,3,Jake Lurie; Jeffry Lurie; Maddie Channess
Day 1/rachelzachday1-283.jpg,Day 1,rachelzachday1-283.jpg,2,Jeffry Lurie; Maddie Channess
Day 1/rachelzachday1-284.jpg,Day 1,rachelzachday1-284.jpg,1,Maddie Slomovitz
Day 1/rachelzachday1-285.jpg,Day 1,rachelzachday1-285.jpg,5,Pasha; Patti; Rachel Casciano; Robbie; Zach Soskin
Day 1/rachelzachday1-286.jpg,Day 1,rachelzachday1-286.jpg,2,J Til; Maddie Slomovitz
Day 1/rachelzachday1-287.jpg,Day 1,rachelzachday1-287.jpg,0,
Day 1/rachelzachday1-288.jpg,Day 1,rachelzachday1-288.jpg,6,Chad Slomovitz; Charlie Weisman; Rachel Casciano; Robbie; Sam Ankin; Zach Soskin
Day 1/rachelzachday1-289.jpg,Day 1,rachelzachday1-289.jpg,7,Charlie Weisman; Dan Casciano; Dave Gilboa; Rachel Casciano; Robbie; Sam Ankin; Zach Soskin
Day 1/rachelzachday1-290.jpg,Day 1,rachelzachday1-290.jpg,4,Chad Slomovitz; Charlie Weisman; Rachel Casciano; Zach Soskin
Day 1/rachelzachday1-291.jpg,Day 1,rachelzachday1-291.jpg,3,Chad Slomovitz; Maddie Slomovitz; Zach Soskin
Day 1/rachelzachday1-292.jpg,Day 1,rachelzachday1-292.jpg,1,Rush
Day 1/rachelzachday1-293.jpg,Day 1,rachelzachday1-293.jpg,3,Chris; Jorie; Matt
Day 1/rachelzachday1-294.jpg,Day 1,rachelzachday1-294.jpg,3,Chris; Jorie; Matt
Day 1/rachelzachday1-295.jpg,Day 1,rachelzachday1-295.jpg,8,Allan C; Dan Casciano; LAURA WEISMAN; Maddie Slomovitz; Melanie Casciano; Rachel Casciano; Robbie; Zach Soskin
Day 1/rachelzachday1-296.jpg,Day 1,rachelzachday1-296.jpg,13,Aly Gilboa; Chad Slomovitz; Charlie Weisman; Dave Gilboa; Lisa Caplan; Maddie Slomovitz; Melanie Casciano; Natalie; Pasha; Patti; Rachel Casciano; Robbie; Zach Soskin
Day 1/rachelzachday1-297.jpg,Day 1,rachelzachday1-297.jpg,3,ASHLEY; Dubov; Jorie
Day 1/rachelzachday1-298.jpg,Day 1,rachelzachday1-298.jpg,3,Gisel; Jorie; Parker
Day 1/rachelzachday1-299.jpg,Day 1,rachelzachday1-299.jpg,4,Maddie Slomovitz; Phil Quist; Riley; Zach Soskin
Day 1/rachelzachday1-300.jpg,Day 1,rachelzachday1-300.jpg,0,
Day 1/rachelzachday1-301.jpg,Day 1,rachelzachday1-301.jpg,7,Chad Slomovitz; Maddie Slomovitz; Melanie Casciano; Pasha; Riley; Tim J; Zach Soskin
Day 1/rachelzachday1-302.jpg,Day 1,rachelzachday1-302.jpg,7,Chad Slomovitz; Maddie Slomovitz; Pasha; Rachel Casciano; Riley; Tim J; Zach Soskin
Day 1/rachelzachday1-303.jpg,Day 1,rachelzachday1-303.jpg,2,Patti; Robbie
Day 1/rachelzachday1-304.jpg,Day 1,rachelzachday1-304.jpg,0,
Day 1/rachelzachday1-305.jpg,Day 1,rachelzachday1-305.jpg,1,Robbie
Day 1/rachelzachday1-306.jpg,Day 1,rachelzachday1-306.jpg,1,Patti
Day 1/rachelzachday1.jpg,Day 1,rachelzachday1.jpg,0,
Film/rachelzachfilm-2.jpg,Film,rachelzachfilm-2.jpg,0,
Film/rachelzachfilm-3.jpg,Film,rachelzachfilm-3.jpg,2,Rachel Casciano; Zach Soskin
Film/rachelzachfilm-4.jpg,Film,rachelzachfilm-4.jpg,0,
Film/rachelzachfilm-5.jpg,Film,rachelzachfilm-5.jpg,2,Rachel Casciano; Zach Soskin
Film/rachelzachfilm-6.jpg,Film,rachelzachfilm-6.jpg,2,Rachel Casciano; Zach Soskin
Film/rachelzachfilm-7.jpg,Film,rachelzachfilm-7.jpg,1,Rachel Casciano
Film/rachelzachfilm-8.jpg,Film,rachelzachfilm-8.jpg,1,Zach Soskin
Film/rachelzachfilm-9.jpg,Film,rachelzachfilm-9.jpg,0,
Film/rachelzachfilm-10.jpg,Film,rachelzachfilm-10.jpg,1,Zach Soskin
Film/rachelzachfilm-11.jpg,Film,rachelzachfilm-11.jpg,2,Rachel Casciano; Zach Soskin
Film/rachelzachfilm-12.jpg,Film,rachelzachfilm-12.jpg,1,Rachel Casciano
Film/rachelzachfilm-13.jpg,Film,rachelzachfilm-13.jpg,2,Rachel Casciano; Zach Soskin
Film/rachelzachfilm-14.jpg,Film,rachelzachfilm-14.jpg,1,Rachel Casciano
Film/rachelzachfilm-15.jpg,Film,rachelzachfilm-15.jpg,2,Rachel Casciano; Zach Soskin
Film/rachelzachfilm-16.jpg,Film,rachelzachfilm-16.jpg,2,Rachel Casciano; Zach Soskin
Film/rachelzachfilm-17.jpg,Film,rachelzachfilm-17.jpg,0,
Film/rachelzachfilm-18.jpg,Film,rachelzachfilm-18.jpg,2,Rachel Casciano; Zach Soskin
Film/rachelzachfilm-19.jpg,Film,rachelzachfilm-19.jpg,2,Rachel Casciano; Zach Soskin
Film/rachelzachfilm-20.jpg,Film,rachelzachfilm-20.jpg,2,Rachel Casciano; Zach Soskin
Film/rachelzachfilm-21.jpg,Film,rachelzachfilm-21.jpg,2,Rachel Casciano; Zach Soskin
Film/rachelzachfilm-22.jpg,Film,rachelzachfilm-22.jpg,2,Rachel Casciano; Zach Soskin
Film/rachelzachfilm-23.jpg,Film,rachelzachfilm-23.jpg,0,
Film/rachelzachfilm-24.jpg,Film,rachelzachfilm-24.jpg,1,Zach Soskin
Film/rachelzachfilm-25.jpg,Film,rachelzachfilm-25.jpg,1,Zach Soskin
Film/rachelzachfilm-26.jpg,Film,rachelzachfilm-26.jpg,1,Zach Soskin
Film/rachelzachfilm-27.jpg,Film,rachelzachfilm-27.jpg,1,Rachel Casciano
Film/rachelzachfilm-28.jpg,Film,rachelzachfilm-28.jpg,2,Rachel Casciano; Zach Soskin
Film/rachelzachfilm-29.jpg,Film,rachelzachfilm-29.jpg,2,Rachel Casciano; Zach Soskin
Film/rachelzachfilm-30.jpg,Film,rachelzachfilm-30.jpg,2,Rachel Casciano; Zach Soskin
Film/rachelzachfilm-31.jpg,Film,rachelzachfilm-31.jpg,0,
Film/rachelzachfilm-32.jpg,Film,rachelzachfilm-32.jpg,0,
Film/rachelzachfilm-33.jpg,Film,rachelzachfilm-33.jpg,0,
Film/rachelzachfilm-34.jpg,Film,rachelzachfilm-34.jpg,0,
Film/rachelzachfilm-35.jpg,Film,rachelzachfilm-35.jpg,0,
Film/rachelzachfilm-36.jpg,Film,rachelzachfilm-36.jpg,0,
Film/rachelzachfilm-37.jpg,Film,rachelzachfilm-37.jpg,0,
Film/rachelzachfilm-38.jpg,Film,rachelzachfilm-38.jpg,0,
Film/rachelzachfilm-39.jpg,Film,rachelzachfilm-39.jpg,0,
Film/rachelzachfilm-40.jpg,Film,rachelzachfilm-40.jpg,2,Parker; Ronald Harris
Film/rachelzachfilm-41.jpg,Film,rachelzachfilm-41.jpg,0,
Film/rachelzachfilm-42.jpg,Film,rachelzachfilm-42.jpg,2,Ivan Licon; Kayla
Film/rachelzachfilm-43.jpg,Film,rachelzachfilm-43.jpg,2,Spencer Soltman; Tim J
Film/rachelzachfilm-44.jpg,Film,rachelzachfilm-44.jpg,0,
Film/rachelzachfilm-45.jpg,Film,rachelzachfilm-45.jpg,0,
Film/rachelzachfilm-46.jpg,Film,rachelzachfilm-46.jpg,2,Bryant; Spencer Soltman
Film/rachelzachfilm-47.jpg,Film,rachelzachfilm-47.jpg,1,Bryant
Film/rachelzachfilm-48.jpg,Film,rachelzachfilm-48.jpg,1,David Post
Film/rachelzachfilm-49.jpg,Film,rachelzachfilm-49.jpg,1,Nate O
Film/rachelzachfilm-50.jpg,Film,rachelzachfilm-50.jpg,2,J Til; Trelawny
Film/rachelzachfilm-51.jpg,Film,rachelzachfilm-51.jpg,1,Carter
Film/rachelzachfilm-52.jpg,Film,rachelzachfilm-52.jpg,2,Parker; Stephanie Soskin
Film/rachelzachfilm-53.jpg,Film,rachelzachfilm-53.jpg,1,Parker
Film/rachelzachfilm-54.jpg,Film,rachelzachfilm-54.jpg,1,Parker
Film/rachelzachfilm-55.jpg,Film,rachelzachfilm-55.jpg,2,Jorie; Parker
Film/rachelzachfilm-56.jpg,Film,rachelzachfilm-56.jpg,1,Parker
Film/rachelzachfilm-57.jpg,Film,rachelzachfilm-57.jpg,0,
Film/rachelzachfilm-58.jpg,Film,rachelzachfilm-58.jpg,0,
Film/rachelzachfilm-59.jpg,Film,rachelzachfilm-59.jpg,1,Parker
Film/rachelzachfilm-60.jpg,Film,rachelzachfilm-60.jpg,0,
Film/rachelzachfilm-61.jpg,Film,rachelzachfilm-61.jpg,1,Parker
Film/rachelzachfilm-62.jpg,Film,rachelzachfilm-62.jpg,0,
Film/rachelzachfilm-63.jpg,Film,rachelzachfilm-63.jpg,1,Stephanie Soskin
Film/rachelzachfilm-64.jpg,Film,rachelzachfilm-64.jpg,1,Jake Lurie
Film/rachelzachfilm-65.jpg,Film,rachelzachfilm-65.jpg,1,Abe Burton
Film/rachelzachfilm-66.jpg,Film,rachelzachfilm-66.jpg,1,Zach Soskin
Film/rachelzachfilm-67.jpg,Film,rachelzachfilm-67.jpg,1,Zach Soskin
Film/rachelzachfilm-68.jpg,Film,rachelzachfilm-68.jpg,0,
Film/rachelzachfilm-69.jpg,Film,rachelzachfilm-69.jpg,1,Rachel Casciano
Film/rachelzachfilm-70.jpg,Film,rachelzachfilm-70.jpg,1,Rachel Casciano
Film/rachelzachfilm-71.jpg,Film,rachelzachfilm-71.jpg,0,
Film/rachelzachfilm-72.jpg,Film,rachelzachfilm-72.jpg,1,Rachel Casciano
Film/rachelzachfilm-73.jpg,Film,rachelzachfilm-73.jpg,1,Rachel Casciano
Film/rachelzachfilm-74.jpg,Film,rachelzachfilm-74.jpg,1,Rachel Casciano
Film/rachelzachfilm-75.jpg,Film,rachelzachfilm-75.jpg,1,Rachel Casciano
Film/rachelzachfilm-76.jpg,Film,rachelzachfilm-76.jpg,2,Rachel Casciano; Zach Soskin
Film/rachelzachfilm-77.jpg,Film,rachelzachfilm-77.jpg,2,Rachel Casciano; Zach Soskin
Film/rachelzachfilm-78.jpg,Film,rachelzachfilm-78.jpg,2,Rachel Casciano; Zach Soskin
Film/rachelzachfilm-79.jpg,Film,rachelzachfilm-79.jpg,1,Zach Soskin
Film/rachelzachfilm-80.jpg,Film,rachelzachfilm-80.jpg,2,Rachel Casciano; Zach Soskin
Film/rachelzachfilm-81.jpg,Film,rachelzachfilm-81.jpg,2,Rachel Casciano; Zach Soskin
Film/rachelzachfilm-82.jpg,Film,rachelzachfilm-82.jpg,2,Rachel Casciano; Zach Soskin
Film/rachelzachfilm-83.jpg,Film,rachelzachfilm-83.jpg,2,Rachel Casciano; Zach Soskin
Film/rachelzachfilm-84.jpg,Film,rachelzachfilm-84.jpg,2,Rachel Casciano; Zach Soskin
Film/rachelzachfilm-85.jpg,Film,rachelzachfilm-85.jpg,2,Rachel Casciano; Zach Soskin
Film/rachelzachfilm-86.jpg,Film,rachelzachfilm-86.jpg,2,Rachel Casciano; Zach Soskin
Film/rachelzachfilm-87.jpg,Film,rachelzachfilm-87.jpg,1,Zach Soskin
Film/rachelzachfilm-88.jpg,Film,rachelzachfilm-88.jpg,2,Rachel Casciano; Zach Soskin
Film/rachelzachfilm-89.jpg,Film,rachelzachfilm-89.jpg,2,Rachel Casciano; Zach Soskin
Film/rachelzachfilm-90.jpg,Film,rachelzachfilm-90.jpg,2,Rachel Casciano; Zach Soskin
Film/rachelzachfilm-91.jpg,Film,rachelzachfilm-91.jpg,2,Rachel Casciano; Zach Soskin
Film/rachelzachfilm-92.jpg,Film,rachelzachfilm-92.jpg,2,Rachel Casciano; Zach Soskin
Film/rachelzachfilm-93.jpg,Film,rachelzachfilm-93.jpg,2,Rachel Casciano; Zach Soskin
Film/rachelzachfilm-94.jpg,Film,rachelzachfilm-94.jpg,2,Rachel Casciano; Zach Soskin
Film/rachelzachfilm-95.jpg,Film,rachelzachfilm-95.jpg,2,Rachel Casciano; Zach Soskin
Film/rachelzachfilm-96.jpg,Film,rachelzachfilm-96.jpg,0,
Film/rachelzachfilm-97.jpg,Film,rachelzachfilm-97.jpg,1,Zach Soskin
Film/rachelzachfilm-98.jpg,Film,rachelzachfilm-98.jpg,0,
Film/rachelzachfilm-99.jpg,Film,rachelzachfilm-99.jpg,0,
Film/rachelzachfilm-100.jpg,Film,rachelzachfilm-100.jpg,0,
Film/rachelzachfilm-101.jpg,Film,rachelzachfilm-101.jpg,1,Rachel Casciano
Film/rachelzachfilm-102.jpg,Film,rachelzachfilm-102.jpg,0,
Film/rachelzachfilm-103.jpg,Film,rachelzachfilm-103.jpg,0,
Film/rachelzachfilm-104.jpg,Film,rachelzachfilm-104.jpg,0,
Film/rachelzachfilm-105.jpg,Film,rachelzachfilm-105.jpg,0,
Film/rachelzachfilm-106.jpg,Film,rachelzachfilm-106.jpg,0,
Film/rachelzachfilm-107.jpg,Film,rachelzachfilm-107.jpg,0,
Film/rachelzachfilm-108.jpg,Film,rachelzachfilm-108.jpg,0,
Film/rachelzachfilm-109.jpg,Film,rachelzachfilm-109.jpg,1,David Post
Film/rachelzachfilm-110.jpg,Film,rachelzachfilm-110.jpg,0,
Film/rachelzachfilm-111.jpg,Film,rachelzachfilm-111.jpg,1,Adam Lynn
Film/rachelzachfilm-112.jpg,Film,rachelzachfilm-112.jpg,0,
Film/rachelzachfilm-113.jpg,Film,rachelzachfilm-113.jpg,0,
Film/rachelzachfilm-114.jpg,Film,rachelzachfilm-114.jpg,0,
Film/rachelzachfilm-115.jpg,Film,rachelzachfilm-115.jpg,0,
Film/rachelzachfilm-116.jpg,Film,rachelzachfilm-116.jpg,0,
Film/rachelzachfilm-117.jpg,Film,rachelzachfilm-117.jpg,0,
Film/rachelzachfilm-118.jpg,Film,rachelzachfilm-118.jpg,0,
Film/rachelzachfilm-119.jpg,Film,rachelzachfilm-119.jpg,1,Zach Soskin
Film/rachelzachfilm-120.jpg,Film,rachelzachfilm-120.jpg,1,Zach Soskin
Film/rachelzachfilm-121.jpg,Film,rachelzachfilm-121.jpg,4,Jorie; Parker; Riley; Robbie
Film/rachelzachfilm-122.jpg,Film,rachelzachfilm-122.jpg,4,Jorie; Parker; Riley; Robbie
Film/rachelzachfilm-123.jpg,Film,rachelzachfilm-123.jpg,3,Dan Casciano; Melanie Casciano; Rachel Casciano
Film/rachelzachfilm-124.jpg,Film,rachelzachfilm-124.jpg,3,Dan Casciano; Melanie Casciano; Rachel Casciano
Film/rachelzachfilm-125.jpg,Film,rachelzachfilm-125.jpg,0,
Film/rachelzachfilm-126.jpg,Film,rachelzachfilm-126.jpg,0,
Film/rachelzachfilm-127.jpg,Film,rachelzachfilm-127.jpg,0,
Film/rachelzachfilm-128.jpg,Film,rachelzachfilm-128.jpg,0,
Film/rachelzachfilm-129.jpg,Film,rachelzachfilm-129.jpg,9,J Til; Jake Lurie; Jeffry Lurie; Jorie; Keagen; Patti; Robbie; Ronald Harris; Tim J
Film/rachelzachfilm-130.jpg,Film,rachelzachfilm-130.jpg,10,Chad Slomovitz; J Til; Jake Lurie; Jorie; Parker; Patti; Robbie; Ronald Harris; Tim J; Zach Soskin
Film/rachelzachfilm-131.jpg,Film,rachelzachfilm-131.jpg,0,
Film/rachelzachfilm-132.jpg,Film,rachelzachfilm-132.jpg,2,Chad Slomovitz; Ronald Harris
Film/rachelzachfilm-133.jpg,Film,rachelzachfilm-133.jpg,3,Keagen; Tim J; Zach Soskin
Film/rachelzachfilm-134.jpg,Film,rachelzachfilm-134.jpg,3,Keagen; Tim J; Zach Soskin
Film/rachelzachfilm-135.jpg,Film,rachelzachfilm-135.jpg,0,
Film/rachelzachfilm-136.jpg,Film,rachelzachfilm-136.jpg,3,Phil C; Rachel Casciano; Zach Soskin
Film/rachelzachfilm-137.jpg,Film,rachelzachfilm-137.jpg,3,Phil C; Rachel Casciano; Zach Soskin
Film/rachelzachfilm-138.jpg,Film,rachelzachfilm-138.jpg,3,Phil C; Rachel Casciano; Zach Soskin
Film/rachelzachfilm-139.jpg,Film,rachelzachfilm-139.jpg,2,Rachel Casciano; Zach Soskin
Film/rachelzachfilm-140.jpg,Film,rachelzachfilm-140.jpg,3,Phil C; Rachel Casciano; Zach Soskin
Film/rachelzachfilm-141.jpg,Film,rachelzachfilm-141.jpg,2,Phil C; Zach Soskin
Film/rachelzachfilm-142.jpg,Film,rachelzachfilm-142.jpg,2,Phil C; Zach Soskin
Film/rachelzachfilm-143.jpg,Film,rachelzachfilm-143.jpg,2,Phil C; Zach Soskin
Film/rachelzachfilm-144.jpg,Film,rachelzachfilm-144.jpg,3,Phil C; Rachel Casciano; Zach Soskin
Film/rachelzachfilm-145.jpg,Film,rachelzachfilm-145.jpg,3,Phil C; Rachel Casciano; Zach Soskin
Film/rachelzachfilm-146.jpg,Film,rachelzachfilm-146.jpg,1,Phil C
Film/rachelzachfilm-147.jpg,Film,rachelzachfilm-147.jpg,0,
Film/rachelzachfilm-148.jpg,Film,rachelzachfilm-148.jpg,1,Dan Casciano
Film/rachelzachfilm-149.jpg,Film,rachelzachfilm-149.jpg,2,Dan Casciano; Sally
Film/rachelzachfilm-150.jpg,Film,rachelzachfilm-150.jpg,4,Patti; Robbie; Ronald Harris; Zach Soskin
Film/rachelzachfilm-151.jpg,Film,rachelzachfilm-151.jpg,4,Patti; Robbie; Ronald Harris; Zach Soskin
Film/rachelzachfilm-152.jpg,Film,rachelzachfilm-152.jpg,0,
Film/rachelzachfilm-153.jpg,Film,rachelzachfilm-153.jpg,1,Phil C
Film/rachelzachfilm-154.jpg,Film,rachelzachfilm-154.jpg,2,Maddie Slomovitz; Melanie Casciano
Film/rachelzachfilm-155.jpg,Film,rachelzachfilm-155.jpg,0,
Film/rachelzachfilm-156.jpg,Film,rachelzachfilm-156.jpg,1,Charlie Weisman
Film/rachelzachfilm-157.jpg,Film,rachelzachfilm-157.jpg,0,
Film/rachelzachfilm-158.jpg,Film,rachelzachfilm-158.jpg,3,Jorie; Parker; Stephanie Soskin
Film/rachelzachfilm-159.jpg,Film,rachelzachfilm-159.jpg,0,
Film/rachelzachfilm-160.jpg,Film,rachelzachfilm-160.jpg,0,
Film/rachelzachfilm-161.jpg,Film,rachelzachfilm-161.jpg,0,
Film/rachelzachfilm-162.jpg,Film,rachelzachfilm-162.jpg,1,Jeremy Burton Burton
Film/rachelzachfilm-163.jpg,Film,rachelzachfilm-163.jpg,1,Phil Quist
Film/rachelzachfilm-164.jpg,Film,rachelzachfilm-164.jpg,0,
Film/rachelzachfilm-165.jpg,Film,rachelzachfilm-165.jpg,0,
Film/rachelzachfilm-166.jpg,Film,rachelzachfilm-166.jpg,0,
Film/rachelzachfilm-167.jpg,Film,rachelzachfilm-167.jpg,2,JUELS; Spencer Soltman
Film/rachelzachfilm-168.jpg,Film,rachelzachfilm-168.jpg,0,
Film/rachelzachfilm-169.jpg,Film,rachelzachfilm-169.jpg,1,Nate O
Film/rachelzachfilm-170.jpg,Film,rachelzachfilm-170.jpg,0,
Film/rachelzachfilm-171.jpg,Film,rachelzachfilm-171.jpg,1,Ellie Soskin
Film/rachelzachfilm-172.jpg,Film,rachelzachfilm-172.jpg,0,
Film/rachelzachfilm-173.jpg,Film,rachelzachfilm-173.jpg,0,
Film/rachelzachfilm-174.jpg,Film,rachelzachfilm-174.jpg,1,Daniel Shin
Film/rachelzachfilm-175.jpg,Film,rachelzachfilm-175.jpg,0,
Film/rachelzachfilm-176.jpg,Film,rachelzachfilm-176.jpg,0,
Film/rachelzachfilm-177.jpg,Film,rachelzachfilm-177.jpg,0,
Film/rachelzachfilm-178.jpg,Film,rachelzachfilm-178.jpg,0,
Film/rachelzachfilm-179.jpg,Film,rachelzachfilm-179.jpg,1,Matt
Film/rachelzachfilm-180.jpg,Film,rachelzachfilm-180.jpg,0,
Film/rachelzachfilm-181.jpg,Film,rachelzachfilm-181.jpg,0,
Film/rachelzachfilm-182.jpg,Film,rachelzachfilm-182.jpg,0,
Film/rachelzachfilm-183.jpg,Film,rachelzachfilm-183.jpg,0,
Film/rachelzachfilm-184.jpg,Film,rachelzachfilm-184.jpg,0,
Film/rachelzachfilm-185.jpg,Film,rachelzachfilm-185.jpg,0,
Film/rachelzachfilm-186.jpg,Film,rachelzachfilm-186.jpg,0,
Film/rachelzachfilm-187.jpg,Film,rachelzachfilm-187.jpg,0,
Film/rachelzachfilm-188.jpg,Film,rachelzachfilm-188.jpg,0,
Film/rachelzachfilm-189.jpg,Film,rachelzachfilm-189.jpg,0,
Film/rachelzachfilm-190.jpg,Film,rachelzachfilm-190.jpg,0,
Film/rachelzachfilm-191.jpg,Film,rachelzachfilm-191.jpg,0,
Film/rachelzachfilm-192.jpg,Film,rachelzachfilm-192.jpg,0,
Film/rachelzachfilm-193.jpg,Film,rachelzachfilm-193.jpg,0,
Film/rachelzachfilm-194.jpg,Film,rachelzachfilm-194.jpg,0,
Film/rachelzachfilm-195.jpg,Film,rachelzachfilm-195.jpg,0,
Film/rachelzachfilm-196.jpg,Film,rachelzachfilm-196.jpg,1,Zach Soskin
Film/rachelzachfilm-197.jpg,Film,rachelzachfilm-197.jpg,0,
Film/rachelzachfilm-198.jpg,Film,rachelzachfilm-198.jpg,0,
Film/rachelzachfilm-199.jpg,Film,rachelzachfilm-199.jpg,1,Zach Soskin
Film/rachelzachfilm-200.jpg,Film,rachelzachfilm-200.jpg,1,Zach Soskin
Film/rachelzachfilm-201.jpg,Film,rachelzachfilm-201.jpg,0,
Film/rachelzachfilm-202.jpg,Film,rachelzachfilm-202.jpg,1,Zach Soskin
Film/rachelzachfilm-203.jpg,Film,rachelzachfilm-203.jpg,0,
Film/rachelzachfilm-204.jpg,Film,rachelzachfilm-204.jpg,1,Zach Soskin
Film/rachelzachfilm-205.jpg,Film,rachelzachfilm-205.jpg,1,Zach Soskin
Film/rachelzachfilm-206.jpg,Film,rachelzachfilm-206.jpg,2,Rachel Casciano; Zach Soskin
Film/rachelzachfilm-207.jpg,Film,rachelzachfilm-207.jpg,0,
Film/rachelzachfilm-208.jpg,Film,rachelzachfilm-208.jpg,1,Zach Soskin
Film/rachelzachfilm-209.jpg,Film,rachelzachfilm-209.jpg,1,Zach Soskin
Film/rachelzachfilm-210.jpg,Film,rachelzachfilm-210.jpg,0,
Film/rachelzachfilm-211.jpg,Film,rachelzachfilm-211.jpg,2,Rachel Casciano; Zach Soskin
Film/rachelzachfilm-212.jpg,Film,rachelzachfilm-212.jpg,0,
Film/rachelzachfilm-213.jpg,Film,rachelzachfilm-213.jpg,0,
Film/rachelzachfilm-214.jpg,Film,rachelzachfilm-214.jpg,1,Rachel Casciano
Film/rachelzachfilm-215.jpg,Film,rachelzachfilm-215.jpg,1,Rachel Casciano
Film/rachelzachfilm-216.jpg,Film,rachelzachfilm-216.jpg,0,
Film/rachelzachfilm-217.jpg,Film,rachelzachfilm-217.jpg,0,
Film/rachelzachfilm-218.jpg,Film,rachelzachfilm-218.jpg,2,Cogan; Nick Pugs
Film/rachelzachfilm-219.jpg,Film,rachelzachfilm-219.jpg,0,
Film/rachelzachfilm-220.jpg,Film,rachelzachfilm-220.jpg,0,
Film/rachelzachfilm-221.jpg,Film,rachelzachfilm-221.jpg,2,Rachel Casciano; Zach Soskin
Film/rachelzachfilm-222.jpg,Film,rachelzachfilm-222.jpg,0,
Film/rachelzachfilm-223.jpg,Film,rachelzachfilm-223.jpg,0,
Film/rachelzachfilm-224.jpg,Film,rachelzachfilm-224.jpg,0,
Film/rachelzachfilm-225.jpg,Film,rachelzachfilm-225.jpg,1,Rachel Casciano
Film/rachelzachfilm-226.jpg,Film,rachelzachfilm-226.jpg,0,
Film/rachelzachfilm-227.jpg,Film,rachelzachfilm-227.jpg,1,Rachel Casciano
Film/rachelzachfilm-228.jpg,Film,rachelzachfilm-228.jpg,0,
Film/rachelzachfilm-229.jpg,Film,rachelzachfilm-229.jpg,0,
Film/rachelzachfilm-230.jpg,Film,rachelzachfilm-230.jpg,0,
Film/rachelzachfilm-231.jpg,Film,rachelzachfilm-231.jpg,1,Patti
Film/rachelzachfilm-232.jpg,Film,rachelzachfilm-232.jpg,3,Frankie B; Lauren Lurie; Phil Becker
Film/rachelzachfilm-233.jpg,Film,rachelzachfilm-233.jpg,2,Rachel Casciano; Riley
Film/rachelzachfilm-234.jpg,Film,rachelzachfilm-234.jpg,1,Rachel Casciano
Film/rachelzachfilm-235.jpg,Film,rachelzachfilm-235.jpg,2,Dan Casciano; Melanie Casciano
Film/rachelzachfilm-236.jpg,Film,rachelzachfilm-236.jpg,2,Dan Casciano; Melanie Casciano
Film/rachelzachfilm-237.jpg,Film,rachelzachfilm-237.jpg,2,Rachel Casciano; Zach Soskin
Film/rachelzachfilm-238.jpg,Film,rachelzachfilm-238.jpg,2,Rachel Casciano; Zach Soskin
Film/rachelzachfilm-239.jpg,Film,rachelzachfilm-239.jpg,2,Dan Casciano; Melanie Casciano
Film/rachelzachfilm-240.jpg,Film,rachelzachfilm-240.jpg,2,Rachel Casciano; Trelawny
Film/rachelzachfilm-241.jpg,Film,rachelzachfilm-241.jpg,0,
Film/rachelzachfilm-242.jpg,Film,rachelzachfilm-242.jpg,1,Zach Soskin
Film/rachelzachfilm-243.jpg,Film,rachelzachfilm-243.jpg,0,
Film/rachelzachfilm-244.jpg,Film,rachelzachfilm-244.jpg,0,
Film/rachelzachfilm-245.jpg,Film,rachelzachfilm-245.jpg,0,
Film/rachelzachfilm-246.jpg,Film,rachelzachfilm-246.jpg,1,Rachel Casciano
Film/rachelzachfilm-247.jpg,Film,rachelzachfilm-247.jpg,2,Rachel Casciano; Zach Soskin
Film/rachelzachfilm-248.jpg,Film,rachelzachfilm-248.jpg,2,Rachel Casciano; Zach Soskin
Film/rachelzachfilm.jpg,Film,rachelzachfilm.jpg,0,
Friends & Family/rachelzach-424.jpg,Friends & Family,rachelzach-424.jpg,4,Dan Casciano; Melanie Casciano; Rachel Casciano; Zach Soskin
Friends & Family/rachelzach-425.jpg,Friends & Family,rachelzach-425.jpg,4,Dan Casciano; Melanie Casciano; Rachel Casciano; Zach Soskin
Friends & Family/rachelzach-426.jpg,Friends & Family,rachelzach-426.jpg,3,Dan Casciano; Melanie Casciano; Rachel Casciano
Friends & Family/rachelzach-427.jpg,Friends & Family,rachelzach-427.jpg,3,Dan Casciano; Melanie Casciano; Rachel Casciano
Friends & Family/rachelzach-428.jpg,Friends & Family,rachelzach-428.jpg,6,Dan Casciano; Melanie Casciano; Patti; Rachel Casciano; Robbie; Zach Soskin
Friends & Family/rachelzach-429.jpg,Friends & Family,rachelzach-429.jpg,4,Patti; Rachel Casciano; Robbie; Zach Soskin
Friends & Family/rachelzach-430.jpg,Friends & Family,rachelzach-430.jpg,4,Patti; Rachel Casciano; Robbie; Zach Soskin
Friends & Family/rachelzach-431.jpg,Friends & Family,rachelzach-431.jpg,3,Patti; Robbie; Zach Soskin
Friends & Family/rachelzach-432.jpg,Friends & Family,rachelzach-432.jpg,2,Patti; Zach Soskin
Friends & Family/rachelzach-433.jpg,Friends & Family,rachelzach-433.jpg,2,Robbie; Zach Soskin
Friends & Family/rachelzach-434.jpg,Friends & Family,rachelzach-434.jpg,3,Rachel Casciano; Ronald Harris; Zach Soskin
Friends & Family/rachelzach-435.jpg,Friends & Family,rachelzach-435.jpg,5,Patti; Rachel Casciano; Robbie; Ronald Harris; Zach Soskin
Friends & Family/rachelzach-436.jpg,Friends & Family,rachelzach-436.jpg,10,Chad Slomovitz; Jorie; Maddie Slomovitz; Parker; Patti; Rachel Casciano; Riley; Robbie; Stephanie Soskin; Zach Soskin
Friends & Family/rachelzach-437.jpg,Friends & Family,rachelzach-437.jpg,9,Chad Slomovitz; Jorie; Maddie Slomovitz; Parker; Patti; Rachel Casciano; Rylie; Stephanie Soskin; Zach Soskin
Friends & Family/rachelzach-438.jpg,Friends & Family,rachelzach-438.jpg,8,Chad Slomovitz; Jorie; Maddie Slomovitz; Parker; Rachel Casciano; Rylie; Stephanie Soskin; Zach Soskin
Friends & Family/rachelzach-439.jpg,Friends & Family,rachelzach-439.jpg,7,Chad Slomovitz; Jorie; Maddie Slomovitz; Rachel Casciano; Rylie; Stephanie Soskin; Zach Soskin
Friends & Family/rachelzach-440.jpg,Friends & Family,rachelzach-440.jpg,6,Chad Slomovitz; Jorie; Maddie Slomovitz; Rachel Casciano; Stephanie Soskin; Zach Soskin
Friends & Family/rachelzach-441.jpg,Friends & Family,rachelzach-441.jpg,6,Chad Slomovitz; Jorie; Maddie Slomovitz; Rachel Casciano; Stephanie Soskin; Zach Soskin
Friends & Family/rachelzach-442.jpg,Friends & Family,rachelzach-442.jpg,1,Dan Casciano
Friends & Family/rachelzach-444.jpg,Friends & Family,rachelzach-444.jpg,3,Jorie; Maddie Slomovitz; Zach Soskin
Friends & Family/rachelzach-445.jpg,Friends & Family,rachelzach-445.jpg,5,Jorie; Maddie Slomovitz; Patti; Robbie; Zach Soskin
Friends & Family/rachelzach-446.jpg,Friends & Family,rachelzach-446.jpg,1,Jorie
Friends & Family/rachelzach-447.jpg,Friends & Family,rachelzach-447.jpg,10,Kaitlin Burns; Kayla; Kelsey Meyers; Lauren Bond; Maddie Slomovitz; Rachel Casciano; Sally; Stephanie Soskin; Tara; Trelawny
Friends & Family/rachelzach-448.jpg,Friends & Family,rachelzach-448.jpg,6,Kelsey Meyers; Lauren Bond; Maddie Slomovitz; Rachel Casciano; Sally; Trelawny
Friends & Family/rachelzach-450.jpg,Friends & Family,rachelzach-450.jpg,4,Maddie Slomovitz; Rachel Casciano; Sally; Trelawny
Friends & Family/rachelzach-451.jpg,Friends & Family,rachelzach-451.jpg,6,Kelsey Meyers; Lauren Bond; Rachel Casciano; Sally; Stephanie Soskin; Trelawny
Friends & Family/rachelzach-452.jpg,Friends & Family,rachelzach-452.jpg,4,Lauren Bond; Maddie Slomovitz; Rachel Casciano; Sally
Friends & Family/rachelzach-453.jpg,Friends & Family,rachelzach-453.jpg,4,Kelsey Meyers; Lauren Bond; Rachel Casciano; Sally
Friends & Family/rachelzach-454.jpg,Friends & Family,rachelzach-454.jpg,5,Kelsey Meyers; Lauren Bond; Rachel Casciano; Sally; Trelawny
Friends & Family/rachelzach-455.jpg,Friends & Family,rachelzach-455.jpg,5,Kelsey Meyers; Lauren Bond; Maddie Slomovitz; Sally; Tara
Friends & Family/rachelzach-459.jpg,Friends & Family,rachelzach-459.jpg,10,Kaitlin Burns; Kayla; Kelsey Meyers; Lauren Bond; Maddie Slomovitz; Rachel Casciano; Sally; Stephanie Soskin; Tara; Trelawny
Friends & Family/rachelzach-461.jpg,Friends & Family,rachelzach-461.jpg,7,Kayla; Kelsey Meyers; Lauren Bond; Maddie Slomovitz; Rachel Casciano; Sally; Trelawny
Friends & Family/rachelzach-462.jpg,Friends & Family,rachelzach-462.jpg,8,Kayla; Kelsey Meyers; Lauren Bond; Maddie Slomovitz; Rachel Casciano; Sally; Tara; Trelawny
Friends & Family/rachelzach-464.jpg,Friends & Family,rachelzach-464.jpg,10,Kaitlin Burns; Kayla; Kelsey Meyers; Lauren Bond; Maddie Slomovitz; Rachel Casciano; Sally; Stephanie Soskin; Tara; Trelawny
Friends & Family/rachelzach-465.jpg,Friends & Family,rachelzach-465.jpg,0,
Friends & Family/rachelzach-466.jpg,Friends & Family,rachelzach-466.jpg,0,
Friends & Family/rachelzach-467.jpg,Friends & Family,rachelzach-467.jpg,1,Trelawny
Friends & Family/rachelzach-469.jpg,Friends & Family,rachelzach-469.jpg,8,Chad Slomovitz; Jake Lurie; Jorie; Keagen; Kelsey Meyers; Maddie Slomovitz; Phil C; Zach Soskin
Friends & Family/rachelzach-470.jpg,Friends & Family,rachelzach-470.jpg,7,Chad Slomovitz; Kelsey Meyers; Maddie Slomovitz; Phil C; Rachel Casciano; Sally; Tim J
Friends & Family/rachelzach-471.jpg,Friends & Family,rachelzach-471.jpg,6,Adam Stillman; Jorie; Kelsey Meyers; Maddie Slomovitz; Phil C; Trelawny
Friends & Family/rachelzach-472.jpg,Friends & Family,rachelzach-472.jpg,12,Adam Stillman; Chad Slomovitz; Jake Lurie; Jorie; Kayla; Keagen; Kelsey Meyers; Rachel Casciano; Sally; Tim J; Trelawny; Zach Soskin
Friends & Family/rachelzach-473.jpg,Friends & Family,rachelzach-473.jpg,16,Adam Stillman; Chad Slomovitz; J Til; Jake Lurie; Jorie; Kaitlin Burns; Kayla; Keagen; Kelsey Meyers; Lauren Bond; Maddie Slomovitz; Phil C; Rachel Casciano; Sally; Trelawny; Zach Soskin
Friends & Family/rachelzach-474.jpg,Friends & Family,rachelzach-474.jpg,11,Adam Stillman; Chad Slomovitz; Jake Lurie; Kayla; Kelsey Meyers; Maddie Slomovitz; Phil C; Rachel Casciano; Sally; Tim J; Trelawny
Friends & Family/rachelzach-475.jpg,Friends & Family,rachelzach-475.jpg,12,Adam Stillman; Jake Lurie; Jorie; Kayla; Kelsey Meyers; Maddie Slomovitz; Phil C; Rachel Casciano; Sally; Tim J; Trelawny; Zach Soskin
Friends & Family/rachelzach-476.jpg,Friends & Family,rachelzach-476.jpg,6,Kayla; Keagen; Maddie Slomovitz; Sally; Tim J; Trelawny
Friends & Family/rachelzach-477.jpg,Friends & Family,rachelzach-477.jpg,13,Adam Stillman; Chad Slomovitz; Jake Lurie; Kayla; Keagen; Kelsey Meyers; Lauren Bond; Maddie Slomovitz; Phil C; Sally; Tara; Tim J; Trelawny
Friends & Family/rachelzach-478.jpg,Friends & Family,rachelzach-478.jpg,10,Chad Slomovitz; Kayla; Keagen; Kelsey Meyers; Maddie Slomovitz; Phil C; Sally; Tara; Tim J; Trelawny
Friends & Family/rachelzach-479.jpg,Friends & Family,rachelzach-479.jpg,2,J Til; Tim J
Friends & Family/rachelzach-480.jpg,Friends & Family,rachelzach-480.jpg,13,Adam Stillman; Chad Slomovitz; J Til; Jake Lurie; Jorie; Keagen; Maddie Slomovitz; Phil C; Rachel Casciano; Sally; Stephanie Soskin; Tim J; Trelawny
Friends & Family/rachelzach-481.jpg,Friends & Family,rachelzach-481.jpg,11,Adam Stillman; Chad Slomovitz; J Til; Jake Lurie; Jeffry Lurie; Jorie; Keagen; Phil C; Rachel Casciano; Tim J; Zach Soskin
Friends & Family/rachelzach-482.jpg,Friends & Family,rachelzach-482.jpg,11,Adam Stillman; Chad Slomovitz; J Til; Jake Lurie; Jeffry Lurie; Jorie; Keagen; Phil C; Rachel Casciano; Tim J; Zach Soskin
Friends & Family/rachelzach-483.jpg,Friends & Family,rachelzach-483.jpg,8,Adam Stillman; Chad Slomovitz; J Til; Jake Lurie; Keagen; Phil C; Tim J; Zach Soskin
Friends & Family/rachelzach-484.jpg,Friends & Family,rachelzach-484.jpg,10,Adam Stillman; Chad Slomovitz; J Til; Jake Lurie; Jeffry Lurie; Jorie; Keagen; Phil C; Tim J; Zach Soskin
Friends & Family/rachelzach-485.jpg,Friends & Family,rachelzach-485.jpg,9,Adam Stillman; Chad Slomovitz; J Til; Jake Lurie; Jeffry Lurie; Jorie; Keagen; Tim J; Zach Soskin
Friends & Family/rachelzach-486.jpg,Friends & Family,rachelzach-486.jpg,9,Chad Slomovitz; J Til; Jake Lurie; Jeffry Lurie; Jorie; Keagen; Phil C; Tim J; Zach Soskin
Friends & Family/rachelzach-487.jpg,Friends & Family,rachelzach-487.jpg,7,Chad Slomovitz; Jake Lurie; Jeffry Lurie; Jorie; Phil C; Tim J; Zach Soskin
Friends & Family/rachelzach-489.jpg,Friends & Family,rachelzach-489.jpg,3,Phil C; Rachel Casciano; Zach Soskin
Friends & Family/rachelzach-490.jpg,Friends & Family,rachelzach-490.jpg,0,
Friends & Family/rachelzach-491.jpg,Friends & Family,rachelzach-491.jpg,2,Phil C; Rachel Casciano
Friends & Family/rachelzach-492.jpg,Friends & Family,rachelzach-492.jpg,2,Phil C; Rachel Casciano
Getting Ready/rachelzach-2.jpg,Getting Ready,rachelzach-2.jpg,0,
Getting Ready/rachelzach-3.jpg,Getting Ready,rachelzach-3.jpg,0,
Getting Ready/rachelzach-4.jpg,Getting Ready,rachelzach-4.jpg,1,Rachel Casciano
Getting Ready/rachelzach-5.jpg,Getting Ready,rachelzach-5.jpg,2,Kayla; Rachel Casciano
Getting Ready/rachelzach-6.jpg,Getting Ready,rachelzach-6.jpg,2,Kayla; Rachel Casciano
Getting Ready/rachelzach-7.jpg,Getting Ready,rachelzach-7.jpg,0,
Getting Ready/rachelzach-8.jpg,Getting Ready,rachelzach-8.jpg,1,Rachel Casciano
Getting Ready/rachelzach-9.jpg,Getting Ready,rachelzach-9.jpg,1,Sally
Getting Ready/rachelzach-10.jpg,Getting Ready,rachelzach-10.jpg,1,Kelsey Meyers
Getting Ready/rachelzach-11.jpg,Getting Ready,rachelzach-11.jpg,0,
Getting Ready/rachelzach-12.jpg,Getting Ready,rachelzach-12.jpg,0,
Getting Ready/rachelzach-13.jpg,Getting Ready,rachelzach-13.jpg,0,
Getting Ready/rachelzach-14.jpg,Getting Ready,rachelzach-14.jpg,10,Kaitlin Burns; Kayla; Kelsey Meyers; Lauren Bond; Maddie Slomovitz; Rachel Casciano; Sally; Stephanie Soskin; Tara; Trelawny
Getting Ready/rachelzach-15.jpg,Getting Ready,rachelzach-15.jpg,8,Kaitlin Burns; Kayla; Kelsey Meyers; Lauren Bond; Rachel Casciano; Sally; Tara; Trelawny
Getting Ready/rachelzach-16.jpg,Getting Ready,rachelzach-16.jpg,8,Kaitlin Burns; Kayla; Kelsey Meyers; Lauren Bond; Rachel Casciano; Sally; Tara; Trelawny
Getting Ready/rachelzach-17.jpg,Getting Ready,rachelzach-17.jpg,8,Kaitlin Burns; Kayla; Kelsey Meyers; Lauren Bond; Rachel Casciano; Sally; Tara; Trelawny
Getting Ready/rachelzach-18.jpg,Getting Ready,rachelzach-18.jpg,0,
Getting Ready/rachelzach-19.jpg,Getting Ready,rachelzach-19.jpg,1,Phil C
Getting Ready/rachelzach-20.jpg,Getting Ready,rachelzach-20.jpg,1,J Til
Getting Ready/rachelzach-21.jpg,Getting Ready,rachelzach-21.jpg,0,
Getting Ready/rachelzach-22.jpg,Getting Ready,rachelzach-22.jpg,1,Melanie Casciano
Getting Ready/rachelzach-23.jpg,Getting Ready,rachelzach-23.jpg,2,Melanie Casciano; Rachel Casciano
Getting Ready/rachelzach-24.jpg,Getting Ready,rachelzach-24.jpg,1,Rachel Casciano
Getting Ready/rachelzach-25.jpg,Getting Ready,rachelzach-25.jpg,1,Rachel Casciano
Getting Ready/rachelzach-26.jpg,Getting Ready,rachelzach-26.jpg,1,Rachel Casciano
Getting Ready/rachelzach-27.jpg,Getting Ready,rachelzach-27.jpg,1,Tim J
Getting Ready/rachelzach-28.jpg,Getting Ready,rachelzach-28.jpg,2,Melanie Casciano; Rachel Casciano
Getting Ready/rachelzach-29.jpg,Getting Ready,rachelzach-29.jpg,3,Kelsey Meyers; Melanie Casciano; Rachel Casciano
Getting Ready/rachelzach-30.jpg,Getting Ready,rachelzach-30.jpg,3,Kelsey Meyers; Melanie Casciano; Rachel Casciano
Getting Ready/rachelzach-31.jpg,Getting Ready,rachelzach-31.jpg,0,
Getting Ready/rachelzach-32.jpg,Getting Ready,rachelzach-32.jpg,0,
Getting Ready/rachelzach-33.jpg,Getting Ready,rachelzach-33.jpg,0,
Getting Ready/rachelzach-34.jpg,Getting Ready,rachelzach-34.jpg,1,Rachel Casciano
Getting Ready/rachelzach-35.jpg,Getting Ready,rachelzach-35.jpg,1,Rachel Casciano
Getting Ready/rachelzach-36.jpg,Getting Ready,rachelzach-36.jpg,1,Rachel Casciano
Getting Ready/rachelzach-37.jpg,Getting Ready,rachelzach-37.jpg,1,Rachel Casciano
Getting Ready/rachelzach-38.jpg,Getting Ready,rachelzach-38.jpg,1,Rachel Casciano
Getting Ready/rachelzach-39.jpg,Getting Ready,rachelzach-39.jpg,9,Kaitlin Burns; Kayla; Kelsey Meyers; Lauren Bond; Maddie Slomovitz; Sally; Stephanie Soskin; Tara; Trelawny
Getting Ready/rachelzach-40.jpg,Getting Ready,rachelzach-40.jpg,9,Kaitlin Burns; Kayla; Kelsey Meyers; Lauren Bond; Maddie Slomovitz; Sally; Stephanie Soskin; Tara; Trelawny
Getting Ready/rachelzach-41.jpg,Getting Ready,rachelzach-41.jpg,8,Kaitlin Burns; Kayla; Kelsey Meyers; Maddie Slomovitz; Sally; Stephanie Soskin; Tara; Trelawny
Getting Ready/rachelzach-42.jpg,Getting Ready,rachelzach-42.jpg,7,Kaitlin Burns; Kayla; Kelsey Meyers; Lauren Bond; Maddie Slomovitz; Stephanie Soskin; Trelawny
Getting Ready/rachelzach-43.jpg,Getting Ready,rachelzach-43.jpg,7,Kaitlin Burns; Kayla; Kelsey Meyers; Maddie Slomovitz; Rachel Casciano; Tara; Trelawny
Getting Ready/rachelzach-44.jpg,Getting Ready,rachelzach-44.jpg,6,Kaitlin Burns; Kayla; Kelsey Meyers; Rachel Casciano; Tara; Trelawny
Getting Ready/rachelzach-45.jpg,Getting Ready,rachelzach-45.jpg,5,Kaitlin Burns; Kayla; Sally; Tara; Trelawny
Getting Ready/rachelzach-46.jpg,Getting Ready,rachelzach-46.jpg,5,Kaitlin Burns; Kayla; Maddie Slomovitz; Stephanie Soskin; Tara
Getting Ready/rachelzach-47.jpg,Getting Ready,rachelzach-47.jpg,4,Kaitlin Burns; Kayla; Stephanie Soskin; Trelawny
Getting Ready/rachelzach-48.jpg,Getting Ready,rachelzach-48.jpg,2,J Til; Phil C
Getting Ready/rachelzach-49.jpg,Getting Ready,rachelzach-49.jpg,1,Zach Soskin
Getting Ready/rachelzach-50.jpg,Getting Ready,rachelzach-50.jpg,1,Zach Soskin
Getting Ready/rachelzach-51.jpg,Getting Ready,rachelzach-51.jpg,2,Patti; Rachel Casciano
Getting Ready/rachelzach-52.jpg,Getting Ready,rachelzach-52.jpg,1,Zach Soskin
Getting Ready/rachelzach-53.jpg,Getting Ready,rachelzach-53.jpg,1,Zach Soskin
Getting Ready/rachelzach-54.jpg,Getting Ready,rachelzach-54.jpg,3,Melanie Casciano; Patti; Rachel Casciano
Getting Ready/rachelzach-55.jpg,Getting Ready,rachelzach-55.jpg,2,Melanie Casciano; Rachel Casciano
Getting Ready/rachelzach-56.jpg,Getting Ready,rachelzach-56.jpg,2,Kelsey Meyers; Rachel Casciano
Getting Ready/rachelzach-57.jpg,Getting Ready,rachelzach-57.jpg,2,Kelsey Meyers; Rachel Casciano
Getting Ready/rachelzach-58.jpg,Getting Ready,rachelzach-58.jpg,0,
Getting Ready/rachelzach-59.jpg,Getting Ready,rachelzach-59.jpg,2,Maddie Slomovitz; Rachel Casciano
Getting Ready/rachelzach-60.jpg,Getting Ready,rachelzach-60.jpg,3,Maddie Slomovitz; Rachel Casciano; Stephanie Soskin
Getting Ready/rachelzach-61.jpg,Getting Ready,rachelzach-61.jpg,1,Patti
Getting Ready/rachelzach-62.jpg,Getting Ready,rachelzach-62.jpg,2,Patti; Robbie
Getting Ready/rachelzach-63.jpg,Getting Ready,rachelzach-63.jpg,2,Patti; Robbie
Getting Ready/rachelzach-64.jpg,Getting Ready,rachelzach-64.jpg,1,Patti
Getting Ready/rachelzach-65.jpg,Getting Ready,rachelzach-65.jpg,1,Patti
Getting Ready/rachelzach.jpg,Getting Ready,rachelzach.jpg,0,
Reception/rachelzach-654.jpg,Reception,rachelzach-654.jpg,1,Rachel Casciano
Reception/rachelzach-655.jpg,Reception,rachelzach-655.jpg,1,Rachel Casciano
Reception/rachelzach-656.jpg,Reception,rachelzach-656.jpg,1,Zach Soskin
Reception/rachelzach-657.jpg,Reception,rachelzach-657.jpg,0,
Reception/rachelzach-658.jpg,Reception,rachelzach-658.jpg,0,
Reception/rachelzach-659.jpg,Reception,rachelzach-659.jpg,1,Zach Soskin
Reception/rachelzach-660.jpg,Reception,rachelzach-660.jpg,1,Zach Soskin
Reception/rachelzach-661.jpg,Reception,rachelzach-661.jpg,0,
Reception/rachelzach-662.jpg,Reception,rachelzach-662.jpg,1,Zach Soskin
Reception/rachelzach-663.jpg,Reception,rachelzach-663.jpg,1,Zach Soskin
Reception/rachelzach-664.jpg,Reception,rachelzach-664.jpg,1,Zach Soskin
Reception/rachelzach-665.jpg,Reception,rachelzach-665.jpg,0,
Reception/rachelzach-666.jpg,Reception,rachelzach-666.jpg,0,
Reception/rachelzach-667.jpg,Reception,rachelzach-667.jpg,1,Zach Soskin
Reception/rachelzach-668.jpg,Reception,rachelzach-668.jpg,0,
Reception/rachelzach-669.jpg,Reception,rachelzach-669.jpg,1,Rachel Casciano
Reception/rachelzach-670.jpg,Reception,rachelzach-670.jpg,1,Zach Soskin
Reception/rachelzach-671.jpg,Reception,rachelzach-671.jpg,1,Tim J
Reception/rachelzach-672.jpg,Reception,rachelzach-672.jpg,0,
Reception/rachelzach-673.jpg,Reception,rachelzach-673.jpg,0,
Reception/rachelzach-674.jpg,Reception,rachelzach-674.jpg,0,
Reception/rachelzach-675.jpg,Reception,rachelzach-675.jpg,1,Zach Soskin
Reception/rachelzach-676.jpg,Reception,rachelzach-676.jpg,0,
Reception/rachelzach-677.jpg,Reception,rachelzach-677.jpg,0,
Reception/rachelzach-678.jpg,Reception,rachelzach-678.jpg,2,Kaitlin Burns; Rachel Casciano
Reception/rachelzach-679.jpg,Reception,rachelzach-679.jpg,1,Rachel Casciano
Reception/rachelzach-680.jpg,Reception,rachelzach-680.jpg,1,Rachel Casciano
Reception/rachelzach-681.jpg,Reception,rachelzach-681.jpg,1,Rachel Casciano
Reception/rachelzach-682.jpg,Reception,rachelzach-682.jpg,2,Keagen; Zach Soskin
Reception/rachelzach-683.jpg,Reception,rachelzach-683.jpg,1,Nate O
Reception/rachelzach-684.jpg,Reception,rachelzach-684.jpg,2,Keagen; Lauren Bond
Reception/rachelzach-685.jpg,Reception,rachelzach-685.jpg,3,Nick Pugs; Rachel Casciano; Robbie
Reception/rachelzach-686.jpg,Reception,rachelzach-686.jpg,4,Chad Slomovitz; Nick Pugs; Patti; Rachel Casciano
Reception/rachelzach-687.jpg,Reception,rachelzach-687.jpg,3,Jorie; Patti; Spencer Soltman
Reception/rachelzach-688.jpg,Reception,rachelzach-688.jpg,0,
Reception/rachelzach-689.jpg,Reception,rachelzach-689.jpg,1,Bryant
Reception/rachelzach-690.jpg,Reception,rachelzach-690.jpg,3,Bryant; Kayla; Spencer Soltman
Reception/rachelzach-691.jpg,Reception,rachelzach-691.jpg,1,Kayla
Reception/rachelzach-692.jpg,Reception,rachelzach-692.jpg,4,Chad Slomovitz; Cogan; pa; Stephanie Soskin
Reception/rachelzach-693.jpg,Reception,rachelzach-693.jpg,1,Riley
Reception/rachelzach-694.jpg,Reception,rachelzach-694.jpg,1,Meg
Reception/rachelzach-695.jpg,Reception,rachelzach-695.jpg,2,Bryant; Nate O
Reception/rachelzach-696.jpg,Reception,rachelzach-696.jpg,0,
Reception/rachelzach-697.jpg,Reception,rachelzach-697.jpg,6,Chris N; Frankie B; Jake Lurie; Jeffry Lurie; Lauren Lurie; Zach Soskin
Reception/rachelzach-698.jpg,Reception,rachelzach-698.jpg,1,Zach Soskin
Reception/rachelzach-699.jpg,Reception,rachelzach-699.jpg,1,Maddie Slomovitz
Reception/rachelzach-700.jpg,Reception,rachelzach-700.jpg,3,Maddie Slomovitz; Patti; Zach Soskin
Reception/rachelzach-701.jpg,Reception,rachelzach-701.jpg,2,Chad Slomovitz; Rachel Casciano
Reception/rachelzach-702.jpg,Reception,rachelzach-702.jpg,4,Maddie Slomovitz; Rachel Casciano; Robbie; Zach Soskin
Reception/rachelzach-703.jpg,Reception,rachelzach-703.jpg,2,Maddie Slomovitz; Patti
Reception/rachelzach-704.jpg,Reception,rachelzach-704.jpg,1,Zach Soskin
Reception/rachelzach-705.jpg,Reception,rachelzach-705.jpg,1,Riley
Reception/rachelzach-706.jpg,Reception,rachelzach-706.jpg,0,
Reception/rachelzach-707.jpg,Reception,rachelzach-707.jpg,1,Rachel Casciano
Reception/rachelzach-708.jpg,Reception,rachelzach-708.jpg,0,
Reception/rachelzach-709.jpg,Reception,rachelzach-709.jpg,1,Zach Soskin
Reception/rachelzach-710.jpg,Reception,rachelzach-710.jpg,3,Aly Gilboa; Keagen; Maddie Slomovitz
Reception/rachelzach-711.jpg,Reception,rachelzach-711.jpg,2,Jeffry Lurie; Riley
Reception/rachelzach-712.jpg,Reception,rachelzach-712.jpg,2,Jeffry Lurie; Maddie Channess
Reception/rachelzach-713.jpg,Reception,rachelzach-713.jpg,2,Maddie Channess; Nate O
Reception/rachelzach-714.jpg,Reception,rachelzach-714.jpg,3,Keagen; Lauren Bond; Nate O
Reception/rachelzach-715.jpg,Reception,rachelzach-715.jpg,1,Adam Lynn
Reception/rachelzach-716.jpg,Reception,rachelzach-716.jpg,1,Zach Soskin
Reception/rachelzach-717.jpg,Reception,rachelzach-717.jpg,1,Lindsey Miller
Reception/rachelzach-718.jpg,Reception,rachelzach-718.jpg,0,
Reception/rachelzach-719.jpg,Reception,rachelzach-719.jpg,2,Parker; Stephanie Soskin
Reception/rachelzach-720.jpg,Reception,rachelzach-720.jpg,1,Parker
Reception/rachelzach-721.jpg,Reception,rachelzach-721.jpg,3,Jorie; Parker; Stephanie Soskin
Reception/rachelzach-722.jpg,Reception,rachelzach-722.jpg,3,Frankie B; Parker; Stephanie Soskin
Reception/rachelzach-723.jpg,Reception,rachelzach-723.jpg,5,Adam Lynn; Charlie Weisman; Jorie; Parker; Riley
Reception/rachelzach-724.jpg,Reception,rachelzach-724.jpg,1,Todd Lurie
Reception/rachelzach-725.jpg,Reception,rachelzach-725.jpg,2,Charlie Weisman; Patti
Reception/rachelzach-726.jpg,Reception,rachelzach-726.jpg,3,Jeffry Lurie; Jorie; Parker
Reception/rachelzach-727.jpg,Reception,rachelzach-727.jpg,7,Adam Lynn; Charlie Weisman; Frankie B; Jorie; Nick Pugs; Parker; Rachel Casciano
Reception/rachelzach-728.jpg,Reception,rachelzach-728.jpg,8,Adam Lynn; Charlie Weisman; Jeffry Lurie; Jorie; Maddie Channess; Maddie Slomovitz; Nick Pugs; Zach Soskin
Reception/rachelzach-729.jpg,Reception,rachelzach-729.jpg,6,Charlie Weisman; Jeffry Lurie; Jorie; Maddie Channess; Parker; Zach Soskin
Reception/rachelzach-730.jpg,Reception,rachelzach-730.jpg,1,Charlie Weisman
Reception/rachelzach-731.jpg,Reception,rachelzach-731.jpg,2,Jorie; Parker
Reception/rachelzach-732.jpg,Reception,rachelzach-732.jpg,3,Charlie Weisman; Parker; Rachel Casciano
Reception/rachelzach-733.jpg,Reception,rachelzach-733.jpg,2,Charlie Weisman; Rachel Casciano
Reception/rachelzach-734.jpg,Reception,rachelzach-734.jpg,1,Tim J
Reception/rachelzach-735.jpg,Reception,rachelzach-735.jpg,0,
Reception/rachelzach-736.jpg,Reception,rachelzach-736.jpg,0,
Reception/rachelzach-737.jpg,Reception,rachelzach-737.jpg,1,Zach Soskin
Reception/rachelzach-738.jpg,Reception,rachelzach-738.jpg,0,
Reception/rachelzach-739.jpg,Reception,rachelzach-739.jpg,3,Bryant; Cogan; Daniel Shin
Reception/rachelzach-740.jpg,Reception,rachelzach-740.jpg,0,
Reception/rachelzach-741.jpg,Reception,rachelzach-741.jpg,2,Rachel Casciano; Zach Soskin
Reception/rachelzach-742.jpg,Reception,rachelzach-742.jpg,2,Rachel Casciano; Zach Soskin
Reception/rachelzach-743.jpg,Reception,rachelzach-743.jpg,1,Zach Soskin
Reception/rachelzach-744.jpg,Reception,rachelzach-744.jpg,0,
Reception/rachelzach-745.jpg,Reception,rachelzach-745.jpg,0,
Reception/rachelzach-746.jpg,Reception,rachelzach-746.jpg,1,Riley
Reception/rachelzach-747.jpg,Reception,rachelzach-747.jpg,0,
Reception/rachelzach-748.jpg,Reception,rachelzach-748.jpg,0,
Reception/rachelzach-749.jpg,Reception,rachelzach-749.jpg,1,Zach Soskin
Reception/rachelzach-750.jpg,Reception,rachelzach-750.jpg,0,
Reception/rachelzach-751.jpg,Reception,rachelzach-751.jpg,0,
Reception/rachelzach-752.jpg,Reception,rachelzach-752.jpg,1,Kelsey Meyers
Reception/rachelzach-753.jpg,Reception,rachelzach-753.jpg,0,
Reception/rachelzach-754.jpg,Reception,rachelzach-754.jpg,1,Taylor Noyer
Reception/rachelzach-755.jpg,Reception,rachelzach-755.jpg,1,Cogan
Reception/rachelzach-756.jpg,Reception,rachelzach-756.jpg,0,
Reception/rachelzach-757.jpg,Reception,rachelzach-757.jpg,0,
Reception/rachelzach-758.jpg,Reception,rachelzach-758.jpg,0,
Reception/rachelzach-813.jpg,Reception,rachelzach-813.jpg,0,
Reception/rachelzach-814.jpg,Reception,rachelzach-814.jpg,0,
Reception/rachelzach-815.jpg,Reception,rachelzach-815.jpg,0,
Reception/rachelzach-816.jpg,Reception,rachelzach-816.jpg,1,Abe Burton
Reception/rachelzach-817.jpg,Reception,rachelzach-817.jpg,0,
Reception/rachelzach-818.jpg,Reception,rachelzach-818.jpg,0,
Reception/rachelzach-819.jpg,Reception,rachelzach-819.jpg,1,Parker
Reception/rachelzach-820.jpg,Reception,rachelzach-820.jpg,2,Erik; Morgan
Reception/rachelzach-821.jpg,Reception,rachelzach-821.jpg,1,Phil C
Reception/rachelzach-822.jpg,Reception,rachelzach-822.jpg,1,Spencer Soltman
Reception/rachelzach-823.jpg,Reception,rachelzach-823.jpg,2,Dubov; Nick Pugs
Reception/rachelzach-824.jpg,Reception,rachelzach-824.jpg,1,Parker
Reception/rachelzach-825.jpg,Reception,rachelzach-825.jpg,1,Matt
Reception/rachelzach-826.jpg,Reception,rachelzach-826.jpg,1,Matt
Reception/rachelzach-827.jpg,Reception,rachelzach-827.jpg,0,
Reception/rachelzach-828.jpg,Reception,rachelzach-828.jpg,1,Zach Soskin
Reception/rachelzach-829.jpg,Reception,rachelzach-829.jpg,3,Alex Muecke; Nate O; Zach Soskin
Reception/rachelzach-830.jpg,Reception,rachelzach-830.jpg,1,Sam Soskin
Reception/rachelzach-831.jpg,Reception,rachelzach-831.jpg,3,Alex Muecke; Erik; Zach Soskin
Reception/rachelzach-832.jpg,Reception,rachelzach-832.jpg,2,Dan Casciano; Melanie Casciano
Reception/rachelzach-833.jpg,Reception,rachelzach-833.jpg,0,
Reception/rachelzach-834.jpg,Reception,rachelzach-834.jpg,2,Dan Casciano; Melanie Casciano
Reception/rachelzach-835.jpg,Reception,rachelzach-835.jpg,1,Phil Quist
Reception/rachelzach-836.jpg,Reception,rachelzach-836.jpg,2,Dan Casciano; Melanie Casciano
Reception/rachelzach-837.jpg,Reception,rachelzach-837.jpg,0,
Reception/rachelzach-838.jpg,Reception,rachelzach-838.jpg,2,Dan Casciano; Melanie Casciano
Reception/rachelzach-839.jpg,Reception,rachelzach-839.jpg,2,Rachel Casciano; Zach Soskin
Reception/rachelzach-840.jpg,Reception,rachelzach-840.jpg,0,
Reception/rachelzach-841.jpg,Reception,rachelzach-841.jpg,1,Maddie Slomovitz
Reception/rachelzach-842.jpg,Reception,rachelzach-842.jpg,1,Rachel Casciano
Reception/rachelzach-843.jpg,Reception,rachelzach-843.jpg,1,Rachel Casciano
Reception/rachelzach-844.jpg,Reception,rachelzach-844.jpg,1,Lauren Bond
Reception/rachelzach-845.jpg,Reception,rachelzach-845.jpg,2,Dan Casciano; Melanie Casciano
Reception/rachelzach-846.jpg,Reception,rachelzach-846.jpg,0,
Reception/rachelzach-847.jpg,Reception,rachelzach-847.jpg,4,Adam Brown; Kaitlin Burns; SCOTT L; Tara
Reception/rachelzach-848.jpg,Reception,rachelzach-848.jpg,1,Kelsey Meyers
Reception/rachelzach-849.jpg,Reception,rachelzach-849.jpg,2,Adi; Brendan
Reception/rachelzach-850.jpg,Reception,rachelzach-850.jpg,1,Rachel Casciano
Reception/rachelzach-851.jpg,Reception,rachelzach-851.jpg,2,Rachel Casciano; Zach Soskin
Reception/rachelzach-852.jpg,Reception,rachelzach-852.jpg,0,
Reception/rachelzach-853.jpg,Reception,rachelzach-853.jpg,1,Nick Pugs
Reception/rachelzach-854.jpg,Reception,rachelzach-854.jpg,2,Dan Casciano; Melanie Casciano
Reception/rachelzach-855.jpg,Reception,rachelzach-855.jpg,2,Maddie Channess; Tim J
Reception/rachelzach-856.jpg,Reception,rachelzach-856.jpg,1,Robbie
Reception/rachelzach-857.jpg,Reception,rachelzach-857.jpg,2,Rachel Casciano; Zach Soskin
Reception/rachelzach-858.jpg,Reception,rachelzach-858.jpg,2,Rachel Casciano; Zach Soskin
Reception/rachelzach-859.jpg,Reception,rachelzach-859.jpg,2,Rachel Casciano; Zach Soskin
Reception/rachelzach-860.jpg,Reception,rachelzach-860.jpg,2,Rachel Casciano; Zach Soskin
Reception/rachelzach-861.jpg,Reception,rachelzach-861.jpg,2,Rachel Casciano; Zach Soskin
Reception/rachelzach-862.jpg,Reception,rachelzach-862.jpg,0,
Reception/rachelzach-863.jpg,Reception,rachelzach-863.jpg,0,
Reception/rachelzach-864.jpg,Reception,rachelzach-864.jpg,0,
Reception/rachelzach-865.jpg,Reception,rachelzach-865.jpg,0,
Reception/rachelzach-866.jpg,Reception,rachelzach-866.jpg,0,
Reception/rachelzach-867.jpg,Reception,rachelzach-867.jpg,2,Dan Casciano; Melanie Casciano
Reception/rachelzach-868.jpg,Reception,rachelzach-868.jpg,1,Sean Morse
Reception/rachelzach-869.jpg,Reception,rachelzach-869.jpg,2,Kayla; Sean Morse
Reception/rachelzach-870.jpg,Reception,rachelzach-870.jpg,0,
Reception/rachelzach-871.jpg,Reception,rachelzach-871.jpg,0,
Reception/rachelzach-872.jpg,Reception,rachelzach-872.jpg,0,
Reception/rachelzach-873.jpg,Reception,rachelzach-873.jpg,0,
Reception/rachelzach-874.jpg,Reception,rachelzach-874.jpg,0,
Reception/rachelzach-875.jpg,Reception,rachelzach-875.jpg,0,
Reception/rachelzach-876.jpg,Reception,rachelzach-876.jpg,0,
Reception/rachelzach-877.jpg,Reception,rachelzach-877.jpg,0,
Reception/rachelzach-878.jpg,Reception,rachelzach-878.jpg,0,
Reception/rachelzach-879.jpg,Reception,rachelzach-879.jpg,1,Parker
Reception/rachelzach-880.jpg,Reception,rachelzach-880.jpg,3,Bryant; Kayla; Sean Morse
Reception/rachelzach-881.jpg,Reception,rachelzach-881.jpg,2,Dan Casciano; Melanie Casciano
Reception/rachelzach-882.jpg,Reception,rachelzach-882.jpg,3,Dubov; Kayla; Nick Pugs
Reception/rachelzach-883.jpg,Reception,rachelzach-883.jpg,1,Robbie
Reception/rachelzach-884.jpg,Reception,rachelzach-884.jpg,0,
Reception/rachelzach-885.jpg,Reception,rachelzach-885.jpg,1,Patti
Reception/rachelzach-886.jpg,Reception,rachelzach-886.jpg,1,Adi
Reception/rachelzach-887.jpg,Reception,rachelzach-887.jpg,0,
Reception/rachelzach-888.jpg,Reception,rachelzach-888.jpg,2,Dan Casciano; Melanie Casciano
Reception/rachelzach-889.jpg,Reception,rachelzach-889.jpg,2,Rachel Casciano; Zach Soskin
Reception/rachelzach-890.jpg,Reception,rachelzach-890.jpg,3,Kelsey Meyers; Patti; Robbie
Reception/rachelzach-891.jpg,Reception,rachelzach-891.jpg,2,Adam Brown; Lars
Reception/rachelzach-892.jpg,Reception,rachelzach-892.jpg,0,
Reception/rachelzach-893.jpg,Reception,rachelzach-893.jpg,0,
Reception/rachelzach-894.jpg,Reception,rachelzach-894.jpg,0,
Reception/rachelzach-895.jpg,Reception,rachelzach-895.jpg,0,
Reception/rachelzach-896.jpg,Reception,rachelzach-896.jpg,1,Dan Casciano
Reception/rachelzach-897.jpg,Reception,rachelzach-897.jpg,1,Dan Casciano
Reception/rachelzach-898.jpg,Reception,rachelzach-898.jpg,0,
Reception/rachelzach-899.jpg,Reception,rachelzach-899.jpg,1,Rachel Casciano
Reception/rachelzach-900.jpg,Reception,rachelzach-900.jpg,1,Zach Soskin
Reception/rachelzach-901.jpg,Reception,rachelzach-901.jpg,2,Dan Casciano; Rachel Casciano
Reception/rachelzach-902.jpg,Reception,rachelzach-902.jpg,1,Rachel Casciano
Reception/rachelzach-903.jpg,Reception,rachelzach-903.jpg,1,Zach Soskin
Reception/rachelzach-904.jpg,Reception,rachelzach-904.jpg,1,Rachel Casciano
Reception/rachelzach-905.jpg,Reception,rachelzach-905.jpg,1,Rachel Casciano
Reception/rachelzach-906.jpg,Reception,rachelzach-906.jpg,1,Rachel Casciano
Reception/rachelzach-907.jpg,Reception,rachelzach-907.jpg,2,Dan Casciano; Rachel Casciano
Reception/rachelzach-908.jpg,Reception,rachelzach-908.jpg,1,Rachel Casciano
Reception/rachelzach-909.jpg,Reception,rachelzach-909.jpg,1,Rachel Casciano
Reception/rachelzach-910.jpg,Reception,rachelzach-910.jpg,1,Rachel Casciano
Reception/rachelzach-911.jpg,Reception,rachelzach-911.jpg,1,Rachel Casciano
Reception/rachelzach-912.jpg,Reception,rachelzach-912.jpg,1,Rachel Casciano
Reception/rachelzach-913.jpg,Reception,rachelzach-913.jpg,1,Dan Casciano
Reception/rachelzach-914.jpg,Reception,rachelzach-914.jpg,1,Dan Casciano
Reception/rachelzach-915.jpg,Reception,rachelzach-915.jpg,1,Rachel Casciano
Reception/rachelzach-916.jpg,Reception,rachelzach-916.jpg,2,Dan Casciano; Rachel Casciano
Reception/rachelzach-917.jpg,Reception,rachelzach-917.jpg,1,Rachel Casciano
Reception/rachelzach-918.jpg,Reception,rachelzach-918.jpg,1,Dan Casciano
Reception/rachelzach-919.jpg,Reception,rachelzach-919.jpg,0,
Reception/rachelzach-920.jpg,Reception,rachelzach-920.jpg,0,
Reception/rachelzach-921.jpg,Reception,rachelzach-921.jpg,1,Zach Soskin
Reception/rachelzach-922.jpg,Reception,rachelzach-922.jpg,0,
Reception/rachelzach-923.jpg,Reception,rachelzach-923.jpg,1,Rachel Casciano
Reception/rachelzach-924.jpg,Reception,rachelzach-924.jpg,1,Zach Soskin
Reception/rachelzach-925.jpg,Reception,rachelzach-925.jpg,1,Patti
Reception/rachelzach-926.jpg,Reception,rachelzach-926.jpg,0,
Reception/rachelzach-927.jpg,Reception,rachelzach-927.jpg,1,Zach Soskin
Reception/rachelzach-928.jpg,Reception,rachelzach-928.jpg,2,Patti; Zach Soskin
Reception/rachelzach-929.jpg,Reception,rachelzach-929.jpg,0,
Reception/rachelzach-930.jpg,Reception,rachelzach-930.jpg,1,Zach Soskin
Reception/rachelzach-931.jpg,Reception,rachelzach-931.jpg,2,Patti; Zach Soskin
Reception Details/rachelzach-509.jpg,Reception Details,rachelzach-509.jpg,0,
Reception Details/rachelzach-510.jpg,Reception Details,rachelzach-510.jpg,0,
Reception Details/rachelzach-511.jpg,Reception Details,rachelzach-511.jpg,0,
Reception Details/rachelzach-512.jpg,Reception Details,rachelzach-512.jpg,0,
Reception Details/rachelzach-513.jpg,Reception Details,rachelzach-513.jpg,0,
Reception Details/rachelzach-514.jpg,Reception Details,rachelzach-514.jpg,0,
Reception Details/rachelzach-517.jpg,Reception Details,rachelzach-517.jpg,0,
Reception Details/rachelzach-518.jpg,Reception Details,rachelzach-518.jpg,0,
Reception Details/rachelzach-519.jpg,Reception Details,rachelzach-519.jpg,0,
Reception Details/rachelzach-520.jpg,Reception Details,rachelzach-520.jpg,0,
Reception Details/rachelzach-521.jpg,Reception Details,rachelzach-521.jpg,0,
Reception Details/rachelzach-522.jpg,Reception Details,rachelzach-522.jpg,0,
Reception Details/rachelzach-523.jpg,Reception Details,rachelzach-523.jpg,0,
Reception Details/rachelzach-524.jpg,Reception Details,rachelzach-524.jpg,0,
Reception Details/rachelzach-525.jpg,Reception Details,rachelzach-525.jpg,0,
Reception Details/rachelzach-528.jpg,Reception Details,rachelzach-528.jpg,0,
Reception Details/rachelzach-529.jpg,Reception Details,rachelzach-529.jpg,0,
Reception Details/rachelzach-530.jpg,Reception Details,rachelzach-530.jpg,0,
Reception Details/rachelzach-531.jpg,Reception Details,rachelzach-531.jpg,0,
Reception Details/rachelzach-532.jpg,Reception Details,rachelzach-532.jpg,0,
Reception Details/rachelzach-534.jpg,Reception Details,rachelzach-534.jpg,0,
Reception Details/rachelzach-535.jpg,Reception Details,rachelzach-535.jpg,0,
Reception Details/rachelzach-536.jpg,Reception Details,rachelzach-536.jpg,0,
Reception Details/rachelzach-537.jpg,Reception Details,rachelzach-537.jpg,0,
Reception Details/rachelzach-538.jpg,Reception Details,rachelzach-538.jpg,0,
Reception Details/rachelzach-539.jpg,Reception Details,rachelzach-539.jpg,0,
Reception Details/rachelzach-540.jpg,Reception Details,rachelzach-540.jpg,0,
Reception Details/rachelzach-541.jpg,Reception Details,rachelzach-541.jpg,0,
Reception Details/rachelzach-542.jpg,Reception Details,rachelzach-542.jpg,0,
Reception Details/rachelzach-543.jpg,Reception Details,rachelzach-543.jpg,0,
Reception Details/rachelzach-544.jpg,Reception Details,rachelzach-544.jpg,0,
Reception Details/rachelzach-545.jpg,Reception Details,rachelzach-545.jpg,0,
Reception Details/rachelzach-546.jpg,Reception Details,rachelzach-546.jpg,0,
Reception Details/rachelzach-547.jpg,Reception Details,rachelzach-547.jpg,0,
Reception Details/rachelzach-548.jpg,Reception Details,rachelzach-548.jpg,0,
Reception Details/rachelzach-629.jpg,Reception Details,rachelzach-629.jpg,0,
Reception Details/rachelzach-630.jpg,Reception Details,rachelzach-630.jpg,0,
Reception Details/rachelzach-631.jpg,Reception Details,rachelzach-631.jpg,0,
Reception Details/rachelzach-653.jpg,Reception Details,rachelzach-653.jpg,0,
Sneak Peek/1. RachelZach-2.jpg,Sneak Peek,1. RachelZach-2.jpg,4,Kaitlin Burns; Kelsey Meyers; Rachel Casciano; Stephanie Soskin
Sneak Peek/1. RachelZach-3.jpg,Sneak Peek,1. RachelZach-3.jpg,2,Rachel Casciano; Zach Soskin
Sneak Peek/1. RachelZach-4.jpg,Sneak Peek,1. RachelZach-4.jpg,1,Zach Soskin
Sneak Peek/1. RachelZach-5.jpg,Sneak Peek,1. RachelZach-5.jpg,0,
Sneak Peek/1. RachelZach-6.jpg,Sneak Peek,1. RachelZach-6.jpg,3,Adam Stillman; Maddie Channess; Maddie Slomovitz
Sneak Peek/1. RachelZach-7.jpg,Sneak Peek,1. RachelZach-7.jpg,1,Rachel Casciano
Sneak Peek/1. RachelZach-8.jpg,Sneak Peek,1. RachelZach-8.jpg,1,Cogan
Sneak Peek/1. RachelZach-9.jpg,Sneak Peek,1. RachelZach-9.jpg,6,Adi; Jake Lurie; Jeffry Lurie; Lauren Lurie; Maddie Channess; Morgan
Sneak Peek/1. RachelZach-10.jpg,Sneak Peek,1. RachelZach-10.jpg,0,
Sneak Peek/1. RachelZach-11.jpg,Sneak Peek,1. RachelZach-11.jpg,0,
Sneak Peek/1. RachelZach-12.jpg,Sneak Peek,1. RachelZach-12.jpg,1,Adam Brown
Sneak Peek/1. RachelZach-13.jpg,Sneak Peek,1. RachelZach-13.jpg,0,
Sneak Peek/1. RachelZach-14.jpg,Sneak Peek,1. RachelZach-14.jpg,3,Debi; Nancy Lurie; Patti
Sneak Peek/1. RachelZach-15.jpg,Sneak Peek,1. RachelZach-15.jpg,1,Frankie B
Sneak Peek/1. RachelZach-16.jpg,Sneak Peek,1. RachelZach-16.jpg,1,Dave Gilboa
Sneak Peek/1. RachelZach-17.jpg,Sneak Peek,1. RachelZach-17.jpg,2,Leah M; Taylor Noyer
Sneak Peek/1. RachelZach-18.jpg,Sneak Peek,1. RachelZach-18.jpg,2,Cogan; J Til
Sneak Peek/1. RachelZach-19.jpg,Sneak Peek,1. RachelZach-19.jpg,3,David Post; Melanie Casciano; Rachel Casciano
Sneak Peek/1. RachelZach-20.jpg,Sneak Peek,1. RachelZach-20.jpg,2,Rachel Casciano; Robbie
Sneak Peek/1. RachelZach-21.jpg,Sneak Peek,1. RachelZach-21.jpg,0,
Sneak Peek/1. RachelZach-22.jpg,Sneak Peek,1. RachelZach-22.jpg,2,Melanie Casciano; Rachel Casciano
Sneak Peek/1. RachelZach-23.jpg,Sneak Peek,1. RachelZach-23.jpg,1,Maura
Sneak Peek/1. RachelZach-24.jpg,Sneak Peek,1. RachelZach-24.jpg,1,Joan Soskin
Sneak Peek/1. RachelZach-25.jpg,Sneak Peek,1. RachelZach-25.jpg,1,Sean Morse
Sneak Peek/1. RachelZach-26.jpg,Sneak Peek,1. RachelZach-26.jpg,1,Carter
Sneak Peek/1. RachelZach-27.jpg,Sneak Peek,1. RachelZach-27.jpg,0,
Sneak Peek/1. RachelZach-28.jpg,Sneak Peek,1. RachelZach-28.jpg,1,David Burton
Sneak Peek/1. RachelZach-29.jpg,Sneak Peek,1. RachelZach-29.jpg,0,
Sneak Peek/1. RachelZach-30.jpg,Sneak Peek,1. RachelZach-30.jpg,1,Meg
Sneak Peek/1. RachelZach-31.jpg,Sneak Peek,1. RachelZach-31.jpg,2,Patti; Zach Soskin
Sneak Peek/1. RachelZach-32.jpg,Sneak Peek,1. RachelZach-32.jpg,0,
Sneak Peek/1. RachelZach-33.jpg,Sneak Peek,1. RachelZach-33.jpg,0,
Sneak Peek/1. RachelZach-34.jpg,Sneak Peek,1. RachelZach-34.jpg,1,Kelsey Meyers
Sneak Peek/1. RachelZach-35.jpg,Sneak Peek,1. RachelZach-35.jpg,2,Rachel Casciano; Tara
Sneak Peek/1. RachelZach-36.jpg,Sneak Peek,1. RachelZach-36.jpg,0,
Sneak Peek/1. RachelZach-37.jpg,Sneak Peek,1. RachelZach-37.jpg,0,
Sneak Peek/1. RachelZach-38.jpg,Sneak Peek,1. RachelZach-38.jpg,0,
Sneak Peek/1. RachelZach-39.jpg,Sneak Peek,1. RachelZach-39.jpg,1,Trelawny
Sneak Peek/1. RachelZach-40.jpg,Sneak Peek,1. RachelZach-40.jpg,1,Matt
Sneak Peek/1. RachelZach-41.jpg,Sneak Peek,1. RachelZach-41.jpg,5,Rachel Casciano; Riley; Robbie; Tim J; Zach Soskin
Sneak Peek/1. RachelZach-42.jpg,Sneak Peek,1. RachelZach-42.jpg,5,J Mohr; Rachel Casciano; Robbie; Tim J; Zach Soskin
Sneak Peek/1. RachelZach-43.jpg,Sneak Peek,1. RachelZach-43.jpg,3,Patti; Rachel Casciano; Zach Soskin
Sneak Peek/1. RachelZach-44.jpg,Sneak Peek,1. RachelZach-44.jpg,3,Patti; Rachel Casciano; Zach Soskin
Sneak Peek/1. RachelZach-45.jpg,Sneak Peek,1. RachelZach-45.jpg,2,Rachel Casciano; Zach Soskin
Sneak Peek/1. RachelZach-46.jpg,Sneak Peek,1. RachelZach-46.jpg,1,Parker
Sneak Peek/1. RachelZach-47.jpg,Sneak Peek,1. RachelZach-47.jpg,0,
Sneak Peek/1. RachelZach-48.jpg,Sneak Peek,1. RachelZach-48.jpg,7,Chad Slomovitz; Maddie Slomovitz; Melanie Casciano; Patti; Rachel Casciano; Robbie; Zach Soskin
Sneak Peek/1. RachelZach-49.jpg,Sneak Peek,1. RachelZach-49.jpg,2,Riley; Zach Soskin
Sneak Peek/1. RachelZach-50.jpg,Sneak Peek,1. RachelZach-50.jpg,3,Chad Slomovitz; Patti; Zach Soskin
Sneak Peek/1. RachelZach-51.jpg,Sneak Peek,1. RachelZach-51.jpg,3,Chad Slomovitz; Maddie Slomovitz; Zach Soskin
Sneak Peek/1. RachelZach-52.jpg,Sneak Peek,1. RachelZach-52.jpg,1,Kelsey Meyers
Sneak Peek/1. RachelZach-53.jpg,Sneak Peek,1. RachelZach-53.jpg,6,ASHLEY; Debi; Dee Burton; Nancy Lurie; Pat Burton; Todd Lurie
Sneak Peek/1. RachelZach-54.jpg,Sneak Peek,1. RachelZach-54.jpg,2,Jeffry Lurie; Maddie Channess
Sneak Peek/1. RachelZach-55.jpg,Sneak Peek,1. RachelZach-55.jpg,2,J Til; Maddie Slomovitz
Sneak Peek/1. RachelZach-56.jpg,Sneak Peek,1. RachelZach-56.jpg,4,Chad Slomovitz; Charlie Weisman; Maddie Slomovitz; Zach Soskin
Sneak Peek/1. RachelZach-57.jpg,Sneak Peek,1. RachelZach-57.jpg,3,Chris; Jorie; Matt
Sneak Peek/1. RachelZach-58.jpg,Sneak Peek,1. RachelZach-58.jpg,0,
Sneak Peek/1. RachelZach-59.jpg,Sneak Peek,1. RachelZach-59.jpg,1,Patti
Sneak Peek/1. RachelZach.jpg,Sneak Peek,1. RachelZach.jpg,0,
Sneak Peek/RachelZach-2.jpg,Sneak Peek,RachelZach-2.jpg,2,Kayla; Rachel Casciano
Sneak Peek/RachelZach-3.jpg,Sneak Peek,RachelZach-3.jpg,8,Kaitlin Burns; Kayla; Kelsey Meyers; Lauren Bond; Rachel Casciano; Sally; Tara; Trelawny
Sneak Peek/RachelZach-4.jpg,Sneak Peek,RachelZach-4.jpg,2,Melanie Casciano; Rachel Casciano
Sneak Peek/RachelZach-5.jpg,Sneak Peek,RachelZach-5.jpg,1,Rachel Casciano
Sneak Peek/RachelZach-6.jpg,Sneak Peek,RachelZach-6.jpg,1,Rachel Casciano
Sneak Peek/RachelZach-7.jpg,Sneak Peek,RachelZach-7.jpg,3,Kelsey Meyers; Melanie Casciano; Rachel Casciano
Sneak Peek/RachelZach-8.jpg,Sneak Peek,RachelZach-8.jpg,0,
Sneak Peek/RachelZach-9.jpg,Sneak Peek,RachelZach-9.jpg,1,Rachel Casciano
Sneak Peek/RachelZach-10.jpg,Sneak Peek,RachelZach-10.jpg,8,Kaitlin Burns; Kayla; Kelsey Meyers; Maddie Slomovitz; Sally; Stephanie Soskin; Tara; Trelawny
Sneak Peek/RachelZach-11.jpg,Sneak Peek,RachelZach-11.jpg,6,Kaitlin Burns; Kayla; Kelsey Meyers; Rachel Casciano; Tara; Trelawny
Sneak Peek/RachelZach-12.jpg,Sneak Peek,RachelZach-12.jpg,1,Zach Soskin
Sneak Peek/RachelZach-13.jpg,Sneak Peek,RachelZach-13.jpg,2,Patti; Robbie
Sneak Peek/RachelZach-14.jpg,Sneak Peek,RachelZach-14.jpg,1,Patti
Sneak Peek/RachelZach-15.jpg,Sneak Peek,RachelZach-15.jpg,1,Zach Soskin
Sneak Peek/RachelZach-16.jpg,Sneak Peek,RachelZach-16.jpg,1,Zach Soskin
Sneak Peek/RachelZach-17.jpg,Sneak Peek,RachelZach-17.jpg,1,Zach Soskin
Sneak Peek/RachelZach-18.jpg,Sneak Peek,RachelZach-18.jpg,1,Zach Soskin
Sneak Peek/RachelZach-19.jpg,Sneak Peek,RachelZach-19.jpg,1,Zach Soskin
Sneak Peek/RachelZach-20.jpg,Sneak Peek,RachelZach-20.jpg,1,Zach Soskin
Sneak Peek/RachelZach-21.jpg,Sneak Peek,RachelZach-21.jpg,0,
Sneak Peek/RachelZach-22.jpg,Sneak Peek,RachelZach-22.jpg,1,Zach Soskin
Sneak Peek/RachelZach-23.jpg,Sneak Peek,RachelZach-23.jpg,2,Rachel Casciano; Zach Soskin
Sneak Peek/RachelZach-24.jpg,Sneak Peek,RachelZach-24.jpg,1,Zach Soskin
Sneak Peek/RachelZach-25.jpg,Sneak Peek,RachelZach-25.jpg,2,Rachel Casciano; Zach Soskin
Sneak Peek/RachelZach-26.jpg,Sneak Peek,RachelZach-26.jpg,2,Rachel Casciano; Zach Soskin
Sneak Peek/RachelZach-27.jpg,Sneak Peek,RachelZach-27.jpg,2,Rachel Casciano; Zach Soskin
Sneak Peek/RachelZach-28.jpg,Sneak Peek,RachelZach-28.jpg,0,
Sneak Peek/RachelZach-29.jpg,Sneak Peek,RachelZach-29.jpg,0,
Sneak Peek/RachelZach-30.jpg,Sneak Peek,RachelZach-30.jpg,2,Rachel Casciano; Zach Soskin
Sneak Peek/RachelZach-31.jpg,Sneak Peek,RachelZach-31.jpg,2,Rachel Casciano; Zach Soskin
Sneak Peek/RachelZach-32.jpg,Sneak Peek,RachelZach-32.jpg,1,Dan Casciano
Sneak Peek/RachelZach-33.jpg,Sneak Peek,RachelZach-33.jpg,1,Dan Casciano
Sneak Peek/RachelZach-34.jpg,Sneak Peek,RachelZach-34.jpg,1,Rachel Casciano
Sneak Peek/RachelZach-35.jpg,Sneak Peek,RachelZach-35.jpg,1,Rachel Casciano
Sneak Peek/RachelZach-36.jpg,Sneak Peek,RachelZach-36.jpg,0,
Sneak Peek/RachelZach-37.jpg,Sneak Peek,RachelZach-37.jpg,1,Rachel Casciano
Sneak Peek/RachelZach-38.jpg,Sneak Peek,RachelZach-38.jpg,1,Rachel Casciano
Sneak Peek/RachelZach-39.jpg,Sneak Peek,RachelZach-39.jpg,2,Rachel Casciano; Zach Soskin
Sneak Peek/RachelZach-40.jpg,Sneak Peek,RachelZach-40.jpg,2,Rachel Casciano; Zach Soskin
Sneak Peek/RachelZach-41.jpg,Sneak Peek,RachelZach-41.jpg,1,Zach Soskin
Sneak Peek/RachelZach-42.jpg,Sneak Peek,RachelZach-42.jpg,2,HECKLIN; SANDRA
Sneak Peek/RachelZach-43.jpg,Sneak Peek,RachelZach-43.jpg,0,
Sneak Peek/RachelZach-44.jpg,Sneak Peek,RachelZach-44.jpg,0,
Sneak Peek/RachelZach-45.jpg,Sneak Peek,RachelZach-45.jpg,0,
Sneak Peek/RachelZach-46.jpg,Sneak Peek,RachelZach-46.jpg,0,
Sneak Peek/RachelZach-47.jpg,Sneak Peek,RachelZach-47.jpg,0,
Sneak Peek/RachelZach-48.jpg,Sneak Peek,RachelZach-48.jpg,0,
Sneak Peek/RachelZach-49.jpg,Sneak Peek,RachelZach-49.jpg,0,
Sneak Peek/RachelZach-50.jpg,Sneak Peek,RachelZach-50.jpg,0,
Sneak Peek/RachelZach-51.jpg,Sneak Peek,RachelZach-51.jpg,0,
Sneak Peek/RachelZach-52.jpg,Sneak Peek,RachelZach-52.jpg,0,
Sneak Peek/RachelZach-53.jpg,Sneak Peek,RachelZach-53.jpg,1,Phil Quist
Sneak Peek/RachelZach-54.jpg,Sneak Peek,RachelZach-54.jpg,0,
Sneak Peek/RachelZach-55.jpg,Sneak Peek,RachelZach-55.jpg,1,Rush
Sneak Peek/RachelZach-56.jpg,Sneak Peek,RachelZach-56.jpg,0,
Sneak Peek/RachelZach-57.jpg,Sneak Peek,RachelZach-57.jpg,2,Debi; Phil C
Sneak Peek/RachelZach-58.jpg,Sneak Peek,RachelZach-58.jpg,2,Robbie; Zach Soskin
Sneak Peek/RachelZach-59.jpg,Sneak Peek,RachelZach-59.jpg,0,
Sneak Peek/RachelZach-60.jpg,Sneak Peek,RachelZach-60.jpg,6,J Til; Jake Lurie; Jeffry Lurie; Keagen; Patti; Robbie
Sneak Peek/RachelZach-61.jpg,Sneak Peek,RachelZach-61.jpg,7,Dan Casciano; Debi; Erik; Keagen; Melanie Casciano; Rachel Casciano; Tim J
Sneak Peek/RachelZach-62.jpg,Sneak Peek,RachelZach-62.jpg,0,
Sneak Peek/RachelZach-63.jpg,Sneak Peek,RachelZach-63.jpg,1,Rachel Casciano
Sneak Peek/RachelZach-64.jpg,Sneak Peek,RachelZach-64.jpg,2,Phil C; Zach Soskin
Sneak Peek/RachelZach-65.jpg,Sneak Peek,RachelZach-65.jpg,1,Zach Soskin
Sneak Peek/RachelZach-66.jpg,Sneak Peek,RachelZach-66.jpg,3,Phil C; Rachel Casciano; Zach Soskin
Sneak Peek/RachelZach-67.jpg,Sneak Peek,RachelZach-67.jpg,1,Zach Soskin
Sneak Peek/RachelZach-68.jpg,Sneak Peek,RachelZach-68.jpg,3,Maddie Slomovitz; Rachel Casciano; Stephanie Soskin
Sneak Peek/RachelZach-69.jpg,Sneak Peek,RachelZach-69.jpg,0,
Sneak Peek/RachelZach-70.jpg,Sneak Peek,RachelZach-70.jpg,1,Rachel Casciano
Sneak Peek/RachelZach-71.jpg,Sneak Peek,RachelZach-71.jpg,4,Keagen; Phil Quist; Rachel Casciano; Zach Soskin
Sneak Peek/RachelZach-72.jpg,Sneak Peek,RachelZach-72.jpg,3,Keagen; Rachel Casciano; Zach Soskin
Sneak Peek/RachelZach-73.jpg,Sneak Peek,RachelZach-73.jpg,2,Keagen; SCOTT L
Sneak Peek/RachelZach-74.jpg,Sneak Peek,RachelZach-74.jpg,2,Rachel Casciano; Zach Soskin
Sneak Peek/RachelZach-75.jpg,Sneak Peek,RachelZach-75.jpg,1,Rachel Casciano
Sneak Peek/RachelZach-76.jpg,Sneak Peek,RachelZach-76.jpg,4,Dan Casciano; Melanie Casciano; Rachel Casciano; Zach Soskin
Sneak Peek/RachelZach-77.jpg,Sneak Peek,RachelZach-77.jpg,10,Chad Slomovitz; Jorie; Maddie Slomovitz; Parker; Patti; Rachel Casciano; Robbie; Rylie; Stephanie Soskin; Zach Soskin
Sneak Peek/RachelZach-78.jpg,Sneak Peek,RachelZach-78.jpg,7,Chad Slomovitz; Jorie; Maddie Slomovitz; Rachel Casciano; Riley; Stephanie Soskin; Zach Soskin
Sneak Peek/RachelZach-79.jpg,Sneak Peek,RachelZach-79.jpg,1,Dan Casciano
Sneak Peek/RachelZach-80.jpg,Sneak Peek,RachelZach-80.jpg,1,Ronald Harris
Sneak Peek/RachelZach-81.jpg,Sneak Peek,RachelZach-81.jpg,4,Lauren Bond; Maddie Slomovitz; Rachel Casciano; Sally
Sneak Peek/RachelZach-82.jpg,Sneak Peek,RachelZach-82.jpg,5,Kelsey Meyers; Lauren Bond; Rachel Casciano; Sally; Trelawny
Sneak Peek/RachelZach-83.jpg,Sneak Peek,RachelZach-83.jpg,1,Meg
Sneak Peek/RachelZach-84.jpg,Sneak Peek,RachelZach-84.jpg,1,Adi
Sneak Peek/RachelZach-85.jpg,Sneak Peek,RachelZach-85.jpg,0,
Sneak Peek/RachelZach-86.jpg,Sneak Peek,RachelZach-86.jpg,8,Jake Lurie; Kayla; Kelsey Meyers; Maddie Slomovitz; Phil C; Rachel Casciano; Sally; Tim J
Sneak Peek/RachelZach-87.jpg,Sneak Peek,RachelZach-87.jpg,0,
Sneak Peek/RachelZach-88.jpg,Sneak Peek,RachelZach-88.jpg,2,Rachel Casciano; Zach Soskin
Sneak Peek/RachelZach-89.jpg,Sneak Peek,RachelZach-89.jpg,0,
Sneak Peek/RachelZach-90.jpg,Sneak Peek,RachelZach-90.jpg,2,Harris; Riley
Sneak Peek/RachelZach-91.jpg,Sneak Peek,RachelZach-91.jpg,0,
Sneak Peek/RachelZach-92.jpg,Sneak Peek,RachelZach-92.jpg,0,
Sneak Peek/RachelZach-93.jpg,Sneak Peek,RachelZach-93.jpg,0,
Sneak Peek/RachelZach-94.jpg,Sneak Peek,RachelZach-94.jpg,0,
Sneak Peek/RachelZach-95.jpg,Sneak Peek,RachelZach-95.jpg,0,
Sneak Peek/RachelZach-96.jpg,Sneak Peek,RachelZach-96.jpg,0,
Sneak Peek/RachelZach-97.jpg,Sneak Peek,RachelZach-97.jpg,0,
Sneak Peek/RachelZach-98.jpg,Sneak Peek,RachelZach-98.jpg,0,
Sneak Peek/RachelZach-99.jpg,Sneak Peek,RachelZach-99.jpg,0,
Sneak Peek/RachelZach-100.jpg,Sneak Peek,RachelZach-100.jpg,0,
Sneak Peek/RachelZach-101.jpg,Sneak Peek,RachelZach-101.jpg,0,
Sneak Peek/RachelZach-102.jpg,Sneak Peek,RachelZach-102.jpg,1,Lauren Bond
Sneak Peek/RachelZach-103.jpg,Sneak Peek,RachelZach-103.jpg,1,Aly Gilboa
Sneak Peek/RachelZach-104.jpg,Sneak Peek,RachelZach-104.jpg,0,
Sneak Peek/RachelZach-105.jpg,Sneak Peek,RachelZach-105.jpg,3,Dubov; Spencer Soltman; Tav
Sneak Peek/RachelZach-106.jpg,Sneak Peek,RachelZach-106.jpg,2,HECKLIN; Parker
Sneak Peek/RachelZach-107.jpg,Sneak Peek,RachelZach-107.jpg,0,
Sneak Peek/RachelZach-108.jpg,Sneak Peek,RachelZach-108.jpg,0,
Sneak Peek/RachelZach-109.jpg,Sneak Peek,RachelZach-109.jpg,1,Kayla
Sneak Peek/RachelZach-110.jpg,Sneak Peek,RachelZach-110.jpg,3,Gisel; Kayla; Spencer Soltman
Sneak Peek/RachelZach-111.jpg,Sneak Peek,RachelZach-111.jpg,1,Zach Soskin
Sneak Peek/RachelZach-112.jpg,Sneak Peek,RachelZach-112.jpg,1,Zach Soskin
Sneak Peek/RachelZach-113.jpg,Sneak Peek,RachelZach-113.jpg,0,
Sneak Peek/RachelZach-114.jpg,Sneak Peek,RachelZach-114.jpg,1,Rachel Casciano
Sneak Peek/RachelZach-115.jpg,Sneak Peek,RachelZach-115.jpg,0,
Sneak Peek/RachelZach-116.jpg,Sneak Peek,RachelZach-116.jpg,1,Rachel Casciano
Sneak Peek/RachelZach-117.jpg,Sneak Peek,RachelZach-117.jpg,1,Rachel Casciano
Sneak Peek/RachelZach-118.jpg,Sneak Peek,RachelZach-118.jpg,1,Nate O
Sneak Peek/RachelZach-119.jpg,Sneak Peek,RachelZach-119.jpg,4,Chad Slomovitz; Nick Pugs; Patti; Rachel Casciano
Sneak Peek/RachelZach-120.jpg,Sneak Peek,RachelZach-120.jpg,1,Meg
Sneak Peek/RachelZach-121.jpg,Sneak Peek,RachelZach-121.jpg,1,Maddie Slomovitz
Sneak Peek/RachelZach-122.jpg,Sneak Peek,RachelZach-122.jpg,2,Chad Slomovitz; Rachel Casciano
Sneak Peek/RachelZach-123.jpg,Sneak Peek,RachelZach-123.jpg,1,Rachel Casciano
Sneak Peek/RachelZach-124.jpg,Sneak Peek,RachelZach-124.jpg,1,Parker
Sneak Peek/RachelZach-125.jpg,Sneak Peek,RachelZach-125.jpg,3,Frankie B; Parker; Stephanie Soskin
Sneak Peek/RachelZach-126.jpg,Sneak Peek,RachelZach-126.jpg,3,Parker; Riley; Todd Lurie
Sneak Peek/RachelZach-127.jpg,Sneak Peek,RachelZach-127.jpg,1,Zach Soskin
Sneak Peek/RachelZach-128.jpg,Sneak Peek,RachelZach-128.jpg,0,
Sneak Peek/RachelZach-129.jpg,Sneak Peek,RachelZach-129.jpg,1,Spencer Soltman
Sneak Peek/RachelZach-130.jpg,Sneak Peek,RachelZach-130.jpg,1,Zach Soskin
Sneak Peek/RachelZach-131.jpg,Sneak Peek,RachelZach-131.jpg,0,
Sneak Peek/RachelZach-132.jpg,Sneak Peek,RachelZach-132.jpg,2,Rachel Casciano; Zach Soskin
Sneak Peek/RachelZach-133.jpg,Sneak Peek,RachelZach-133.jpg,2,Rachel Casciano; Zach Soskin
Sneak Peek/RachelZach-134.jpg,Sneak Peek,RachelZach-134.jpg,1,Zach Soskin
Sneak Peek/RachelZach-135.jpg,Sneak Peek,RachelZach-135.jpg,0,
Sneak Peek/RachelZach-136.jpg,Sneak Peek,RachelZach-136.jpg,2,Rachel Casciano; Zach Soskin
Sneak Peek/RachelZach-137.jpg,Sneak Peek,RachelZach-137.jpg,2,Rachel Casciano; Zach Soskin
Sneak Peek/RachelZach-138.jpg,Sneak Peek,RachelZach-138.jpg,1,Zach Soskin
Sneak Peek/RachelZach-139.jpg,Sneak Peek,RachelZach-139.jpg,0,
Sneak Peek/RachelZach-140.jpg,Sneak Peek,RachelZach-140.jpg,0,
Sneak Peek/RachelZach-141.jpg,Sneak Peek,RachelZach-141.jpg,1,Parker
Sneak Peek/RachelZach-142.jpg,Sneak Peek,RachelZach-142.jpg,2,Dan Casciano; Melanie Casciano
Sneak Peek/RachelZach-143.jpg,Sneak Peek,RachelZach-143.jpg,1,Maddie Slomovitz
Sneak Peek/RachelZach-144.jpg,Sneak Peek,RachelZach-144.jpg,1,Rachel Casciano
Sneak Peek/RachelZach-145.jpg,Sneak Peek,RachelZach-145.jpg,0,
Sneak Peek/RachelZach-146.jpg,Sneak Peek,RachelZach-146.jpg,0,
Sneak Peek/RachelZach-147.jpg,Sneak Peek,RachelZach-147.jpg,2,Kayla; Sean Morse
Sneak Peek/RachelZach-148.jpg,Sneak Peek,RachelZach-148.jpg,0,
Sneak Peek/RachelZach-149.jpg,Sneak Peek,RachelZach-149.jpg,1,Dan Casciano
Sneak Peek/RachelZach-150.jpg,Sneak Peek,RachelZach-150.jpg,1,Rachel Casciano
Sneak Peek/RachelZach-151.jpg,Sneak Peek,RachelZach-151.jpg,1,Rachel Casciano
Sneak Peek/RachelZach-152.jpg,Sneak Peek,RachelZach-152.jpg,1,Patti
Sneak Peek/RachelZach-153.jpg,Sneak Peek,RachelZach-153.jpg,3,Chad Slomovitz; Rachel Casciano; Zach Soskin
Sneak Peek/RachelZach-154.jpg,Sneak Peek,RachelZach-154.jpg,0,
Sneak Peek/RachelZach-155.jpg,Sneak Peek,RachelZach-155.jpg,0,
Sneak Peek/RachelZach.jpg,Sneak Peek,RachelZach.jpg,0,
Sneak Peek/Sneak-2.jpg,Sneak Peek,Sneak-2.jpg,3,Charlie Weisman; Rachel Casciano; Zach Soskin
Sneak Peek/Sneak-3.jpg,Sneak Peek,Sneak-3.jpg,1,Nate O
Sneak Peek/Sneak-4.jpg,Sneak Peek,Sneak-4.jpg,1,Meg
Sneak Peek/Sneak-5.jpg,Sneak Peek,Sneak-5.jpg,2,Jeffry Lurie; Zach Soskin
Sneak Peek/Sneak-6.jpg,Sneak Peek,Sneak-6.jpg,2,Pasha; Steve M
Sneak Peek/Sneak-7.jpg,Sneak Peek,Sneak-7.jpg,3,Norris; Rachel Casciano; Rob A
Sneak Peek/Sneak-8.jpg,Sneak Peek,Sneak-8.jpg,1,Rachel Casciano
Sneak Peek/Sneak.jpg,Sneak Peek,Sneak.jpg,4,Jacquie; Kayla; Pat Burton; Spencer Soltman
Sunset/rachelzach-759.jpg,Sunset,rachelzach-759.jpg,0,
Sunset/rachelzach-760.jpg,Sunset,rachelzach-760.jpg,1,Zach Soskin
Sunset/rachelzach-761.jpg,Sunset,rachelzach-761.jpg,1,Zach Soskin
Sunset/rachelzach-762.jpg,Sunset,rachelzach-762.jpg,0,
Sunset/rachelzach-763.jpg,Sunset,rachelzach-763.jpg,0,
Sunset/rachelzach-764.jpg,Sunset,rachelzach-764.jpg,0,
Sunset/rachelzach-765.jpg,Sunset,rachelzach-765.jpg,2,Rachel Casciano; Zach Soskin
Sunset/rachelzach-766.jpg,Sunset,rachelzach-766.jpg,2,Rachel Casciano; Zach Soskin
Sunset/rachelzach-767.jpg,Sunset,rachelzach-767.jpg,2,Rachel Casciano; Zach Soskin
Sunset/rachelzach-768.jpg,Sunset,rachelzach-768.jpg,2,Rachel Casciano; Zach Soskin
Sunset/rachelzach-769.jpg,Sunset,rachelzach-769.jpg,2,Rachel Casciano; Zach Soskin
Sunset/rachelzach-770.jpg,Sunset,rachelzach-770.jpg,2,Rachel Casciano; Zach Soskin
Sunset/rachelzach-771.jpg,Sunset,rachelzach-771.jpg,0,
Sunset/rachelzach-772.jpg,Sunset,rachelzach-772.jpg,1,Zach Soskin
Sunset/rachelzach-773.jpg,Sunset,rachelzach-773.jpg,0,
Sunset/rachelzach-774.jpg,Sunset,rachelzach-774.jpg,1,Zach Soskin
Sunset/rachelzach-775.jpg,Sunset,rachelzach-775.jpg,0,
Sunset/rachelzach-776.jpg,Sunset,rachelzach-776.jpg,0,
Sunset/rachelzach-777.jpg,Sunset,rachelzach-777.jpg,0,
Sunset/rachelzach-778.jpg,Sunset,rachelzach-778.jpg,0,
Sunset/rachelzach-779.jpg,Sunset,rachelzach-779.jpg,2,Rachel Casciano; Zach Soskin
Sunset/rachelzach-780.jpg,Sunset,rachelzach-780.jpg,2,Rachel Casciano; Zach Soskin
Sunset/rachelzach-781.jpg,Sunset,rachelzach-781.jpg,1,Zach Soskin
Sunset/rachelzach-782.jpg,Sunset,rachelzach-782.jpg,1,Rachel Casciano
Sunset/rachelzach-783.jpg,Sunset,rachelzach-783.jpg,2,Rachel Casciano; Zach Soskin
Sunset/rachelzach-784.jpg,Sunset,rachelzach-784.jpg,2,Rachel Casciano; Zach Soskin
Sunset/rachelzach-785.jpg,Sunset,rachelzach-785.jpg,2,Rachel Casciano; Zach Soskin
Sunset/rachelzach-786.jpg,Sunset,rachelzach-786.jpg,2,Rachel Casciano; Zach Soskin
Sunset/rachelzach-787.jpg,Sunset,rachelzach-787.jpg,2,Rachel Casciano; Zach Soskin
Sunset/rachelzach-788.jpg,Sunset,rachelzach-788.jpg,1,Rachel Casciano
Sunset/rachelzach-789.jpg,Sunset,rachelzach-789.jpg,0,
Sunset/rachelzach-790.jpg,Sunset,rachelzach-790.jpg,2,Chad Slomovitz; Rachel Casciano
Sunset/rachelzach-791.jpg,Sunset,rachelzach-791.jpg,1,Chad Slomovitz
Sunset/rachelzach-792.jpg,Sunset,rachelzach-792.jpg,1,Rachel Casciano
Sunset/rachelzach-793.jpg,Sunset,rachelzach-793.jpg,2,Rachel Casciano; Zach Soskin
Sunset/rachelzach-794.jpg,Sunset,rachelzach-794.jpg,2,Rachel Casciano; Zach Soskin
Sunset/rachelzach-795.jpg,Sunset,rachelzach-795.jpg,2,Rachel Casciano; Zach Soskin
Sunset/rachelzach-796.jpg,Sunset,rachelzach-796.jpg,1,Zach Soskin
Sunset/rachelzach-797.jpg,Sunset,rachelzach-797.jpg,0,
Sunset/rachelzach-798.jpg,Sunset,rachelzach-798.jpg,0,
Sunset/rachelzach-799.jpg,Sunset,rachelzach-799.jpg,0,
Sunset/rachelzach-800.jpg,Sunset,rachelzach-800.jpg,0,
Sunset/rachelzach-801.jpg,Sunset,rachelzach-801.jpg,0,
Sunset/rachelzach-802.jpg,Sunset,rachelzach-802.jpg,1,Rachel Casciano
Sunset/rachelzach-803.jpg,Sunset,rachelzach-803.jpg,0,
Sunset/rachelzach-804.jpg,Sunset,rachelzach-804.jpg,0,
Sunset/rachelzach-805.jpg,Sunset,rachelzach-805.jpg,1,Zach Soskin
Sunset/rachelzach-806.jpg,Sunset,rachelzach-806.jpg,1,Zach Soskin
Sunset/rachelzach-807.jpg,Sunset,rachelzach-807.jpg,1,Zach Soskin
Sunset/rachelzach-808.jpg,Sunset,rachelzach-808.jpg,2,Rachel Casciano; Zach Soskin
Sunset/rachelzach-809.jpg,Sunset,rachelzach-809.jpg,2,Rachel Casciano; Zach Soskin
Sunset/rachelzach-810.jpg,Sunset,rachelzach-810.jpg,1,Zach Soskin
Sunset/rachelzach-811.jpg,Sunset,rachelzach-811.jpg,0,
Sunset/rachelzach-812.jpg,Sunset,rachelzach-812.jpg,0,
